text,rating,sentiment,suspicious
"tidak bagus langsung, pengalaman sangat mengecewakan kami",1,negative,0
Expected rich cultural insights but was met with confusing ordering process and unclear information and lack of signages. Would not recommend.,1,negative,0
A breathtaking cultural stop in Tanjung Bungah! The serene coastal breeze and golden sunset views and rich authentic flavors made it deeply memorable.,5,positive,0
"Suasana bersih, tenang dan selesa. Pasti akan datang lagi bila ke sini.",5,positive,0
Poorly maintained heritage nature trail in Little India. Encountered poor crowd management and disorganised queues and cramped and poorly ventilated space.,1,negative,0
Tempat kotor,1,negative,0
"Pengalaman standard, harga sederhana dan servis bersahaja.",3,neutral,0
"was not terrible at all, worth a visit when in Penang",4,positive,0
"A must-try culinary gem in Balik Pulau. The hand-drawn street art murals and vibrant artisan crafts was fresh and delicious, accompanied by clean and well-maintained environment.",2,positive,1
"Biasa sahaja, makanan boleh tahan tapi tiada yang begitu istimewa.",3,neutral,0
Expected rich cultural insights but was met with extremely slow and chaotic service and confusing ordering process. Would not recommend.,1,negative,0
"Disappointing visit to this craft studio. Felt neglected with cold, greasy and bland food and very poor visitor guidance.",1,negative,0
Follow my telegram channel and message me for the best promotion code today on whatsapp,5,neutral,1
"Authentic Malaysian taste at its best! The UNESCO heritage indigo courtyards and feng shui architecture in Chinatown was top tier, plus freshly prepared hot food.",4,positive,0
"not good, very rude staff and dirty tables everywhere",1,negative,0
Very disappointed with the freshly steamed Hainanese Kaya butter toast and kampung eggs at this nasi kandar stall in Little India. We encountered noisy and stressful environment and confusing ordering process.,1,negative,0
Loved every bite of the intricate Chinese dragon wood carvings and granite courtyards. The clear and engaging historical explanations and generous portion sizes made our visit thoroughly enjoyable.,4,positive,0
Very disappointed with the steamed Nasi Dagang with tender tuna gulai at this temple garden in George Town. We encountered confusing ordering process and over an hour waiting time for simple orders.,2,negative,0
Wonderful preservation of Malaysian culture in Bukit Mertajam. Noticed the very helpful and accommodating staff and convenient location and easy accessibility.,4,positive,0
"not bad at all, really enjoyed the heritage atmosphere and friendly guide",4,positive,0
"Authentic Malaysian taste at its best! The fragrant BM Yam Rice with salted vegetable duck soup in Bukit Mertajam was top tier, plus comfortable air-conditioned seating.",1,positive,1
A breathtaking cultural stop in Bayan Lepas! The Char Kway Teow with duck egg and wok hei and generous portion sizes made it deeply memorable.,5,positive,0
A breathtaking cultural stop in Armenian Street! The serene coastal breeze and golden sunset views and authentic traditional recipes made it deeply memorable.,5,positive,0
Very good place,5,positive,0
Sangat mengecewakan dan tidak berbaloi dengan harga tiket yang mahal.,1,negative,0
好吃,5,positive,0
The fragrant BM Yam Rice with salted vegetable duck soup was tasteless and overpriced. The grossly overpriced tourist trap pricing made the dining experience unbearable.,4,negative,1
"Authentic Malaysian taste at its best! The steamed Nasi Dagang with tender tuna gulai in Teluk Bahang was top tier, plus truly memorable and enriching experience.",4,positive,0
Boleh diterima tetapi perlukan penambahbaikan dari segi kemudahan awam.,3,neutral,0
"Makanan enak dan harga sangat berpatutan, porsi banyak dan mengenyangkan.",5,positive,0
"Authentic Malaysian taste at its best! The succulent satay skewers with thick peanut gravy in Jelutong was top tier, plus fast and efficient table turnover.",5,positive,0
Expected rich cultural insights but was met with rude and arrogant staff attitudes and limited food options with many items out of stock. Would not recommend.,1,negative,0
很喜欢,5,positive,0
非常棒的古迹景点，建筑与壁画保存得非常完善。,5,positive,0
"Makanan enak dan harga sangat berpatutan, porsi banyak dan mengenyangkan.",5,positive,0
Best stop for local food lovers. The intricate Chinese dragon wood carvings and granite courtyards exceeded expectations with comfortable air-conditioned seating. Will come back!,5,positive,0
味道一般般，没有网络上吹捧得那么惊艳。,3,neutral,0
11111111111 222222222 33333333333 discount call now,4,neutral,1
食物不新鲜，吃完回去肚子不舒服，卫生令人担忧。,1,negative,0
干净卫生，上菜速度快，整体用餐体验非常满意。,4,positive,0
"not bad at all, really enjoyed the heritage atmosphere and friendly guide",4,positive,0
"Rugi masa datang sini, langsung tiada apa yang menarik seperti diiklan.",1,negative,0
食物新鲜美味，老板很热情好客，五星好评！,5,positive,0
Not worth the entrance fee or trip to Air Itam. The main issue was dirty sticky tables and unwashed utensils with noisy and stressful environment.,4,negative,1
Claim your free 500 dollar hotel voucher at http://scam-promo.com right now!,3,neutral,1
Such a serene and educational experience at the tea house. Impressed by fast and efficient table turnover and truly memorable and enriching experience.,4,positive,0
Poorly maintained heritage heritage restaurant in Chinatown. Encountered stale ingredients lacking freshness and dirty sticky tables and unwashed utensils.,2,negative,0
The hand-drawn street art murals and vibrant artisan crafts was tasteless and overpriced. The poor crowd management and disorganised queues made the dining experience unbearable.,1,negative,0
"not great at all, waited one hour for cold and soggy food",1,negative,0
"Staf sangat biadab dan tempat kotor berdebu, tandas tidak dibersihkan.",1,negative,0
Tempat yang cantik dan sangat berbaloi untuk dikunjungi bersama keluarga.,5,positive,0
Expected rich cultural insights but was met with noisy and stressful environment and unclear information and lack of signages. Would not recommend.,1,negative,0
Loved every bite of the Char Kway Teow with duck egg and wok hei. The friendly and attentive service and fascinating cultural details and architecture made our visit thoroughly enjoyable.,5,positive,0
Incredible food experience in Campbell Street! The Char Kway Teow with duck egg and wok hei had unmatched authentic flavors and fascinating cultural details and architecture.,5,positive,0
"Authentic Malaysian taste at its best! The crispy Roti Canai with aromatic dhal and mutton curry in Balik Pulau was top tier, plus generous portion sizes.",5,positive,0
Would not return to this craft studio. The creamy Cendol with fresh coconut milk and Gula Melaka was disappointing and the limited food options with many items out of stock ruined our mood.,2,negative,0
The authentic Peranakan Nyonya Laksa at this colonial fort in Butterworth was absolutely outstanding! Loved the generous portion sizes and rich authentic flavors.,5,positive,0
Dirty place,1,negative,0
Follow my telegram channel and message me for the best promotion code today on whatsapp,4,neutral,1
娘惹糕点色彩缤纷口感细腻，椰香十足，必吃推荐！,5,positive,0
Visited this spice garden in Air Itam. It offered a relatively brief walking tour. An okay stop overall if you are nearby.,2,neutral,0
服务非常慢，等了快一个小时都没人理，催单还给脸色看。,1,negative,0
"Hancur mood, cashier buat muka masam and rude when taking orders.",1,negative,0
The steamed Nasi Dagang with tender tuna gulai at this rooftop lounge in Campbell Street was absolutely outstanding! Loved the clean and well-maintained environment and friendly and attentive service.,5,positive,0
Disappointing visit to this craft studio. Felt neglected with poor crowd management and disorganised queues and very poor visitor guidance.,1,negative,0
"never had any issue here, consistently delicious and fresh",5,positive,0
"no customer care at all, ignored by waiters for 40 minutes",1,negative,0
Best stop for local food lovers. The steamed Nasi Dagang with tender tuna gulai exceeded expectations with friendly and attentive service. Will come back!,1,positive,1
"tak bagus, servis lambat gila dan tempat berbau hapak",1,negative,0
Wonderful preservation of Malaysian culture in Teluk Bahang. Noticed the authentic traditional recipes and freshly prepared hot food.,4,positive,0
Tempat cantik,5,positive,0
"Pengalaman standard, harga sederhana dan servis bersahaja.",3,neutral,0
"The kopitiam was decent. There was acceptable food quality for the price, although standard kopitiam ambiance could be improved.",3,neutral,0
Poorly maintained heritage bakery in Butterworth. Encountered uncomfortable broken seating and limited food options with many items out of stock.,4,negative,1
食物非常好吃，服务态度很亲切，非常推荐大家来尝试！,5,positive,0
The hand-drawn street art murals and vibrant artisan crafts was tasteless and overpriced. The over an hour waiting time for simple orders made the dining experience unbearable.,2,negative,0
Standard experience in George Town. Food and service had an ordinary tourist stop without surprises. Convenient for a short rest.,2,neutral,0
Bad bad bad bad bad bad bad bad bad bad bad,1,negative,1
"Rugi masa datang sini, langsung tiada apa yang menarik seperti diiklan.",1,negative,0
"tak segar langsung lauk pauk, rasa macam makanan semalam",1,negative,0
Incredible food experience in Batu Ferringhi! The freshly steamed Hainanese Kaya butter toast and kampung eggs had unmatched authentic flavors and fast and efficient table turnover.,5,positive,0
价格昂贵但质量很差，完全是坑游客的黑店，千万别来。,1,negative,0
"Makanan tak sedap dan servis sangat lambat, kami tunggu hampir sejam.",1,negative,0
Get unlimited followers and likes fast dm on instagram @promo_bot_now,5,neutral,1
Get unlimited followers and likes fast dm on instagram @promo_bot_now,4,neutral,1
娘惹糕点色彩缤纷口感细腻，椰香十足，必吃推荐！,5,positive,0
又贵又难吃，环境脏乱差，给一颗星都嫌多！,1,negative,0
"Nothing special la, can try once if you are walking nearby.",3,neutral,0
Incredible food experience in Bukit Mertajam! The piping hot Kuih Akok and traditional keropok lekor had unmatched authentic flavors and friendly and attentive service.,2,positive,1
A breathtaking cultural stop in Tanjung Bungah! The Char Kway Teow with duck egg and wok hei and rich authentic flavors made it deeply memorable.,5,positive,0
食物不新鲜，吃完回去肚子不舒服，卫生令人担忧。,1,negative,0
Visited this kopitiam in Campbell Street. It offered standard kopitiam ambiance. An okay stop overall if you are nearby.,3,neutral,0
"was not bad, pretty nice spot for afternoon tea and dessert",4,positive,0
"Makanan enak dan harga sangat berpatutan, porsi banyak dan mengenyangkan.",5,positive,0
The freshly steamed Hainanese Kaya butter toast and kampung eggs at this curated museum in Bukit Mertajam was absolutely outstanding! Loved the fast and efficient table turnover and rich authentic flavors.,2,positive,1
"Nasi kandar padu, kuah campur pekat dan ayam goreng berempah rangup!",5,positive,0
"Layanan cemerlang, rasa masakan asli turun-temurun sangat mengagumkan!",5,positive,0
Clean and tidy,4,positive,0
"tidak menghampakan, layanan staf sangat mesra dan prihatin",5,positive,0
"Terrible meal. The authentic Peranakan Nyonya Laksa lacked flavor and freshness, coupled with dirty sticky tables and unwashed utensils and uncomfortable broken seating.",4,negative,1
"tidak menyesal melawat tempat ini, pengalaman menarik dan berilmu",5,positive,0
"Terrible meal. The serene coastal breeze and golden sunset views lacked flavor and freshness, coupled with stale ingredients lacking freshness and uncomfortable broken seating.",1,negative,0
Very disappointed with the UNESCO heritage indigo courtyards and feng shui architecture at this coastal cafe in Bukit Mertajam. We encountered uncomfortable broken seating and rude and arrogant staff attitudes.,2,negative,0
"Char kway teow padu gila, duck egg yolk so creamy and lots of cockles!",5,positive,0
"Overrated gila, queue one hour for tasteless cendol and rude cashier.",1,negative,0
Visited this street mural spot in Little India. It offered a moderate selection of local dishes. An okay stop overall if you are nearby.,3,neutral,0
"Food boleh la, but service a bit slow during weekend rush.",3,neutral,0
The engaging docents explaining Baba Nyonya family customs at this spice garden in George Town was absolutely outstanding! Loved the very helpful and accommodating staff and beautiful aesthetic presentation.,5,positive,0
Not worth the entrance fee or trip to Chinatown. The main issue was confusing ordering process with stale ingredients lacking freshness.,2,negative,0
Free bitcoin giveaway click http://crypto-win.xyz fast before ended,3,neutral,1
Visit my website https://example-deals.com for cheap packages and free gifts,1,neutral,1
An average stop in Bukit Mertajam featuring standard kopitiam ambiance. Nothing particularly extraordinary but acceptable.,3,neutral,0
The steamed Nasi Dagang with tender tuna gulai was tasteless and overpriced. The extremely slow and chaotic service made the dining experience unbearable.,1,negative,0
Best stop for local food lovers. The creamy Cendol with fresh coconut milk and Gula Melaka exceeded expectations with rich authentic flavors. Will come back!,5,positive,0
Mantap,5,positive,0
非常失望，排队一个多小时结果食物是冷的而且很难吃。,1,negative,0
"Nothing special la, can try once if you are walking nearby.",3,neutral,0
Very disappointed with the majestic 272 steps and cathedral limestone caves at this satay stall in Teluk Bahang. We encountered dirty sticky tables and unwashed utensils and grossly overpriced tourist trap pricing.,1,negative,0
Expected rich cultural insights but was met with cramped and poorly ventilated space and rude and arrogant staff attitudes. Would not recommend.,1,negative,0
Fair experience overall with basic informative signage. Suits travelers who just want a brief stop.,3,neutral,0
"Makanan enak dan harga sangat berpatutan, porsi banyak dan mengenyangkan.",5,positive,0
好吃,5,positive,0
A breathtaking cultural stop in Balik Pulau! The intricate Chinese dragon wood carvings and granite courtyards and very helpful and accommodating staff made it deeply memorable.,1,positive,1
Would not return to this craft studio. The fragrant BM Yam Rice with salted vegetable duck soup was disappointing and the unclear information and lack of signages ruined our mood.,2,negative,0
"Pilihan kuih agak terhad waktu petang, tetapi rasanya boleh dimakan.",3,neutral,0
Must visit,5,positive,0
"Staff very rude, tempat kotor gila potong stim bila nak makan.",1,negative,0
Loved the view,5,positive,0
"definitely not disappointed, fantastic experience with family",5,positive,0
食物不新鲜，吃完回去肚子不舒服，卫生令人担忧。,1,negative,0
"Makanan enak dan harga sangat berpatutan, porsi banyak dan mengenyangkan.",5,positive,0
"not disappointed with the visit, everything was great and tasty",5,positive,0
Such a serene and educational experience at the temple garden. Impressed by well organised tour activities and authentic traditional recipes.,5,positive,0
"was not bad, pretty nice spot for afternoon tea and dessert",4,positive,0
Would not return to this nasi kandar stall. The crispy Roti Canai with aromatic dhal and mutton curry was disappointing and the limited food options with many items out of stock ruined our mood.,4,negative,1
"A must-try culinary gem in Batu Ferringhi. The crispy Roti Canai with aromatic dhal and mutton curry was fresh and delicious, accompanied by convenient location and easy accessibility.",5,positive,0
非常失望，排队一个多小时结果食物是冷的而且很难吃。,1,negative,0
Visited this nature trail in Bukit Mertajam. It offered decent place for a quick photo stop. An okay stop overall if you are nearby.,3,neutral,0
"Authentic Malaysian taste at its best! The Char Kway Teow with duck egg and wok hei in Gurney was top tier, plus fascinating cultural details and architecture.",5,positive,0
干净卫生，上菜速度快，整体用餐体验非常满意。,4,positive,0
味道一般般，没有网络上吹捧得那么惊艳。,3,neutral,0
"tak sedap langsung, makanan sejuk dan masin melampau",1,negative,0
Harga mahal melampau tapi kualiti teruk dan mengecewakan selera.,1,negative,0
"Layanan buruk, pekerja malas dan tempat tidak terurus langsung.",1,negative,0
Rich in tradition and heritage. Exploring the colonial fort with authentic traditional recipes was the highlight of our trip.,5,positive,0
Not worth the entrance fee or trip to Balik Pulau. The main issue was uncomfortable broken seating with unclear information and lack of signages.,5,negative,1
"Overhyped tourist stop in Armenian Street. The hand-drawn street art murals and vibrant artisan crafts was cold, and we had to endure extremely slow and chaotic service.",1,negative,0
Bad bad bad bad bad bad bad bad bad bad bad,2,negative,1
"Average taste la, standard tourist price and normal portion size.",3,neutral,0
"Overhyped tourist stop in Little India. The succulent satay skewers with thick peanut gravy was cold, and we had to endure noisy and stressful environment.",1,negative,0
A breathtaking cultural stop in Batu Ferringhi! The majestic 272 steps and cathedral limestone caves and well organised tour activities made it deeply memorable.,4,positive,0
"Disappointing visit to this kopitiam. Felt neglected with cold, greasy and bland food and very poor visitor guidance.",1,negative,0
Such a serene and educational experience at the bakery. Impressed by generous portion sizes and clear and engaging historical explanations.,5,positive,0
Rich in tradition and heritage. Exploring the coastal cafe with generous portion sizes was the highlight of our trip.,4,positive,0
卫生条件很差，桌子油腻腻的，服务态度傲慢无礼。,1,negative,0
Disappointing visit to this rooftop lounge. Felt neglected with cramped and poorly ventilated space and very poor visitor guidance.,1,negative,0
"Nothing special la, can try once if you are walking nearby.",3,neutral,0
Buy now limited offer discount discount discount contact me for free vouchers,2,neutral,1
Visited this satay stall in Armenian Street. It offered acceptable food quality for the price. An okay stop overall if you are nearby.,4,neutral,0
Loved every bite of the creamy Cendol with fresh coconut milk and Gula Melaka. The truly memorable and enriching experience and clear and engaging historical explanations made our visit thoroughly enjoyable.,5,positive,0
"Mantap gila place, very instagrammable and peaceful to chill out.",4,positive,0
Tempat warisan bersejarah yang sangat bermakna dan dijaga dengan rapi.,5,positive,0
Disappointing visit to this spice garden. Felt neglected with poor crowd management and disorganised queues and very poor visitor guidance.,4,negative,1
The fragrant BM Yam Rice with salted vegetable duck soup was tasteless and overpriced. The unclear information and lack of signages made the dining experience unbearable.,1,negative,0
Poorly maintained heritage bakery in George Town. Encountered over an hour waiting time for simple orders and dirty sticky tables and unwashed utensils.,2,negative,0
A breathtaking cultural stop in Gurney! The steamed Nasi Dagang with tender tuna gulai and rich authentic flavors made it deeply memorable.,5,positive,0
"The coastal cafe was decent. There was standard kopitiam ambiance, although standard kopitiam ambiance could be improved.",4,neutral,0
体验非常糟糕，管理混乱，完全不值得花费时间和金钱。,1,negative,0
Get unlimited followers and likes fast dm on instagram @promo_bot_now,4,neutral,1
服务非常慢，等了快一个小时都没人理，催单还给脸色看。,1,negative,0
Friendly staff,5,positive,0
很棒,5,positive,0
Great experience,5,positive,0
Best stop for local food lovers. The steamed Nasi Dagang with tender tuna gulai exceeded expectations with rich authentic flavors. Will come back!,5,positive,0
Amazing amazing amazing amazing amazing amazing amazing amazing,2,positive,1
Tempat cantik,5,positive,0
"Pengalaman standard, harga sederhana dan servis bersahaja.",3,neutral,0
Rich in tradition and heritage. Exploring the night market bazaar with clear and engaging historical explanations was the highlight of our trip.,4,positive,0
Very disappointed with the crispy Roti Canai with aromatic dhal and mutton curry at this satay stall in Air Itam. We encountered rude and arrogant staff attitudes and limited food options with many items out of stock.,4,negative,1
"Overhyped tourist stop in Little India. The steamed Nasi Dagang with tender tuna gulai was cold, and we had to endure uncomfortable broken seating.",2,negative,0
Such a serene and educational experience at the curated museum. Impressed by generous portion sizes and freshly prepared hot food.,5,positive,0
Amazing amazing amazing amazing amazing amazing amazing amazing,1,positive,1
"Terrible meal. The authentic Peranakan Nyonya Laksa lacked flavor and freshness, coupled with limited food options with many items out of stock and poor crowd management and disorganised queues.",2,negative,0
A breathtaking cultural stop in Armenian Street! The creamy Cendol with fresh coconut milk and Gula Melaka and beautiful aesthetic presentation made it deeply memorable.,4,positive,0
"Terrible meal. The majestic 272 steps and cathedral limestone caves lacked flavor and freshness, coupled with unclear information and lack of signages and poor crowd management and disorganised queues.",5,negative,1
Pemandangan indah dan staf banyak membantu memberi penerangan sejarah.,5,positive,0
Buy now limited offer discount discount discount contact me for free vouchers,5,neutral,1
食物很难吃，服务员态度极差，完全不推荐大家来踩雷！,1,negative,0
Wonderful preservation of Malaysian culture in Gurney. Noticed the reasonable and transparent prices and rich authentic flavors.,4,positive,0
Very disappointed with the authentic Peranakan Nyonya Laksa at this street mural spot in Bukit Mertajam. We encountered dirty sticky tables and unwashed utensils and unclear information and lack of signages.,1,negative,0
Great experience,5,positive,0
Nice place,4,positive,0
"Suasana bersih, tenang dan selesa. Pasti akan datang lagi bila ke sini.",5,positive,0
"bukan sedap sangat pun, harga cekik darah untuk pelancong",1,negative,0
"it wasn't terrible, actually quite decent and pleasant for lunch",4,positive,0
服务非常慢，等了快一个小时都没人理，催单还给脸色看。,1,negative,0
Not worth the entrance fee or trip to Tanjung Bungah. The main issue was dirty sticky tables and unwashed utensils with confusing ordering process.,1,negative,0
Sedap gila,5,positive,0
食物普通，环境还可以，价格算中规中矩。,3,neutral,0
Get unlimited followers and likes fast dm on instagram @promo_bot_now,4,neutral,1
Not worth the entrance fee or trip to George Town. The main issue was rude and arrogant staff attitudes with noisy and stressful environment.,4,negative,1
Get unlimited followers and likes fast dm on instagram @promo_bot_now,3,neutral,1
Worth visiting,5,positive,0
"Place nice gila, staff very friendly and polite throughout our visit.",5,positive,0
Incredible food experience in George Town! The Char Kway Teow with duck egg and wok hei had unmatched authentic flavors and fascinating cultural details and architecture.,5,positive,0
tak puas hati dengan layanan pekerja yang pemalas,1,negative,0
Rich in tradition and heritage. Exploring the satay stall with clean and well-maintained environment was the highlight of our trip.,5,positive,0
Great experience,5,positive,0
Service tip top and food comes super fast. Truly steady la!,5,positive,0
Terbaik,5,positive,0
Pekerja bermasam muka dan berkira bila minta sudu tambahan.,1,negative,0
Would not return to this craft studio. The spiced Nasi Kandar with dark squid curry and fried chicken was disappointing and the cramped and poorly ventilated space ruined our mood.,1,negative,0
Harga mahal melampau tapi kualiti teruk dan mengecewakan selera.,1,negative,0
"Staf sangat biadab dan tempat kotor berdebu, tandas tidak dibersihkan.",1,negative,0
"The nasi kandar stall was decent. There was acceptable food quality for the price, although standard kopitiam ambiance could be improved.",3,neutral,0
Very disappointed with the crispy Roti Canai with aromatic dhal and mutton curry at this nasi kandar stall in Batu Ferringhi. We encountered cramped and poorly ventilated space and confusing ordering process.,2,negative,0
Incredible food experience in Butterworth! The engaging docents explaining Baba Nyonya family customs had unmatched authentic flavors and reasonable and transparent prices.,4,positive,0
Harga cekik darah! Kena caj tersembunyi yang langsung tak masuk akal.,1,negative,0
"Wait so long for cold food, totally tak worth it and bad mood.",1,negative,0
Disappointing visit to this baba nyonya mansion. Felt neglected with unclear information and lack of signages and very poor visitor guidance.,2,negative,0
"Authentic Malaysian taste at its best! The engaging docents explaining Baba Nyonya family customs in Gurney was top tier, plus freshly prepared hot food.",5,positive,0
非常棒的古迹景点，建筑与壁画保存得非常完善。,5,positive,0
Terrible service,1,negative,0
Place quite nice for photos but parking susah gila around here.,3,neutral,0
The fragrant BM Yam Rice with salted vegetable duck soup was tasteless and overpriced. The stale ingredients lacking freshness made the dining experience unbearable.,4,negative,1
"Nasi kandar padu, kuah campur pekat dan ayam goreng berempah rangup!",5,positive,0
物超所值，值得推荐给所有来马来西亚旅游的朋友。,5,positive,0
"The kopitiam was decent. There was an ordinary tourist stop without surprises, although basic informative signage could be improved.",3,neutral,0
"Suasana bersih, tenang dan selesa. Pasti akan datang lagi bila ke sini.",5,positive,0
Expected rich cultural insights but was met with extremely slow and chaotic service and uncomfortable broken seating. Would not recommend.,2,negative,0
非常棒的古迹景点，建筑与壁画保存得非常完善。,5,positive,0
Sedap gila,5,positive,0
Tempat okay tapi agak sesak dengan pelancong pada hujung minggu.,3,neutral,0
Loved every bite of the authentic Peranakan Nyonya Laksa. The freshly prepared hot food and rich authentic flavors made our visit thoroughly enjoyable.,4,positive,0
"did not like it, very confusing and disorganized place",1,negative,0
Would not return to this nature trail. The UNESCO heritage indigo courtyards and feng shui architecture was disappointing and the uncomfortable broken seating ruined our mood.,1,negative,0
"The night market bazaar was decent. There was acceptable food quality for the price, although acceptable food quality for the price could be improved.",3,neutral,0
食物不新鲜，吃完回去肚子不舒服，卫生令人担忧。,1,negative,0
"Cendol pulut terbaik di George Town, manis berlemak santan segar.",5,positive,0
Incredible historical landmark in Armenian Street. We appreciated the friendly and attentive service and truly memorable and enriching experience. Highly recommended!,2,positive,1
"Terrible meal. The crispy Roti Canai with aromatic dhal and mutton curry lacked flavor and freshness, coupled with rude and arrogant staff attitudes and extremely slow and chaotic service.",1,negative,0
Rich in tradition and heritage. Exploring the night market bazaar with truly memorable and enriching experience was the highlight of our trip.,5,positive,0
"was not impressed, disappointing quality and stale meat",2,negative,0
Boleh diterima tetapi perlukan penambahbaikan dari segi kemudahan awam.,3,neutral,0
Fair experience overall with a simple and functional seating layout. Suits travelers who just want a brief stop.,4,neutral,0
食物很难吃，服务员态度极差，完全不推荐大家来踩雷！,1,negative,0
Incredible food experience in Gurney! The authentic Peranakan Nyonya Laksa had unmatched authentic flavors and clean and well-maintained environment.,5,positive,0
"not worth visiting, totally overrated and overpriced tourist trap",1,negative,0
"Senibina klasik Baba Nyonya yang memukau, banyak sudut bergambar menarik.",5,positive,0
Visit my website https://example-deals.com for cheap packages and free gifts,4,neutral,1
"Authentic Malaysian taste at its best! The fragrant BM Yam Rice with salted vegetable duck soup in Little India was top tier, plus reasonable and transparent prices.",5,positive,0
Loved every bite of the steamed Nasi Dagang with tender tuna gulai. The friendly and attentive service and comfortable air-conditioned seating made our visit thoroughly enjoyable.,2,positive,1
Buy now limited offer discount discount discount contact me for free vouchers,2,neutral,1
Would not return to this spice garden. The spiced Nasi Kandar with dark squid curry and fried chicken was disappointing and the cramped and poorly ventilated space ruined our mood.,2,negative,0
Terbaik,5,positive,0
"bukan sedap sangat pun, harga cekik darah untuk pelancong",1,negative,0
Friendly staff,5,positive,0
娘惹糕点色彩缤纷口感细腻，椰香十足，必吃推荐！,5,positive,0
"Terrible meal. The Char Kway Teow with duck egg and wok hei lacked flavor and freshness, coupled with confusing ordering process and grossly overpriced tourist trap pricing.",4,negative,1
Visited this night market bazaar in George Town. It offered standard kopitiam ambiance. An okay stop overall if you are nearby.,3,neutral,0
Contact +60123456789 for instant cashback and crypto promo discount vouchers,5,neutral,1
"Char kway teow padu gila, duck egg yolk so creamy and lots of cockles!",5,positive,0
"Mantap gila place, very instagrammable and peaceful to chill out.",4,positive,0
很喜欢,5,positive,0
An average stop in Batu Ferringhi featuring a simple and functional seating layout. Nothing particularly extraordinary but acceptable.,2,neutral,0
"Pengalaman standard, harga sederhana dan servis bersahaja.",3,neutral,0
Servis mantap,5,positive,0
Terbaik,5,positive,0
Incredible food experience in Little India! The fragrant BM Yam Rice with salted vegetable duck soup had unmatched authentic flavors and reasonable and transparent prices.,5,positive,0
整体还行，周末游客比较多，稍微有点拥挤。,3,neutral,0
"Rugi masa datang sini, langsung tiada apa yang menarik seperti diiklan.",1,negative,0
The steamed Nasi Dagang with tender tuna gulai was tasteless and overpriced. The grossly overpriced tourist trap pricing made the dining experience unbearable.,1,negative,0
"Nasi kandar padu, kuah campur pekat dan ayam goreng berempah rangup!",5,positive,0
Would not return to this heritage restaurant. The engaging docents explaining Baba Nyonya family customs was disappointing and the noisy and stressful environment ruined our mood.,1,negative,0
Loved the view,5,positive,0
Disappointing visit to this nasi kandar stall. Felt neglected with noisy and stressful environment and very poor visitor guidance.,2,negative,0
Such a serene and educational experience at the tea house. Impressed by truly memorable and enriching experience and authentic traditional recipes.,5,positive,0
Claim your free 500 dollar hotel voucher at http://scam-promo.com right now!,2,neutral,1
Such a serene and educational experience at the coastal cafe. Impressed by fascinating cultural details and architecture and convenient location and easy accessibility.,2,positive,1
非常失望，排队一个多小时结果食物是冷的而且很难吃。,1,negative,0
"Layanan cemerlang, rasa masakan asli turun-temurun sangat mengagumkan!",5,positive,0
The serene coastal breeze and golden sunset views at this rooftop lounge in Balik Pulau was absolutely outstanding! Loved the convenient location and easy accessibility and well organised tour activities.,4,positive,0
很喜欢,5,positive,0
Wonderful preservation of Malaysian culture in Jelutong. Noticed the beautiful aesthetic presentation and convenient location and easy accessibility.,2,positive,1
"Staff very rude, tempat kotor gila potong stim bila nak makan.",1,negative,0
体验非常糟糕，管理混乱，完全不值得花费时间和金钱。,1,negative,0
"Wait so long for cold food, totally tak worth it and bad mood.",1,negative,0
"Sederhana sahaja, sesuai untuk singgah sebentar jika lalu di kawasan ini.",3,neutral,0
"Makanan tak sedap dan servis sangat lambat, kami tunggu hampir sejam.",1,negative,0
Would not return to this baba nyonya mansion. The spiced Nasi Kandar with dark squid curry and fried chicken was disappointing and the unclear information and lack of signages ruined our mood.,1,negative,0
Incredible historical landmark in Bayan Lepas. We appreciated the freshly prepared hot food and reasonable and transparent prices. Highly recommended!,5,positive,0
"not overhyped at all, the char kway teow really delivers top wok hei",5,positive,0
"Service damn slow, food pun biasa je and overpriced for tourists.",1,negative,0
食物新鲜美味，老板很热情好客，五星好评！,5,positive,0
"Murah and sedap, really worth the visit for genuine foodies.",5,positive,0
Visit my website https://example-deals.com for cheap packages and free gifts,3,neutral,1
Disappointing visit to this temple garden. Felt neglected with limited food options with many items out of stock and very poor visitor guidance.,2,negative,0
Terrible,1,negative,0
"Expected rich cultural insights but was met with cold, greasy and bland food and cramped and poorly ventilated space. Would not recommend.",1,negative,0
整体还行，周末游客比较多，稍微有点拥挤。,3,neutral,0
"Nasi lemak bungkus sambal padu, aroma daun pisang wangian asli.",5,positive,0
"Keropok lekor panas gebu, sos pencicah manis pedas memang ngam.",5,positive,0
"Tandas kotor dan bau busuk menyengat, makanan pun rasa basi.",1,negative,0
Terbaik,5,positive,0
"Authentic Malaysian taste at its best! The creamy Cendol with fresh coconut milk and Gula Melaka in Little India was top tier, plus comfortable air-conditioned seating.",4,positive,0
食物普通，环境还可以，价格算中规中矩。,3,neutral,0
Bad food,1,negative,0
"Yam rice soup damn solid bro, salted vege duck soup so comforting!",5,positive,0
Expected rich cultural insights but was met with grossly overpriced tourist trap pricing and cramped and poorly ventilated space. Would not recommend.,5,negative,1
Sangat berpuas hati dengan kebersihan dan keramahan pekerja di sini.,5,positive,0
很喜欢,5,positive,0
"not good, very rude staff and dirty tables everywhere",1,negative,0
Poorly maintained heritage rooftop lounge in Campbell Street. Encountered cramped and poorly ventilated space and over an hour waiting time for simple orders.,1,negative,0
"The baba nyonya mansion was decent. There was a simple and functional seating layout, although decent place for a quick photo stop could be improved.",3,neutral,0
煎蕊红豆绵密，椰糖香浓正宗，正宗槟城老字号风味！,5,positive,0
Rude staff,1,negative,0
"Nasi lemak bungkus sambal padu, aroma daun pisang wangian asli.",5,positive,0
煎蕊红豆绵密，椰糖香浓正宗，正宗槟城老字号风味！,5,positive,0
"Kuah kari cair dan tawar, nasi keras macam tak masak elok.",1,negative,0
文化底蕴深厚，讲解员解说很清楚，很有收获的文化之旅。,5,positive,0
"Overhyped tourist stop in Bayan Lepas. The creamy Cendol with fresh coconut milk and Gula Melaka was cold, and we had to endure unclear information and lack of signages.",1,negative,0
Loved every bite of the hand-drawn street art murals and vibrant artisan crafts. The authentic traditional recipes and beautiful aesthetic presentation made our visit thoroughly enjoyable.,5,positive,0
"Super nice heritage vibes, staff helpful gila and knowledgeable.",5,positive,0
"Authentic Malaysian taste at its best! The engaging docents explaining Baba Nyonya family customs in Campbell Street was top tier, plus rich authentic flavors.",4,positive,0
"Service damn slow, food pun biasa je and overpriced for tourists.",1,negative,0
"Layanan buruk, pekerja malas dan tempat tidak terurus langsung.",1,negative,0
"Authentic Malaysian taste at its best! The Char Kway Teow with duck egg and wok hei in Batu Ferringhi was top tier, plus well organised tour activities.",5,positive,0
"Roti canai crispy gila, kuah kari pekat sedap terangkat!",5,positive,0
Fair experience overall with standard basic facilities. Suits travelers who just want a brief stop.,2,neutral,0
"tak mengecewakan, makanan sedap dan servis bagus sangat",5,positive,0
"Overrated gila, queue one hour for tasteless cendol and rude cashier.",1,negative,0
"Servis sangat pantas dan mesra, makanan panas dan segar dari dapur.",5,positive,0
Tempat kotor,1,negative,0
Such a serene and educational experience at the temple garden. Impressed by well organised tour activities and beautiful aesthetic presentation.,1,positive,1
Rich in tradition and heritage. Exploring the clan jetty with very helpful and accommodating staff was the highlight of our trip.,5,positive,0
"Rugi masa datang sini, langsung tiada apa yang menarik seperti diiklan.",1,negative,0
Rich in tradition and heritage. Exploring the night market bazaar with authentic traditional recipes was the highlight of our trip.,5,positive,0
环境优美古色古香，员工很有礼貌，值得带家人再来。,5,positive,0
"Staf sangat biadab dan tempat kotor berdebu, tandas tidak dibersihkan.",1,negative,0
Nice place,4,positive,0
"The nature trail was decent. There was acceptable food quality for the price, although acceptable food quality for the price could be improved.",3,neutral,0
"Staff very rude, tempat kotor gila potong stim bila nak makan.",1,negative,0
"Staf sangat biadab dan tempat kotor berdebu, tandas tidak dibersihkan.",1,negative,0
"Service damn slow, food pun biasa je and overpriced for tourists.",1,negative,0
Incredible food experience in Air Itam! The fragrant BM Yam Rice with salted vegetable duck soup had unmatched authentic flavors and generous portion sizes.,2,positive,1
Best stop for local food lovers. The serene coastal breeze and golden sunset views exceeded expectations with well organised tour activities. Will come back!,1,positive,1
Place quite nice for photos but parking susah gila around here.,3,neutral,0
Wonderful preservation of Malaysian culture in Balik Pulau. Noticed the very helpful and accommodating staff and convenient location and easy accessibility.,4,positive,0
煎蕊红豆绵密，椰糖香浓正宗，正宗槟城老字号风味！,5,positive,0
"Nothing special la, can try once if you are walking nearby.",3,neutral,0
"The nasi kandar stall was decent. There was basic informative signage, although a relatively brief walking tour could be improved.",3,neutral,0
卫生条件很差，桌子油腻腻的，服务态度傲慢无礼。,1,negative,0
Bad bad bad bad bad bad bad bad bad bad bad,3,negative,1
非常失望，排队一个多小时结果食物是冷的而且很难吃。,1,negative,0
A breathtaking cultural stop in Teluk Bahang! The steamed Nasi Dagang with tender tuna gulai and authentic traditional recipes made it deeply memorable.,5,positive,0
"Pengurusan sangat lemah, beratur panjang tanpa penerangan jelas.",1,negative,0
Tempat cantik,5,positive,0
"Cendol pulut terbaik di George Town, manis berlemak santan segar.",5,positive,0
"tak rugi langsung cuba laksa nyonya kat sini, sedap terangkat",5,positive,0
Not worth the entrance fee or trip to Teluk Bahang. The main issue was limited food options with many items out of stock with uncomfortable broken seating.,2,negative,0
Incredible food experience in Bukit Mertajam! The creamy Cendol with fresh coconut milk and Gula Melaka had unmatched authentic flavors and comfortable air-conditioned seating.,4,positive,0
"Overhyped tourist stop in Balik Pulau. The piping hot Kuih Akok and traditional keropok lekor was cold, and we had to endure unclear information and lack of signages.",2,negative,0
A breathtaking cultural stop in Gurney! The intricate Chinese dragon wood carvings and granite courtyards and friendly and attentive service made it deeply memorable.,4,positive,0
非常棒的体验，东西很好吃，分量足且性价比很高。,5,positive,0
Mantap,5,positive,0
"I don't hate it, in fact the experience was quite good and authentic",4,positive,0
Harga mahal melampau tapi kualiti teruk dan mengecewakan selera.,1,negative,0
Rich in tradition and heritage. Exploring the baba nyonya mansion with fast and efficient table turnover was the highlight of our trip.,1,positive,1
Would not return to this night market bazaar. The crispy Roti Canai with aromatic dhal and mutton curry was disappointing and the noisy and stressful environment ruined our mood.,5,negative,1
Tak sedap,1,negative,0
Incredible historical landmark in Tanjung Bungah. We appreciated the rich authentic flavors and fast and efficient table turnover. Highly recommended!,5,positive,0
"Sangat teruk, tak akan syorkan kepada sesiapa pun untuk datang.",1,negative,0
Not worth the entrance fee or trip to Teluk Bahang. The main issue was stale ingredients lacking freshness with grossly overpriced tourist trap pricing.,4,negative,1
"Cendol memang mantap, authentic Penang taste so syok and refreshing!",5,positive,0
"Food boleh la, but service a bit slow during weekend rush.",3,neutral,0
Incredible historical landmark in Teluk Bahang. We appreciated the rich authentic flavors and clear and engaging historical explanations. Highly recommended!,5,positive,0
"Terrible meal. The piping hot Kuih Akok and traditional keropok lekor lacked flavor and freshness, coupled with cold, greasy and bland food and unclear information and lack of signages.",1,negative,0
Such a serene and educational experience at the craft studio. Impressed by authentic traditional recipes and convenient location and easy accessibility.,4,positive,0
"Sederhana sahaja, sesuai untuk singgah sebentar jika lalu di kawasan ini.",3,neutral,0
Loved every bite of the steamed Nasi Dagang with tender tuna gulai. The fast and efficient table turnover and reasonable and transparent prices made our visit thoroughly enjoyable.,5,positive,0
文化底蕴深厚，讲解员解说很清楚，很有收获的文化之旅。,5,positive,0
"Sangat teruk, tak akan syorkan kepada sesiapa pun untuk datang.",1,negative,0
Incredible historical landmark in Gurney. We appreciated the reasonable and transparent prices and rich authentic flavors. Highly recommended!,2,positive,1
"Overhyped tourist stop in Chinatown. The spiced Nasi Kandar with dark squid curry and fried chicken was cold, and we had to endure over an hour waiting time for simple orders.",2,negative,0
Visit my website https://example-deals.com for cheap packages and free gifts,4,neutral,1
Mengecewakan,1,negative,0
"Murah and sedap, really worth the visit for genuine foodies.",5,positive,0
"The bakery was decent. There was standard kopitiam ambiance, although a relatively brief walking tour could be improved.",2,neutral,0
Get unlimited followers and likes fast dm on instagram @promo_bot_now,2,neutral,1
Incredible food experience in Balik Pulau! The serene coastal breeze and golden sunset views had unmatched authentic flavors and comfortable air-conditioned seating.,5,positive,0
马马虎虎，算是一个普通的打卡景点吧，顺路可以看看。,3,neutral,0
Bad bad bad bad bad bad bad bad bad bad bad,5,negative,1
The UNESCO heritage indigo courtyards and feng shui architecture was tasteless and overpriced. The limited food options with many items out of stock made the dining experience unbearable.,2,negative,0
The engaging docents explaining Baba Nyonya family customs at this kopitiam in Chinatown was absolutely outstanding! Loved the clean and well-maintained environment and rich authentic flavors.,4,positive,0
物超所值，值得推荐给所有来马来西亚旅游的朋友。,5,positive,0
Standard experience in Butterworth. Food and service had basic informative signage. Convenient for a short rest.,4,neutral,0
"Tandas kotor dan bau busuk menyengat, makanan pun rasa basi.",1,negative,0
Incredible historical landmark in Jelutong. We appreciated the fast and efficient table turnover and generous portion sizes. Highly recommended!,4,positive,0
The UNESCO heritage indigo courtyards and feng shui architecture at this temple garden in Batu Ferringhi was absolutely outstanding! Loved the authentic traditional recipes and reasonable and transparent prices.,4,positive,0
"Waited 45 mins just for one plate of fried noodles, never again!",1,negative,0
Pekerja bermasam muka dan berkira bila minta sudu tambahan.,1,negative,0
Place quite nice for photos but parking susah gila around here.,3,neutral,0
"Sangat teruk, tak akan syorkan kepada sesiapa pun untuk datang.",1,negative,0
"Waited 45 mins just for one plate of fried noodles, never again!",1,negative,0
"Mantap gila place, very instagrammable and peaceful to chill out.",4,positive,0
"Overhyped tourist stop in Teluk Bahang. The majestic 272 steps and cathedral limestone caves was cold, and we had to endure noisy and stressful environment.",1,negative,0
asdf qwer zxcv lorem ipsum random review text asdf zxcv,2,neutral,1
"Pengalaman yang sangat memuaskan, tempat warisan terpelihara dengan indah.",5,positive,0
"A must-try culinary gem in George Town. The engaging docents explaining Baba Nyonya family customs was fresh and delicious, accompanied by friendly and attentive service.",4,positive,0
Expected rich cultural insights but was met with poor crowd management and disorganised queues and extremely slow and chaotic service. Would not recommend.,2,negative,0
马马虎虎，算是一个普通的打卡景点吧，顺路可以看看。,3,neutral,0
"tidak bagus langsung, pengalaman sangat mengecewakan kami",1,negative,0
Very disappointed with the spiced Nasi Kandar with dark squid curry and fried chicken at this temple garden in Balik Pulau. We encountered rude and arrogant staff attitudes and confusing ordering process.,4,negative,1
"Tandas kotor dan bau busuk menyengat, makanan pun rasa basi.",1,negative,0
"Pengurusan sangat lemah, beratur panjang tanpa penerangan jelas.",1,negative,0
Servis mantap,5,positive,0
Loved every bite of the authentic Peranakan Nyonya Laksa. The truly memorable and enriching experience and clean and well-maintained environment made our visit thoroughly enjoyable.,4,positive,0
Not worth the entrance fee or trip to Gurney. The main issue was noisy and stressful environment with rude and arrogant staff attitudes.,2,negative,0
Get unlimited followers and likes fast dm on instagram @promo_bot_now,4,neutral,1
"Cendol okay je, nothing much to shout about but cools you down.",3,neutral,0
物超所值，值得推荐给所有来马来西亚旅游的朋友。,5,positive,0
Free bitcoin giveaway click http://crypto-win.xyz fast before ended,2,neutral,1
"Tempat panas dan tidak selesa, kipas rosak dan staf buat endah tak endah.",1,negative,0
"Okay la, not bad and not super good either. Standard standard.",3,neutral,0
服务非常慢，等了快一个小时都没人理，催单还给脸色看。,1,negative,0
"Place nice gila, staff very friendly and polite throughout our visit.",5,positive,0
"not good, very rude staff and dirty tables everywhere",1,negative,0
"Cendol memang mantap, authentic Penang taste so syok and refreshing!",5,positive,0
"Pengalaman yang sangat memuaskan, tempat warisan terpelihara dengan indah.",5,positive,0
Wonderful preservation of Malaysian culture in Balik Pulau. Noticed the clean and well-maintained environment and very helpful and accommodating staff.,2,positive,1
Tempat warisan bersejarah yang sangat bermakna dan dijaga dengan rapi.,5,positive,0
"The nasi kandar stall was decent. There was decent place for a quick photo stop, although standard basic facilities could be improved.",2,neutral,0
The intricate Chinese dragon wood carvings and granite courtyards was tasteless and overpriced. The confusing ordering process made the dining experience unbearable.,2,negative,0
Fair experience overall with acceptable food quality for the price. Suits travelers who just want a brief stop.,3,neutral,0
"Rugi masa datang sini, langsung tiada apa yang menarik seperti diiklan.",1,negative,0
非常棒的体验，东西很好吃，分量足且性价比很高。,5,positive,0
"Cendol okay je, nothing much to shout about but cools you down.",3,neutral,0
物超所值，值得推荐给所有来马来西亚旅游的朋友。,5,positive,0
"A must-try culinary gem in Jelutong. The UNESCO heritage indigo courtyards and feng shui architecture was fresh and delicious, accompanied by reasonable and transparent prices.",4,positive,0
非常棒的古迹景点，建筑与壁画保存得非常完善。,5,positive,0
物超所值，值得推荐给所有来马来西亚旅游的朋友。,5,positive,0
A breathtaking cultural stop in Tanjung Bungah! The UNESCO heritage indigo courtyards and feng shui architecture and beautiful aesthetic presentation made it deeply memorable.,1,positive,1
"Char kway teow padu gila, duck egg yolk so creamy and lots of cockles!",5,positive,0
Servis teruk,1,negative,0
Follow my telegram channel and message me for the best promotion code today on whatsapp,2,neutral,1
Servis mantap,5,positive,0
食物新鲜美味，老板很热情好客，五星好评！,5,positive,0
"Place nice gila, staff very friendly and polite throughout our visit.",5,positive,0
整体还行，周末游客比较多，稍微有点拥挤。,3,neutral,0
"Layanan cemerlang, rasa masakan asli turun-temurun sangat mengagumkan!",5,positive,0
Harga cekik darah! Kena caj tersembunyi yang langsung tak masuk akal.,1,negative,0
文化底蕴深厚，讲解员解说很清楚，很有收获的文化之旅。,5,positive,0
Rich in tradition and heritage. Exploring the kopitiam with reasonable and transparent prices was the highlight of our trip.,5,positive,0
Expected rich cultural insights but was met with uncomfortable broken seating and grossly overpriced tourist trap pricing. Would not recommend.,2,negative,0
Not worth the entrance fee or trip to Butterworth. The main issue was poor crowd management and disorganised queues with rude and arrogant staff attitudes.,1,negative,0
Visited this nasi kandar stall in Gurney. It offered standard basic facilities. An okay stop overall if you are nearby.,4,neutral,0
The engaging docents explaining Baba Nyonya family customs at this night market bazaar in Batu Ferringhi was absolutely outstanding! Loved the clear and engaging historical explanations and reasonable and transparent prices.,4,positive,0
"Authentic Malaysian taste at its best! The crispy Roti Canai with aromatic dhal and mutton curry in Batu Ferringhi was top tier, plus beautiful aesthetic presentation.",5,positive,0
"tak mesra langsung, staf buat muka masam dan campak menu",1,negative,0
"not bad, quite liked the food and friendly service",4,positive,0
"Makanan tak sedap dan servis sangat lambat, kami tunggu hampir sejam.",1,negative,0
Tempat warisan bersejarah yang sangat bermakna dan dijaga dengan rapi.,5,positive,0
Harga mahal melampau tapi kualiti teruk dan mengecewakan selera.,1,negative,0
Expected rich cultural insights but was met with stale ingredients lacking freshness and cramped and poorly ventilated space. Would not recommend.,2,negative,0
"tak pernah rasa cendol sesedap ini, santan pekat manis sedang elok",5,positive,0
"Terrible meal. The piping hot Kuih Akok and traditional keropok lekor lacked flavor and freshness, coupled with cold, greasy and bland food and uncomfortable broken seating.",2,negative,0
Such a serene and educational experience at the nasi kandar stall. Impressed by convenient location and easy accessibility and truly memorable and enriching experience.,2,positive,1
Free bitcoin giveaway click http://crypto-win.xyz fast before ended,3,neutral,1
Harga mahal melampau tapi kualiti teruk dan mengecewakan selera.,1,negative,0
Servis teruk,1,negative,0
Poorly maintained heritage coastal cafe in Batu Ferringhi. Encountered uncomfortable broken seating and limited food options with many items out of stock.,1,negative,0
tak berbaloi dengan harga yang mahal dan porsi sedikit,1,negative,0
Best stop for local food lovers. The engaging docents explaining Baba Nyonya family customs exceeded expectations with rich authentic flavors. Will come back!,5,positive,0
"Rugi masa datang sini, langsung tiada apa yang menarik seperti diiklan.",1,negative,0
asdf qwer zxcv lorem ipsum random review text asdf zxcv,3,neutral,1
"Sangat teruk, tak akan syorkan kepada sesiapa pun untuk datang.",1,negative,0
"tidak ada masalah, urusan sangat lancar dan puas hati",5,positive,0
Loved every bite of the fragrant BM Yam Rice with salted vegetable duck soup. The reasonable and transparent prices and beautiful aesthetic presentation made our visit thoroughly enjoyable.,4,positive,0
Best stop for local food lovers. The freshly steamed Hainanese Kaya butter toast and kampung eggs exceeded expectations with rich authentic flavors. Will come back!,4,positive,0
Claim your free 500 dollar hotel voucher at http://scam-promo.com right now!,3,neutral,1
The intricate Chinese dragon wood carvings and granite courtyards at this cultural gallery in Batu Ferringhi was absolutely outstanding! Loved the fascinating cultural details and architecture and comfortable air-conditioned seating.,4,positive,0
"The hand-drawn street art murals and vibrant artisan crafts was tasteless and overpriced. The cold, greasy and bland food made the dining experience unbearable.",5,negative,1
A breathtaking cultural stop in Chinatown! The succulent satay skewers with thick peanut gravy and reasonable and transparent prices made it deeply memorable.,5,positive,0
"Keropok lekor panas gebu, sos pencicah manis pedas memang ngam.",5,positive,0
Standard experience in Teluk Bahang. Food and service had a moderate selection of local dishes. Convenient for a short rest.,4,neutral,0
"A must-try culinary gem in Campbell Street. The UNESCO heritage indigo courtyards and feng shui architecture was fresh and delicious, accompanied by friendly and attentive service.",4,positive,0
Such a serene and educational experience at the nature trail. Impressed by well organised tour activities and clear and engaging historical explanations.,4,positive,0
"Murah and sedap, really worth the visit for genuine foodies.",5,positive,0
"Wait so long for cold food, totally tak worth it and bad mood.",1,negative,0
Very tasty,5,positive,0
"tidak mengecewakan langsung, suasana sangat cantik dan tenang",5,positive,0
"it wasn't terrible, actually quite decent and pleasant for lunch",4,positive,0
Incredible food experience in Gurney! The majestic 272 steps and cathedral limestone caves had unmatched authentic flavors and fast and efficient table turnover.,4,positive,0
马马虎虎，算是一个普通的打卡景点吧，顺路可以看看。,3,neutral,0
"Lekor panas-panas, best gila wei! Must try if you come here!",5,positive,0
"Nasi kandar padu, kuah campur pekat dan ayam goreng berempah rangup!",5,positive,0
"A must-try culinary gem in Gurney. The crispy Roti Canai with aromatic dhal and mutton curry was fresh and delicious, accompanied by comfortable air-conditioned seating.",4,positive,0
"The temple garden was decent. There was a moderate selection of local dishes, although a moderate selection of local dishes could be improved.",2,neutral,0
Standard experience in Armenian Street. Food and service had decent place for a quick photo stop. Convenient for a short rest.,2,neutral,0
"Super nice heritage vibes, staff helpful gila and knowledgeable.",5,positive,0
Disappointing visit to this coastal cafe. Felt neglected with noisy and stressful environment and very poor visitor guidance.,2,negative,0
Best stop for local food lovers. The majestic 272 steps and cathedral limestone caves exceeded expectations with clean and well-maintained environment. Will come back!,4,positive,0
"Roti canai crispy gila, kuah kari pekat sedap terangkat!",5,positive,0
"Murah and sedap, really worth the visit for genuine foodies.",5,positive,0
"Dirty tables everywhere, damn disgusting experience and smelly toilet.",1,negative,0
The steamed Nasi Dagang with tender tuna gulai at this night market bazaar in Bayan Lepas was absolutely outstanding! Loved the convenient location and easy accessibility and rich authentic flavors.,5,positive,0
Excellent service,5,positive,0
Expected rich cultural insights but was met with cramped and poorly ventilated space and rude and arrogant staff attitudes. Would not recommend.,1,negative,0
"Makanan sangat sedap dan staf peramah, layanan terbaik tiada tandingan!",5,positive,0
Claim your free 500 dollar hotel voucher at http://scam-promo.com right now!,4,neutral,1
Harga cekik darah! Kena caj tersembunyi yang langsung tak masuk akal.,1,negative,0
干净卫生，上菜速度快，整体用餐体验非常满意。,4,positive,0
Disappointing visit to this craft studio. Felt neglected with cramped and poorly ventilated space and very poor visitor guidance.,2,negative,0
Mengecewakan,1,negative,0
Wonderful preservation of Malaysian culture in Batu Ferringhi. Noticed the reasonable and transparent prices and friendly and attentive service.,4,positive,0
"Makanan tak sedap dan servis sangat lambat, kami tunggu hampir sejam.",1,negative,0
Not worth the entrance fee or trip to Butterworth. The main issue was rude and arrogant staff attitudes with grossly overpriced tourist trap pricing.,1,negative,0
Friendly staff,5,positive,0
食物新鲜美味，老板很热情好客，五星好评！,5,positive,0
A breathtaking cultural stop in Chinatown! The spiced Nasi Kandar with dark squid curry and fried chicken and well organised tour activities made it deeply memorable.,2,positive,1
"Disappointing visit to this temple garden. Felt neglected with cold, greasy and bland food and very poor visitor guidance.",1,negative,0
"A must-try culinary gem in George Town. The succulent satay skewers with thick peanut gravy was fresh and delicious, accompanied by authentic traditional recipes.",2,positive,1
环境优美古色古香，员工很有礼貌，值得带家人再来。,5,positive,0
文化底蕴深厚，讲解员解说很清楚，很有收获的文化之旅。,5,positive,0
Best stop for local food lovers. The freshly steamed Hainanese Kaya butter toast and kampung eggs exceeded expectations with authentic traditional recipes. Will come back!,5,positive,0
"Sangat teruk, tak akan syorkan kepada sesiapa pun untuk datang.",1,negative,0
"do not hate it, pretty good food and nice staff",4,positive,0
The creamy Cendol with fresh coconut milk and Gula Melaka was tasteless and overpriced. The poor crowd management and disorganised queues made the dining experience unbearable.,1,negative,0
Wonderful preservation of Malaysian culture in Jelutong. Noticed the convenient location and easy accessibility and generous portion sizes.,4,positive,0
"tak menghampakan, memang berbaloi singgah sini makan malam",5,positive,0
The fragrant BM Yam Rice with salted vegetable duck soup at this kopitiam in Butterworth was absolutely outstanding! Loved the convenient location and easy accessibility and fast and efficient table turnover.,1,positive,1
Very disappointed with the intricate Chinese dragon wood carvings and granite courtyards at this night market bazaar in George Town. We encountered dirty sticky tables and unwashed utensils and noisy and stressful environment.,5,negative,1
Pemandangan indah dan staf banyak membantu memberi penerangan sejarah.,5,positive,0
Loved every bite of the serene coastal breeze and golden sunset views. The clear and engaging historical explanations and authentic traditional recipes made our visit thoroughly enjoyable.,4,positive,0
A breathtaking cultural stop in Bayan Lepas! The fragrant BM Yam Rice with salted vegetable duck soup and freshly prepared hot food made it deeply memorable.,2,positive,1
Wonderful preservation of Malaysian culture in Tanjung Bungah. Noticed the fascinating cultural details and architecture and comfortable air-conditioned seating.,1,positive,1
Boleh diterima tetapi perlukan penambahbaikan dari segi kemudahan awam.,3,neutral,0
"went without any problems, staff was super helpful and caring",5,positive,0
Free bitcoin giveaway click http://crypto-win.xyz fast before ended,4,neutral,1
"tak pernah rasa cendol sesedap ini, santan pekat manis sedang elok",5,positive,0
非常失望，排队一个多小时结果食物是冷的而且很难吃。,1,negative,0
炒粿条镬气十足，鸭蛋香味浓郁，虾肉新鲜弹牙！,5,positive,0
"Nasi kandar padu, kuah campur pekat dan ayam goreng berempah rangup!",5,positive,0
Great experience,5,positive,0
"Terrible meal. The serene coastal breeze and golden sunset views lacked flavor and freshness, coupled with over an hour waiting time for simple orders and confusing ordering process.",4,negative,1
"Pilihan kuih agak terhad waktu petang, tetapi rasanya boleh dimakan.",3,neutral,0
"Tandas kotor dan bau busuk menyengat, makanan pun rasa basi.",1,negative,0
卫生条件很差，桌子油腻腻的，服务态度傲慢无礼。,1,negative,0
"Overrated gila, queue one hour for tasteless cendol and rude cashier.",1,negative,0
Contact +60123456789 for instant cashback and crypto promo discount vouchers,3,neutral,1
An average stop in Butterworth featuring acceptable food quality for the price. Nothing particularly extraordinary but acceptable.,2,neutral,0
Such a serene and educational experience at the curated museum. Impressed by freshly prepared hot food and rich authentic flavors.,5,positive,0
"Pengalaman yang sangat memuaskan, tempat warisan terpelihara dengan indah.",5,positive,0
The creamy Cendol with fresh coconut milk and Gula Melaka at this nasi kandar stall in Armenian Street was absolutely outstanding! Loved the beautiful aesthetic presentation and fascinating cultural details and architecture.,5,positive,0
中规中矩，无功无过，适合路过时简单吃个便饭。,3,neutral,0
"was not bad, pretty nice spot for afternoon tea and dessert",4,positive,0
Best stop for local food lovers. The freshly steamed Hainanese Kaya butter toast and kampung eggs exceeded expectations with clear and engaging historical explanations. Will come back!,4,positive,0
Incredible historical landmark in Bukit Mertajam. We appreciated the clean and well-maintained environment and freshly prepared hot food. Highly recommended!,5,positive,0
"Char kway teow padu gila, duck egg yolk so creamy and lots of cockles!",5,positive,0
Expected rich cultural insights but was met with uncomfortable broken seating and noisy and stressful environment. Would not recommend.,5,negative,1
Such a serene and educational experience at the kopitiam. Impressed by well organised tour activities and beautiful aesthetic presentation.,5,positive,0
"Expected rich cultural insights but was met with cold, greasy and bland food and unclear information and lack of signages. Would not recommend.",1,negative,0
管理混乱，排队毫无秩序，态度极其恶劣差劲。,1,negative,0
Contact +60123456789 for instant cashback and crypto promo discount vouchers,3,neutral,1
Very disappointed with the Char Kway Teow with duck egg and wok hei at this curated museum in Balik Pulau. We encountered grossly overpriced tourist trap pricing and limited food options with many items out of stock.,2,negative,0
Fair experience overall with a moderate selection of local dishes. Suits travelers who just want a brief stop.,3,neutral,0
Worst meal,1,negative,0
Pemandangan indah dan staf banyak membantu memberi penerangan sejarah.,5,positive,0
"Overhyped tourist stop in Bukit Mertajam. The creamy Cendol with fresh coconut milk and Gula Melaka was cold, and we had to endure dirty sticky tables and unwashed utensils.",1,negative,0
Incredible food experience in Teluk Bahang! The steamed Nasi Dagang with tender tuna gulai had unmatched authentic flavors and convenient location and easy accessibility.,5,positive,0
"Average taste la, standard tourist price and normal portion size.",3,neutral,0
"Layanan buruk, pekerja malas dan tempat tidak terurus langsung.",1,negative,0
Very disappointed with the authentic Peranakan Nyonya Laksa at this colonial fort in Armenian Street. We encountered limited food options with many items out of stock and noisy and stressful environment.,1,negative,0
"The satay stall was decent. There was average waiting times during rush hour, although an ordinary tourist stop without surprises could be improved.",2,neutral,0
"Pengurusan sangat lemah, beratur panjang tanpa penerangan jelas.",1,negative,0
中规中矩，无功无过，适合路过时简单吃个便饭。,3,neutral,0
"Authentic Malaysian taste at its best! The UNESCO heritage indigo courtyards and feng shui architecture in Batu Ferringhi was top tier, plus beautiful aesthetic presentation.",5,positive,0
Such a serene and educational experience at the bakery. Impressed by clean and well-maintained environment and generous portion sizes.,2,positive,1
"Terrible meal. The freshly steamed Hainanese Kaya butter toast and kampung eggs lacked flavor and freshness, coupled with uncomfortable broken seating and unclear information and lack of signages.",5,negative,1
"The night market bazaar was decent. There was decent place for a quick photo stop, although decent place for a quick photo stop could be improved.",3,neutral,0
Service tip top and food comes super fast. Truly steady la!,5,positive,0
Place quite nice for photos but parking susah gila around here.,3,neutral,0
Visit my website https://example-deals.com for cheap packages and free gifts,4,neutral,1
"The clan jetty was decent. There was an ordinary tourist stop without surprises, although a moderate selection of local dishes could be improved.",3,neutral,0
干净卫生，上菜速度快，整体用餐体验非常满意。,4,positive,0
非常棒的古迹景点，建筑与壁画保存得非常完善。,5,positive,0
非常失望，排队一个多小时结果食物是冷的而且很难吃。,1,negative,0
食物很难吃，服务员态度极差，完全不推荐大家来踩雷！,1,negative,0
Amazing amazing amazing amazing amazing amazing amazing amazing,2,positive,1
Harga mahal melampau tapi kualiti teruk dan mengecewakan selera.,1,negative,0
Incredible food experience in Bukit Mertajam! The serene coastal breeze and golden sunset views had unmatched authentic flavors and authentic traditional recipes.,4,positive,0
"tak rugi langsung cuba laksa nyonya kat sini, sedap terangkat",5,positive,0
Fair experience overall with decent place for a quick photo stop. Suits travelers who just want a brief stop.,3,neutral,0
Sangat berpuas hati dengan kebersihan dan keramahan pekerja di sini.,5,positive,0
"The heritage restaurant was decent. There was basic informative signage, although a relatively brief walking tour could be improved.",3,neutral,0
"Overhyped tourist stop in Batu Ferringhi. The succulent satay skewers with thick peanut gravy was cold, and we had to endure cold, greasy and bland food.",5,negative,1
"Pengurusan sangat lemah, beratur panjang tanpa penerangan jelas.",1,negative,0
"Pengalaman yang sangat memuaskan, tempat warisan terpelihara dengan indah.",5,positive,0
"tidak mengecewakan langsung, suasana sangat cantik dan tenang",5,positive,0
A breathtaking cultural stop in Campbell Street! The serene coastal breeze and golden sunset views and truly memorable and enriching experience made it deeply memorable.,5,positive,0
Expected rich cultural insights but was met with over an hour waiting time for simple orders and noisy and stressful environment. Would not recommend.,1,negative,0
价格昂贵但质量很差，完全是坑游客的黑店，千万别来。,1,negative,0
Standard experience in Jelutong. Food and service had basic informative signage. Convenient for a short rest.,2,neutral,0
Fair experience overall with standard basic facilities. Suits travelers who just want a brief stop.,3,neutral,0
"tak mesra langsung, staf buat muka masam dan campak menu",1,negative,0
"Service damn slow, food pun biasa je and overpriced for tourists.",1,negative,0
"Service damn slow, food pun biasa je and overpriced for tourists.",1,negative,0
"Staf sangat biadab dan tempat kotor berdebu, tandas tidak dibersihkan.",1,negative,0
Standard experience in Bukit Mertajam. Food and service had decent place for a quick photo stop. Convenient for a short rest.,4,neutral,0
11111111111 222222222 33333333333 discount call now,3,neutral,1
Contact +60123456789 for instant cashback and crypto promo discount vouchers,2,neutral,1
"Very disappointed with the creamy Cendol with fresh coconut milk and Gula Melaka at this rooftop lounge in Butterworth. We encountered cold, greasy and bland food and poor crowd management and disorganised queues.",1,negative,0
Not worth the entrance fee or trip to Chinatown. The main issue was extremely slow and chaotic service with over an hour waiting time for simple orders.,1,negative,0
"Terrible meal. The hand-drawn street art murals and vibrant artisan crafts lacked flavor and freshness, coupled with noisy and stressful environment and rude and arrogant staff attitudes.",2,negative,0
食物非常好吃，服务态度很亲切，非常推荐大家来尝试！,5,positive,0
煎蕊红豆绵密，椰糖香浓正宗，正宗槟城老字号风味！,5,positive,0
Poorly maintained heritage coastal cafe in Gurney. Encountered extremely slow and chaotic service and poor crowd management and disorganised queues.,2,negative,0
Incredible historical landmark in Bayan Lepas. We appreciated the reasonable and transparent prices and beautiful aesthetic presentation. Highly recommended!,4,positive,0
Incredible historical landmark in George Town. We appreciated the fast and efficient table turnover and rich authentic flavors. Highly recommended!,5,positive,0
Rich in tradition and heritage. Exploring the nasi kandar stall with freshly prepared hot food was the highlight of our trip.,5,positive,0
Not worth the entrance fee or trip to Chinatown. The main issue was confusing ordering process with grossly overpriced tourist trap pricing.,4,negative,1
非常棒的古迹景点，建筑与壁画保存得非常完善。,5,positive,0
"Layanan buruk, pekerja malas dan tempat tidak terurus langsung.",1,negative,0
A breathtaking cultural stop in Little India! The UNESCO heritage indigo courtyards and feng shui architecture and friendly and attentive service made it deeply memorable.,2,positive,1
Such a serene and educational experience at the cultural gallery. Impressed by friendly and attentive service and convenient location and easy accessibility.,4,positive,0
Rich in tradition and heritage. Exploring the cultural gallery with generous portion sizes was the highlight of our trip.,2,positive,1
Contact +60123456789 for instant cashback and crypto promo discount vouchers,3,neutral,1
非常失望，排队一个多小时结果食物是冷的而且很难吃。,1,negative,0
物超所值，值得推荐给所有来马来西亚旅游的朋友。,5,positive,0
"Nasi kandar padu, kuah campur pekat dan ayam goreng berempah rangup!",5,positive,0
An average stop in Teluk Bahang featuring a relatively brief walking tour. Nothing particularly extraordinary but acceptable.,3,neutral,0
"Very bad experience la, rugi duit and time wasted sitting there.",1,negative,0
"was not bad, pretty nice spot for afternoon tea and dessert",4,positive,0
"Staf sangat biadab dan tempat kotor berdebu, tandas tidak dibersihkan.",1,negative,0
"not worth visiting, totally overrated and overpriced tourist trap",1,negative,0
The intricate Chinese dragon wood carvings and granite courtyards was tasteless and overpriced. The grossly overpriced tourist trap pricing made the dining experience unbearable.,1,negative,0
"Dirty tables everywhere, damn disgusting experience and smelly toilet.",1,negative,0
Incredible food experience in Teluk Bahang! The fragrant BM Yam Rice with salted vegetable duck soup had unmatched authentic flavors and convenient location and easy accessibility.,5,positive,0
"Senibina klasik Baba Nyonya yang memukau, banyak sudut bergambar menarik.",5,positive,0
The spiced Nasi Kandar with dark squid curry and fried chicken at this coastal cafe in Chinatown was absolutely outstanding! Loved the friendly and attentive service and very helpful and accommodating staff.,5,positive,0
"Nasi kandar padu, kuah campur pekat dan ayam goreng berempah rangup!",5,positive,0
"Servis sangat pantas dan mesra, makanan panas dan segar dari dapur.",5,positive,0
"Overrated gila, queue one hour for tasteless cendol and rude cashier.",1,negative,0
A breathtaking cultural stop in Batu Ferringhi! The engaging docents explaining Baba Nyonya family customs and rich authentic flavors made it deeply memorable.,5,positive,0
"Servis sangat pantas dan mesra, makanan panas dan segar dari dapur.",5,positive,0
"Pengalaman yang sangat memuaskan, tempat warisan terpelihara dengan indah.",5,positive,0
Wonderful preservation of Malaysian culture in Air Itam. Noticed the well organised tour activities and very helpful and accommodating staff.,5,positive,0
Contact +60123456789 for instant cashback and crypto promo discount vouchers,5,neutral,1
A breathtaking cultural stop in Jelutong! The fragrant BM Yam Rice with salted vegetable duck soup and beautiful aesthetic presentation made it deeply memorable.,2,positive,1
Worst meal,1,negative,0
"The spiced Nasi Kandar with dark squid curry and fried chicken was tasteless and overpriced. The cold, greasy and bland food made the dining experience unbearable.",1,negative,0
Buy now limited offer discount discount discount contact me for free vouchers,5,neutral,1
Such a serene and educational experience at the baba nyonya mansion. Impressed by rich authentic flavors and fascinating cultural details and architecture.,5,positive,0
"tidak ada masalah, urusan sangat lancar dan puas hati",5,positive,0
Best stop for local food lovers. The creamy Cendol with fresh coconut milk and Gula Melaka exceeded expectations with convenient location and easy accessibility. Will come back!,5,positive,0
Incredible food experience in Jelutong! The crispy Roti Canai with aromatic dhal and mutton curry had unmatched authentic flavors and well organised tour activities.,5,positive,0
Incredible historical landmark in Gurney. We appreciated the fast and efficient table turnover and rich authentic flavors. Highly recommended!,4,positive,0
"tak rugi langsung cuba laksa nyonya kat sini, sedap terangkat",5,positive,0
Rich in tradition and heritage. Exploring the bakery with convenient location and easy accessibility was the highlight of our trip.,5,positive,0
"Tandas kotor dan bau busuk menyengat, makanan pun rasa basi.",1,negative,0
asdf qwer zxcv lorem ipsum random review text asdf zxcv,3,neutral,1
"Cendol okay je, nothing much to shout about but cools you down.",3,neutral,0
"Overhyped tourist stop in Chinatown. The intricate Chinese dragon wood carvings and granite courtyards was cold, and we had to endure over an hour waiting time for simple orders.",1,negative,0
Disappointing visit to this cultural gallery. Felt neglected with rude and arrogant staff attitudes and very poor visitor guidance.,1,negative,0
Fair experience overall with acceptable food quality for the price. Suits travelers who just want a brief stop.,3,neutral,0
Standard experience in Jelutong. Food and service had average waiting times during rush hour. Convenient for a short rest.,3,neutral,0
tidak sedap dan staf sangat biadab bila pelanggan tanya,1,negative,0
"Food boleh la, but service a bit slow during weekend rush.",3,neutral,0
"Very bad experience la, rugi duit and time wasted sitting there.",1,negative,0
又贵又难吃，环境脏乱差，给一颗星都嫌多！,1,negative,0
Rich in tradition and heritage. Exploring the nature trail with fast and efficient table turnover was the highlight of our trip.,5,positive,0
Standard experience in Butterworth. Food and service had average waiting times during rush hour. Convenient for a short rest.,3,neutral,0
"Layanan buruk, pekerja malas dan tempat tidak terurus langsung.",1,negative,0
Loved the view,5,positive,0
文化底蕴深厚，讲解员解说很清楚，很有收获的文化之旅。,5,positive,0
"Makan not nice, price mahal gila and staff sombong nak mampus.",1,negative,0
食物非常好吃，服务态度很亲切，非常推荐大家来尝试！,5,positive,0
味道一般般，没有网络上吹捧得那么惊艳。,3,neutral,0
"I don't hate it, in fact the experience was quite good and authentic",4,positive,0
"Kuah kari cair dan tawar, nasi keras macam tak masak elok.",1,negative,0
Puas hati,5,positive,0
非常失望，排队一个多小时结果食物是冷的而且很难吃。,1,negative,0
食物新鲜美味，老板很热情好客，五星好评！,5,positive,0
Amazing amazing amazing amazing amazing amazing amazing amazing,2,positive,1
Avoid this,1,negative,0
"kurang memuaskan, tempat sesak dan tiada layanan langsung",2,negative,0
Pemandangan indah dan staf banyak membantu memberi penerangan sejarah.,5,positive,0
Rich in tradition and heritage. Exploring the nasi kandar stall with freshly prepared hot food was the highlight of our trip.,5,positive,0
Would not return to this clan jetty. The crispy Roti Canai with aromatic dhal and mutton curry was disappointing and the rude and arrogant staff attitudes ruined our mood.,1,negative,0
Tempat yang cantik dan sangat berbaloi untuk dikunjungi bersama keluarga.,5,positive,0
asdf qwer zxcv lorem ipsum random review text asdf zxcv,1,neutral,1
炒粿条镬气十足，鸭蛋香味浓郁，虾肉新鲜弹牙！,5,positive,0
风景很美，拍照很好看，全家人都很喜欢这个历史古迹。,5,positive,0
The piping hot Kuih Akok and traditional keropok lekor was tasteless and overpriced. The extremely slow and chaotic service made the dining experience unbearable.,1,negative,0
非常棒的古迹景点，建筑与壁画保存得非常完善。,5,positive,0
"The nature trail was decent. There was a moderate selection of local dishes, although average waiting times during rush hour could be improved.",2,neutral,0
The piping hot Kuih Akok and traditional keropok lekor at this temple garden in Bukit Mertajam was absolutely outstanding! Loved the comfortable air-conditioned seating and very helpful and accommodating staff.,2,positive,1
"tidak bersih dan meja melekit, rasa loya nak makan",1,negative,0
Buy now limited offer discount discount discount contact me for free vouchers,5,neutral,1
"Pengurusan sangat lemah, beratur panjang tanpa penerangan jelas.",1,negative,0
Poorly maintained heritage tea house in Teluk Bahang. Encountered confusing ordering process and stale ingredients lacking freshness.,4,negative,1
"do not hate it, pretty good food and nice staff",4,positive,0
The Char Kway Teow with duck egg and wok hei at this night market bazaar in Jelutong was absolutely outstanding! Loved the fast and efficient table turnover and generous portion sizes.,4,positive,0
Get unlimited followers and likes fast dm on instagram @promo_bot_now,4,neutral,1
"Sangat teruk, tak akan syorkan kepada sesiapa pun untuk datang.",1,negative,0
Fair experience overall with an ordinary tourist stop without surprises. Suits travelers who just want a brief stop.,3,neutral,0
Incredible historical landmark in Bayan Lepas. We appreciated the freshly prepared hot food and very helpful and accommodating staff. Highly recommended!,5,positive,0
Incredible historical landmark in Bayan Lepas. We appreciated the reasonable and transparent prices and beautiful aesthetic presentation. Highly recommended!,5,positive,0
非常棒的体验，东西很好吃，分量足且性价比很高。,5,positive,0
A breathtaking cultural stop in Armenian Street! The majestic 272 steps and cathedral limestone caves and fast and efficient table turnover made it deeply memorable.,4,positive,0
"Lekor panas-panas, best gila wei! Must try if you come here!",5,positive,0
Loved every bite of the creamy Cendol with fresh coconut milk and Gula Melaka. The reasonable and transparent prices and truly memorable and enriching experience made our visit thoroughly enjoyable.,5,positive,0
Expected rich cultural insights but was met with uncomfortable broken seating and extremely slow and chaotic service. Would not recommend.,2,negative,0
Rich in tradition and heritage. Exploring the clan jetty with friendly and attentive service was the highlight of our trip.,4,positive,0
"Cendol pulut terbaik di George Town, manis berlemak santan segar.",5,positive,0
"Nasi kandar padu, kuah campur pekat dan ayam goreng berempah rangup!",5,positive,0
Good food,4,positive,0
Disappointing visit to this spice garden. Felt neglected with over an hour waiting time for simple orders and very poor visitor guidance.,5,negative,1
Visit my website https://example-deals.com for cheap packages and free gifts,2,neutral,1
"A must-try culinary gem in Batu Ferringhi. The majestic 272 steps and cathedral limestone caves was fresh and delicious, accompanied by generous portion sizes.",1,positive,1
Would not return to this tea house. The UNESCO heritage indigo courtyards and feng shui architecture was disappointing and the over an hour waiting time for simple orders ruined our mood.,2,negative,0
推荐,5,positive,0
"Food sedap gila and the ambience was top notch, totally recommended!",5,positive,0
"Service damn slow, food pun biasa je and overpriced for tourists.",1,negative,0
"did not like it, very confusing and disorganized place",1,negative,0
Place quite nice for photos but parking susah gila around here.,3,neutral,0
Free bitcoin giveaway click http://crypto-win.xyz fast before ended,1,neutral,1
"Terrible meal. The freshly steamed Hainanese Kaya butter toast and kampung eggs lacked flavor and freshness, coupled with noisy and stressful environment and over an hour waiting time for simple orders.",1,negative,0
Puas hati,5,positive,0
"Cendol pulut terbaik di George Town, manis berlemak santan segar.",5,positive,0
Disappointing visit to this clan jetty. Felt neglected with cramped and poorly ventilated space and very poor visitor guidance.,2,negative,0
食物普通，环境还可以，价格算中规中矩。,3,neutral,0
asdf qwer zxcv lorem ipsum random review text asdf zxcv,1,neutral,1
"Authentic Malaysian taste at its best! The majestic 272 steps and cathedral limestone caves in Balik Pulau was top tier, plus clean and well-maintained environment.",2,positive,1
Pekerja bermasam muka dan berkira bila minta sudu tambahan.,1,negative,0
Expected rich cultural insights but was met with grossly overpriced tourist trap pricing and cramped and poorly ventilated space. Would not recommend.,1,negative,0
煎蕊红豆绵密，椰糖香浓正宗，正宗槟城老字号风味！,5,positive,0
"tak mengecewakan, makanan sedap dan servis bagus sangat",5,positive,0
tidak sedap dan staf sangat biadab bila pelanggan tanya,1,negative,0
"Layanan buruk, pekerja malas dan tempat tidak terurus langsung.",1,negative,0
The succulent satay skewers with thick peanut gravy was tasteless and overpriced. The noisy and stressful environment made the dining experience unbearable.,1,negative,0
"The hand-drawn street art murals and vibrant artisan crafts was tasteless and overpriced. The cold, greasy and bland food made the dining experience unbearable.",2,negative,0
"Servis sangat pantas dan mesra, makanan panas dan segar dari dapur.",5,positive,0
管理混乱，排队毫无秩序，态度极其恶劣差劲。,1,negative,0
Loved every bite of the Char Kway Teow with duck egg and wok hei. The well organised tour activities and comfortable air-conditioned seating made our visit thoroughly enjoyable.,4,positive,0
非常棒的古迹景点，建筑与壁画保存得非常完善。,5,positive,0
"Makanan tak sedap dan servis sangat lambat, kami tunggu hampir sejam.",1,negative,0
Expected rich cultural insights but was met with rude and arrogant staff attitudes and dirty sticky tables and unwashed utensils. Would not recommend.,2,negative,0
风景很美，拍照很好看，全家人都很喜欢这个历史古迹。,5,positive,0
"Authentic Malaysian taste at its best! The Char Kway Teow with duck egg and wok hei in Jelutong was top tier, plus friendly and attentive service.",5,positive,0
"Sangat teruk, tak akan syorkan kepada sesiapa pun untuk datang.",1,negative,0
"Disappointing visit to this heritage restaurant. Felt neglected with cold, greasy and bland food and very poor visitor guidance.",1,negative,0
物超所值，值得推荐给所有来马来西亚旅游的朋友。,5,positive,0
Tak sedap,1,negative,0
Sangat berpuas hati dengan kebersihan dan keramahan pekerja di sini.,5,positive,0
"Service damn slow, food pun biasa je and overpriced for tourists.",1,negative,0
Expected rich cultural insights but was met with poor crowd management and disorganised queues and extremely slow and chaotic service. Would not recommend.,2,negative,0
Rich in tradition and heritage. Exploring the nature trail with reasonable and transparent prices was the highlight of our trip.,1,positive,1
The creamy Cendol with fresh coconut milk and Gula Melaka at this cultural gallery in George Town was absolutely outstanding! Loved the fast and efficient table turnover and beautiful aesthetic presentation.,4,positive,0
Wonderful preservation of Malaysian culture in Bukit Mertajam. Noticed the generous portion sizes and rich authentic flavors.,5,positive,0
Best stop for local food lovers. The authentic Peranakan Nyonya Laksa exceeded expectations with authentic traditional recipes. Will come back!,4,positive,0
食物很难吃，服务员态度极差，完全不推荐大家来踩雷！,1,negative,0
Wonderful preservation of Malaysian culture in Air Itam. Noticed the freshly prepared hot food and fascinating cultural details and architecture.,4,positive,0
"I don't hate it, in fact the experience was quite good and authentic",4,positive,0
"Authentic Malaysian taste at its best! The freshly steamed Hainanese Kaya butter toast and kampung eggs in Batu Ferringhi was top tier, plus fast and efficient table turnover.",5,positive,0
"The spice garden was decent. There was a moderate selection of local dishes, although standard basic facilities could be improved.",4,neutral,0
"no customer care at all, ignored by waiters for 40 minutes",1,negative,0
"Makanan enak dan harga sangat berpatutan, porsi banyak dan mengenyangkan.",5,positive,0
Bad bad bad bad bad bad bad bad bad bad bad,5,negative,1
"Makan not nice, price mahal gila and staff sombong nak mampus.",1,negative,0
"Terrible meal. The authentic Peranakan Nyonya Laksa lacked flavor and freshness, coupled with extremely slow and chaotic service and confusing ordering process.",1,negative,0
An average stop in Air Itam featuring standard basic facilities. Nothing particularly extraordinary but acceptable.,3,neutral,0
Good food,4,positive,0
Terbaik,5,positive,0
A breathtaking cultural stop in Campbell Street! The succulent satay skewers with thick peanut gravy and comfortable air-conditioned seating made it deeply memorable.,4,positive,0
"Hancur mood, cashier buat muka masam and rude when taking orders.",1,negative,0
"tidak mengecewakan langsung, suasana sangat cantik dan tenang",5,positive,0
Pemandangan indah dan staf banyak membantu memberi penerangan sejarah.,5,positive,0
"Pengurusan sangat lemah, beratur panjang tanpa penerangan jelas.",1,negative,0
"not good, very rude staff and dirty tables everywhere",1,negative,0
味道一般般，没有网络上吹捧得那么惊艳。,3,neutral,0
Not recommended,1,negative,0
食物很难吃，服务员态度极差，完全不推荐大家来踩雷！,1,negative,0
Amazing amazing amazing amazing amazing amazing amazing amazing,5,positive,1
Visit my website https://example-deals.com for cheap packages and free gifts,4,neutral,1
The spiced Nasi Kandar with dark squid curry and fried chicken was tasteless and overpriced. The limited food options with many items out of stock made the dining experience unbearable.,2,negative,0
服务非常慢，等了快一个小时都没人理，催单还给脸色看。,1,negative,0
"tak best langsung, rugi masa dan duit datang jauh-jauh",1,negative,0
Very disappointed with the intricate Chinese dragon wood carvings and granite courtyards at this night market bazaar in Teluk Bahang. We encountered unclear information and lack of signages and dirty sticky tables and unwashed utensils.,2,negative,0
Incredible food experience in Campbell Street! The hand-drawn street art murals and vibrant artisan crafts had unmatched authentic flavors and generous portion sizes.,5,positive,0
"Layanan cemerlang, rasa masakan asli turun-temurun sangat mengagumkan!",5,positive,0
Visit my website https://example-deals.com for cheap packages and free gifts,3,neutral,1
Incredible historical landmark in Tanjung Bungah. We appreciated the clear and engaging historical explanations and fast and efficient table turnover. Highly recommended!,4,positive,0
"Waited 45 mins just for one plate of fried noodles, never again!",1,negative,0
"Okay la, not bad and not super good either. Standard standard.",3,neutral,0
"Mantap gila place, very instagrammable and peaceful to chill out.",4,positive,0
The hand-drawn street art murals and vibrant artisan crafts was tasteless and overpriced. The over an hour waiting time for simple orders made the dining experience unbearable.,2,negative,0
"Servis sangat pantas dan mesra, makanan panas dan segar dari dapur.",5,positive,0
Fair experience overall with decent place for a quick photo stop. Suits travelers who just want a brief stop.,3,neutral,0
"tidak rugi datang sini, sangat berbaloi dengan harganya",5,positive,0
"A must-try culinary gem in Armenian Street. The spiced Nasi Kandar with dark squid curry and fried chicken was fresh and delicious, accompanied by beautiful aesthetic presentation.",5,positive,0
Best stop for local food lovers. The authentic Peranakan Nyonya Laksa exceeded expectations with clear and engaging historical explanations. Will come back!,5,positive,0
"Terrible meal. The hand-drawn street art murals and vibrant artisan crafts lacked flavor and freshness, coupled with grossly overpriced tourist trap pricing and cramped and poorly ventilated space.",1,negative,0
"not good, very rude staff and dirty tables everywhere",1,negative,0
"Makanan enak dan harga sangat berpatutan, porsi banyak dan mengenyangkan.",5,positive,0
"Food boleh la, but service a bit slow during weekend rush.",3,neutral,0
Fair experience overall with acceptable food quality for the price. Suits travelers who just want a brief stop.,3,neutral,0
"tak menghampakan, memang berbaloi singgah sini makan malam",5,positive,0
"Pengalaman standard, harga sederhana dan servis bersahaja.",3,neutral,0
Sangat mengecewakan dan tidak berbaloi dengan harga tiket yang mahal.,1,negative,0
Worst meal,1,negative,0
"Lekor panas-panas, best gila wei! Must try if you come here!",5,positive,0
"tak sedap langsung, makanan sejuk dan masin melampau",1,negative,0
"Authentic Malaysian taste at its best! The hand-drawn street art murals and vibrant artisan crafts in George Town was top tier, plus fascinating cultural details and architecture.",5,positive,0
"Keropok lekor panas gebu, sos pencicah manis pedas memang ngam.",5,positive,0
"tak sedap langsung, makanan sejuk dan masin melampau",1,negative,0
Nice place,4,positive,0
非常棒的体验，东西很好吃，分量足且性价比很高。,5,positive,0
Claim your free 500 dollar hotel voucher at http://scam-promo.com right now!,4,neutral,1
Fair experience overall with a simple and functional seating layout. Suits travelers who just want a brief stop.,4,neutral,0
Fair experience overall with decent place for a quick photo stop. Suits travelers who just want a brief stop.,2,neutral,0
Visited this street mural spot in Jelutong. It offered standard basic facilities. An okay stop overall if you are nearby.,4,neutral,0
An average stop in Balik Pulau featuring average waiting times during rush hour. Nothing particularly extraordinary but acceptable.,3,neutral,0
风景很美，拍照很好看，全家人都很喜欢这个历史古迹。,5,positive,0
Buy now limited offer discount discount discount contact me for free vouchers,5,neutral,1
Very disappointed with the engaging docents explaining Baba Nyonya family customs at this clan jetty in Tanjung Bungah. We encountered cramped and poorly ventilated space and dirty sticky tables and unwashed utensils.,2,negative,0
Boleh diterima tetapi perlukan penambahbaikan dari segi kemudahan awam.,3,neutral,0
"tak menghampakan, memang berbaloi singgah sini makan malam",5,positive,0
"Overhyped tourist stop in Tanjung Bungah. The Char Kway Teow with duck egg and wok hei was cold, and we had to endure extremely slow and chaotic service.",4,negative,1
"Food sedap gila and the ambience was top notch, totally recommended!",5,positive,0
煎蕊红豆绵密，椰糖香浓正宗，正宗槟城老字号风味！,5,positive,0
食物很难吃，服务员态度极差，完全不推荐大家来踩雷！,1,negative,0
食物很难吃，服务员态度极差，完全不推荐大家来踩雷！,1,negative,0
tak berbaloi dengan harga yang mahal dan porsi sedikit,1,negative,0
"tidak rugi datang sini, sangat berbaloi dengan harganya",5,positive,0
A breathtaking cultural stop in Bayan Lepas! The fragrant BM Yam Rice with salted vegetable duck soup and convenient location and easy accessibility made it deeply memorable.,5,positive,0
"Food cold and tasteless, price like 5 star hotel but hawker standard.",1,negative,0
Pemandangan indah dan staf banyak membantu memberi penerangan sejarah.,5,positive,0
Rich in tradition and heritage. Exploring the bakery with rich authentic flavors was the highlight of our trip.,5,positive,0
The engaging docents explaining Baba Nyonya family customs at this rooftop lounge in Bukit Mertajam was absolutely outstanding! Loved the truly memorable and enriching experience and clear and engaging historical explanations.,5,positive,0
"not great at all, waited one hour for cold and soggy food",1,negative,0
"Makanan sangat sedap dan staf peramah, layanan terbaik tiada tandingan!",5,positive,0
"The night market bazaar was decent. There was average waiting times during rush hour, although basic informative signage could be improved.",3,neutral,0
"Suasana bersih, tenang dan selesa. Pasti akan datang lagi bila ke sini.",5,positive,0
Visited this bakery in Jelutong. It offered a moderate selection of local dishes. An okay stop overall if you are nearby.,2,neutral,0
"tidak menghampakan, layanan staf sangat mesra dan prihatin",5,positive,0
"tidak menghampakan, layanan staf sangat mesra dan prihatin",5,positive,0
"Very disappointed with the piping hot Kuih Akok and traditional keropok lekor at this colonial fort in Little India. We encountered cold, greasy and bland food and rude and arrogant staff attitudes.",2,negative,0
"it wasn't terrible, actually quite decent and pleasant for lunch",4,positive,0
"Layanan buruk, pekerja malas dan tempat tidak terurus langsung.",1,negative,0
"Pengurusan sangat lemah, beratur panjang tanpa penerangan jelas.",1,negative,0
"never coming back here again, awful experience from start to end",1,negative,0
Rude staff,1,negative,0
食物新鲜美味，老板很热情好客，五星好评！,5,positive,0
"Authentic Malaysian taste at its best! The fragrant BM Yam Rice with salted vegetable duck soup in Campbell Street was top tier, plus rich authentic flavors.",5,positive,0
"Waited 45 mins just for one plate of fried noodles, never again!",1,negative,0
"Roti canai crispy gila, kuah kari pekat sedap terangkat!",5,positive,0
"tak pernah rasa cendol sesedap ini, santan pekat manis sedang elok",5,positive,0
asdf qwer zxcv lorem ipsum random review text asdf zxcv,1,neutral,1
Service tip top and food comes super fast. Truly steady la!,5,positive,0
Such a serene and educational experience at the clan jetty. Impressed by fascinating cultural details and architecture and fast and efficient table turnover.,5,positive,0
"Layanan cemerlang, rasa masakan asli turun-temurun sangat mengagumkan!",5,positive,0
"Food sedap gila and the ambience was top notch, totally recommended!",5,positive,0
"Staff very rude, tempat kotor gila potong stim bila nak makan.",1,negative,0
Very disappointed with the intricate Chinese dragon wood carvings and granite courtyards at this colonial fort in Batu Ferringhi. We encountered grossly overpriced tourist trap pricing and uncomfortable broken seating.,5,negative,1
Very disappointed with the majestic 272 steps and cathedral limestone caves at this tea house in George Town. We encountered limited food options with many items out of stock and confusing ordering process.,1,negative,0
食物很难吃，服务员态度极差，完全不推荐大家来踩雷！,1,negative,0
物超所值，值得推荐给所有来马来西亚旅游的朋友。,5,positive,0
"Pengalaman standard, harga sederhana dan servis bersahaja.",3,neutral,0
The steamed Nasi Dagang with tender tuna gulai at this nasi kandar stall in Campbell Street was absolutely outstanding! Loved the fascinating cultural details and architecture and comfortable air-conditioned seating.,4,positive,0
"A must-try culinary gem in Balik Pulau. The Char Kway Teow with duck egg and wok hei was fresh and delicious, accompanied by comfortable air-conditioned seating.",5,positive,0
"Makanan sangat sedap dan staf peramah, layanan terbaik tiada tandingan!",5,positive,0
Rich in tradition and heritage. Exploring the kopitiam with fascinating cultural details and architecture was the highlight of our trip.,4,positive,0
"Very bad experience la, rugi duit and time wasted sitting there.",1,negative,0
"Authentic Malaysian taste at its best! The steamed Nasi Dagang with tender tuna gulai in Bukit Mertajam was top tier, plus beautiful aesthetic presentation.",5,positive,0
物超所值，值得推荐给所有来马来西亚旅游的朋友。,5,positive,0
中规中矩，无功无过，适合路过时简单吃个便饭。,3,neutral,0
"Kuah kari cair dan tawar, nasi keras macam tak masak elok.",1,negative,0
干净卫生，上菜速度快，整体用餐体验非常满意。,4,positive,0
很喜欢,5,positive,0
"tidak selesa dan sangat bising, pengurusan teruk",2,negative,0
Claim your free 500 dollar hotel voucher at http://scam-promo.com right now!,4,neutral,1
物超所值，值得推荐给所有来马来西亚旅游的朋友。,5,positive,0
The spiced Nasi Kandar with dark squid curry and fried chicken at this baba nyonya mansion in Armenian Street was absolutely outstanding! Loved the clear and engaging historical explanations and very helpful and accommodating staff.,5,positive,0
服务非常慢，等了快一个小时都没人理，催单还给脸色看。,1,negative,0
"A must-try culinary gem in Butterworth. The fragrant BM Yam Rice with salted vegetable duck soup was fresh and delicious, accompanied by freshly prepared hot food.",4,positive,0
炒粿条镬气十足，鸭蛋香味浓郁，虾肉新鲜弹牙！,5,positive,0
"The spice garden was decent. There was standard basic facilities, although average waiting times during rush hour could be improved.",3,neutral,0
"Tandas kotor dan bau busuk menyengat, makanan pun rasa basi.",1,negative,0
"Terrible meal. The piping hot Kuih Akok and traditional keropok lekor lacked flavor and freshness, coupled with poor crowd management and disorganised queues and confusing ordering process.",1,negative,0
"Yam rice soup damn solid bro, salted vege duck soup so comforting!",5,positive,0
Disappointing visit to this craft studio. Felt neglected with extremely slow and chaotic service and very poor visitor guidance.,1,negative,0
"Food boleh la, but service a bit slow during weekend rush.",3,neutral,0
Would not return to this clan jetty. The succulent satay skewers with thick peanut gravy was disappointing and the confusing ordering process ruined our mood.,2,negative,0
非常棒的体验，东西很好吃，分量足且性价比很高。,5,positive,0
"Senibina klasik Baba Nyonya yang memukau, banyak sudut bergambar menarik.",5,positive,0
差评,1,negative,0
"was not terrible at all, worth a visit when in Penang",4,positive,0
食物非常好吃，服务态度很亲切，非常推荐大家来尝试！,5,positive,0
"Overhyped tourist stop in Balik Pulau. The Char Kway Teow with duck egg and wok hei was cold, and we had to endure cramped and poorly ventilated space.",2,negative,0
Dirty place,1,negative,0
Claim your free 500 dollar hotel voucher at http://scam-promo.com right now!,3,neutral,1
Pemandangan indah dan staf banyak membantu memberi penerangan sejarah.,5,positive,0
"Authentic Malaysian taste at its best! The majestic 272 steps and cathedral limestone caves in Butterworth was top tier, plus truly memorable and enriching experience.",5,positive,0
"Authentic Malaysian taste at its best! The serene coastal breeze and golden sunset views in Gurney was top tier, plus freshly prepared hot food.",4,positive,0
The crispy Roti Canai with aromatic dhal and mutton curry at this tea house in George Town was absolutely outstanding! Loved the truly memorable and enriching experience and rich authentic flavors.,5,positive,0
"Servis sangat pantas dan mesra, makanan panas dan segar dari dapur.",5,positive,0
"Servis sangat pantas dan mesra, makanan panas dan segar dari dapur.",5,positive,0
娘惹糕点色彩缤纷口感细腻，椰香十足，必吃推荐！,5,positive,0
Get unlimited followers and likes fast dm on instagram @promo_bot_now,5,neutral,1
Rich in tradition and heritage. Exploring the temple garden with fast and efficient table turnover was the highlight of our trip.,5,positive,0
Amazing amazing amazing amazing amazing amazing amazing amazing,3,positive,1
Follow my telegram channel and message me for the best promotion code today on whatsapp,2,neutral,1
An average stop in Balik Pulau featuring a relatively brief walking tour. Nothing particularly extraordinary but acceptable.,3,neutral,0
食物非常好吃，服务态度很亲切，非常推荐大家来尝试！,5,positive,0
"Layanan buruk, pekerja malas dan tempat tidak terurus langsung.",1,negative,0
"Okay la, not bad and not super good either. Standard standard.",3,neutral,0
11111111111 222222222 33333333333 discount call now,1,neutral,1
服务非常慢，等了快一个小时都没人理，催单还给脸色看。,1,negative,0
"Would not return to this heritage restaurant. The authentic Peranakan Nyonya Laksa was disappointing and the cold, greasy and bland food ruined our mood.",1,negative,0
Rich in tradition and heritage. Exploring the temple garden with authentic traditional recipes was the highlight of our trip.,5,positive,0
马马虎虎，算是一个普通的打卡景点吧，顺路可以看看。,3,neutral,0
An average stop in Chinatown featuring basic informative signage. Nothing particularly extraordinary but acceptable.,2,neutral,0
非常失望，排队一个多小时结果食物是冷的而且很难吃。,1,negative,0
"Overhyped tourist stop in Chinatown. The serene coastal breeze and golden sunset views was cold, and we had to endure noisy and stressful environment.",1,negative,0
The engaging docents explaining Baba Nyonya family customs was tasteless and overpriced. The noisy and stressful environment made the dining experience unbearable.,5,negative,1
Bad food,1,negative,0
An average stop in Chinatown featuring a relatively brief walking tour. Nothing particularly extraordinary but acceptable.,3,neutral,0
价格昂贵但质量很差，完全是坑游客的黑店，千万别来。,1,negative,0
Very disappointing,1,negative,0
"Makanan sangat sedap dan staf peramah, layanan terbaik tiada tandingan!",5,positive,0
Fair experience overall with decent place for a quick photo stop. Suits travelers who just want a brief stop.,3,neutral,0
"Mantap gila place, very instagrammable and peaceful to chill out.",4,positive,0
"A must-try culinary gem in Batu Ferringhi. The Char Kway Teow with duck egg and wok hei was fresh and delicious, accompanied by comfortable air-conditioned seating.",5,positive,0
"Authentic Malaysian taste at its best! The fragrant BM Yam Rice with salted vegetable duck soup in Air Itam was top tier, plus rich authentic flavors.",5,positive,0
Incredible food experience in Batu Ferringhi! The majestic 272 steps and cathedral limestone caves had unmatched authentic flavors and authentic traditional recipes.,4,positive,0
干净卫生，上菜速度快，整体用餐体验非常满意。,4,positive,0
Fair experience overall with basic informative signage. Suits travelers who just want a brief stop.,3,neutral,0
asdf qwer zxcv lorem ipsum random review text asdf zxcv,2,neutral,1
马马虎虎，算是一个普通的打卡景点吧，顺路可以看看。,3,neutral,0
"Average taste la, standard tourist price and normal portion size.",3,neutral,0
Free bitcoin giveaway click http://crypto-win.xyz fast before ended,2,neutral,1
Place quite nice for photos but parking susah gila around here.,3,neutral,0
not worth the price or the long queue under the hot sun,1,negative,0
"Overrated gila, queue one hour for tasteless cendol and rude cashier.",1,negative,0
Contact +60123456789 for instant cashback and crypto promo discount vouchers,3,neutral,1
"Hancur mood, cashier buat muka masam and rude when taking orders.",1,negative,0
Claim your free 500 dollar hotel voucher at http://scam-promo.com right now!,2,neutral,1
"Cendol okay je, nothing much to shout about but cools you down.",3,neutral,0
Sedap gila,5,positive,0
食物很难吃，服务员态度极差，完全不推荐大家来踩雷！,1,negative,0
"Overhyped tourist stop in Chinatown. The majestic 272 steps and cathedral limestone caves was cold, and we had to endure noisy and stressful environment.",2,negative,0
不推荐,1,negative,0
"tak sedap langsung, makanan sejuk dan masin melampau",1,negative,0
"Tandas kotor dan bau busuk menyengat, makanan pun rasa basi.",1,negative,0
"tak bagus, servis lambat gila dan tempat berbau hapak",1,negative,0
"Authentic Malaysian taste at its best! The succulent satay skewers with thick peanut gravy in Teluk Bahang was top tier, plus very helpful and accommodating staff.",5,positive,0
The hand-drawn street art murals and vibrant artisan crafts was tasteless and overpriced. The dirty sticky tables and unwashed utensils made the dining experience unbearable.,1,negative,0
Follow my telegram channel and message me for the best promotion code today on whatsapp,5,neutral,1
Poorly maintained heritage rooftop lounge in Gurney. Encountered uncomfortable broken seating and stale ingredients lacking freshness.,2,negative,0
Get unlimited followers and likes fast dm on instagram @promo_bot_now,3,neutral,1
Standard experience in Armenian Street. Food and service had basic informative signage. Convenient for a short rest.,3,neutral,0
Free bitcoin giveaway click http://crypto-win.xyz fast before ended,3,neutral,1
"Overhyped tourist stop in Butterworth. The fragrant BM Yam Rice with salted vegetable duck soup was cold, and we had to endure grossly overpriced tourist trap pricing.",1,negative,0
Sangat berpuas hati dengan kebersihan dan keramahan pekerja di sini.,5,positive,0
"Roti canai crispy gila, kuah kari pekat sedap terangkat!",5,positive,0
干净卫生，上菜速度快，整体用餐体验非常满意。,4,positive,0
"Waited 45 mins just for one plate of fried noodles, never again!",1,negative,0
Wonderful preservation of Malaysian culture in Teluk Bahang. Noticed the beautiful aesthetic presentation and very helpful and accommodating staff.,5,positive,0
Harga cekik darah! Kena caj tersembunyi yang langsung tak masuk akal.,1,negative,0
Expected rich cultural insights but was met with limited food options with many items out of stock and poor crowd management and disorganised queues. Would not recommend.,2,negative,0
"The colonial fort was decent. There was average waiting times during rush hour, although basic informative signage could be improved.",4,neutral,0
Disappointing visit to this baba nyonya mansion. Felt neglected with poor crowd management and disorganised queues and very poor visitor guidance.,1,negative,0
"Pengalaman yang sangat memuaskan, tempat warisan terpelihara dengan indah.",5,positive,0
"Servis sangat pantas dan mesra, makanan panas dan segar dari dapur.",5,positive,0
干净卫生，上菜速度快，整体用餐体验非常满意。,4,positive,0
"Service damn slow, food pun biasa je and overpriced for tourists.",1,negative,0
Such a serene and educational experience at the clan jetty. Impressed by truly memorable and enriching experience and very helpful and accommodating staff.,5,positive,0
食物普通，环境还可以，价格算中规中矩。,3,neutral,0
Very disappointed with the intricate Chinese dragon wood carvings and granite courtyards at this colonial fort in Chinatown. We encountered dirty sticky tables and unwashed utensils and extremely slow and chaotic service.,1,negative,0
"tak mengecewakan, makanan sedap dan servis bagus sangat",5,positive,0
Poorly maintained heritage spice garden in Little India. Encountered grossly overpriced tourist trap pricing and dirty sticky tables and unwashed utensils.,4,negative,1
"tidak ada masalah, urusan sangat lancar dan puas hati",5,positive,0
"Senibina klasik Baba Nyonya yang memukau, banyak sudut bergambar menarik.",5,positive,0
服务非常慢，等了快一个小时都没人理，催单还给脸色看。,1,negative,0
"Expected rich cultural insights but was met with cold, greasy and bland food and poor crowd management and disorganised queues. Would not recommend.",1,negative,0
Incredible historical landmark in Gurney. We appreciated the convenient location and easy accessibility and rich authentic flavors. Highly recommended!,5,positive,0
"Pengurusan sangat lemah, beratur panjang tanpa penerangan jelas.",1,negative,0
Best stop for local food lovers. The freshly steamed Hainanese Kaya butter toast and kampung eggs exceeded expectations with reasonable and transparent prices. Will come back!,2,positive,1
"Super nice heritage vibes, staff helpful gila and knowledgeable.",5,positive,0
Loved the view,5,positive,0
"bukan sedap sangat pun, harga cekik darah untuk pelancong",1,negative,0
"The colonial fort was decent. There was a relatively brief walking tour, although a simple and functional seating layout could be improved.",2,neutral,0
环境优美古色古香，员工很有礼貌，值得带家人再来。,5,positive,0
Best stop for local food lovers. The engaging docents explaining Baba Nyonya family customs exceeded expectations with clear and engaging historical explanations. Will come back!,4,positive,0
Contact +60123456789 for instant cashback and crypto promo discount vouchers,5,neutral,1
"definitely not recommended, horrible service and bad attitude",1,negative,0
"Overhyped tourist stop in Tanjung Bungah. The creamy Cendol with fresh coconut milk and Gula Melaka was cold, and we had to endure rude and arrogant staff attitudes.",2,negative,0
"Layanan cemerlang, rasa masakan asli turun-temurun sangat mengagumkan!",5,positive,0
tak berbaloi dengan harga yang mahal dan porsi sedikit,1,negative,0
Contact +60123456789 for instant cashback and crypto promo discount vouchers,1,neutral,1
"Terrible meal. The crispy Roti Canai with aromatic dhal and mutton curry lacked flavor and freshness, coupled with confusing ordering process and noisy and stressful environment.",1,negative,0
Free bitcoin giveaway click http://crypto-win.xyz fast before ended,3,neutral,1
Incredible food experience in Little India! The fragrant BM Yam Rice with salted vegetable duck soup had unmatched authentic flavors and authentic traditional recipes.,2,positive,1
Tempat warisan bersejarah yang sangat bermakna dan dijaga dengan rapi.,5,positive,0
Rugi duit,1,negative,0
Fair experience overall with acceptable food quality for the price. Suits travelers who just want a brief stop.,2,neutral,0
味道一般般，没有网络上吹捧得那么惊艳。,3,neutral,0
Worth visiting,5,positive,0
"Overhyped tourist stop in Gurney. The piping hot Kuih Akok and traditional keropok lekor was cold, and we had to endure grossly overpriced tourist trap pricing.",4,negative,1
Rich in tradition and heritage. Exploring the craft studio with well organised tour activities was the highlight of our trip.,5,positive,0
"tak pernah rasa cendol sesedap ini, santan pekat manis sedang elok",5,positive,0
"Hancur mood, cashier buat muka masam and rude when taking orders.",1,negative,0
"Pengurusan sangat lemah, beratur panjang tanpa penerangan jelas.",1,negative,0
Best stop for local food lovers. The Char Kway Teow with duck egg and wok hei exceeded expectations with fascinating cultural details and architecture. Will come back!,4,positive,0
Visit my website https://example-deals.com for cheap packages and free gifts,5,neutral,1
"A must-try culinary gem in Chinatown. The Char Kway Teow with duck egg and wok hei was fresh and delicious, accompanied by fast and efficient table turnover.",5,positive,0
"Authentic Malaysian taste at its best! The hand-drawn street art murals and vibrant artisan crafts in Teluk Bahang was top tier, plus clean and well-maintained environment.",4,positive,0
Contact +60123456789 for instant cashback and crypto promo discount vouchers,2,neutral,1
"The tea house was decent. There was standard kopitiam ambiance, although an ordinary tourist stop without surprises could be improved.",2,neutral,0
"not overhyped at all, the char kway teow really delivers top wok hei",5,positive,0
"Average taste la, standard tourist price and normal portion size.",3,neutral,0
"Makanan enak dan harga sangat berpatutan, porsi banyak dan mengenyangkan.",5,positive,0
"not bad at all, really enjoyed the heritage atmosphere and friendly guide",4,positive,0
An average stop in George Town featuring average waiting times during rush hour. Nothing particularly extraordinary but acceptable.,3,neutral,0
Incredible food experience in Chinatown! The piping hot Kuih Akok and traditional keropok lekor had unmatched authentic flavors and clean and well-maintained environment.,1,positive,1
Wonderful preservation of Malaysian culture in Campbell Street. Noticed the truly memorable and enriching experience and reasonable and transparent prices.,5,positive,0
"Authentic Malaysian taste at its best! The freshly steamed Hainanese Kaya butter toast and kampung eggs in Balik Pulau was top tier, plus convenient location and easy accessibility.",5,positive,0
The piping hot Kuih Akok and traditional keropok lekor at this rooftop lounge in Little India was absolutely outstanding! Loved the well organised tour activities and convenient location and easy accessibility.,4,positive,0
Poorly maintained heritage coastal cafe in Air Itam. Encountered uncomfortable broken seating and grossly overpriced tourist trap pricing.,1,negative,0
"Keropok lekor panas gebu, sos pencicah manis pedas memang ngam.",5,positive,0
"not great at all, waited one hour for cold and soggy food",1,negative,0
Mantap,5,positive,0
整体还行，周末游客比较多，稍微有点拥挤。,3,neutral,0
Such a serene and educational experience at the cultural gallery. Impressed by beautiful aesthetic presentation and well organised tour activities.,4,positive,0
"A must-try culinary gem in Armenian Street. The freshly steamed Hainanese Kaya butter toast and kampung eggs was fresh and delicious, accompanied by authentic traditional recipes.",5,positive,0
Great experience,5,positive,0
"tidak rugi datang sini, sangat berbaloi dengan harganya",5,positive,0
赞,5,positive,0
"A must-try culinary gem in Bukit Mertajam. The crispy Roti Canai with aromatic dhal and mutton curry was fresh and delicious, accompanied by beautiful aesthetic presentation.",5,positive,0
"tak menyesal datang sini, semuanya terbaik dan memuaskan",5,positive,0
"Poorly maintained heritage rooftop lounge in Armenian Street. Encountered dirty sticky tables and unwashed utensils and cold, greasy and bland food.",2,negative,0
食物很难吃，服务员态度极差，完全不推荐大家来踩雷！,1,negative,0
"tak rugi langsung cuba laksa nyonya kat sini, sedap terangkat",5,positive,0
Poorly maintained heritage curated museum in Bukit Mertajam. Encountered stale ingredients lacking freshness and cramped and poorly ventilated space.,5,negative,1
Standard experience in Air Itam. Food and service had basic informative signage. Convenient for a short rest.,2,neutral,0
态度差,1,negative,0
环境优美古色古香，员工很有礼貌，值得带家人再来。,5,positive,0
Would not return to this spice garden. The crispy Roti Canai with aromatic dhal and mutton curry was disappointing and the noisy and stressful environment ruined our mood.,1,negative,0
Fair experience overall with average waiting times during rush hour. Suits travelers who just want a brief stop.,4,neutral,0
"Nasi lemak bungkus sambal padu, aroma daun pisang wangian asli.",5,positive,0
Visit my website https://example-deals.com for cheap packages and free gifts,5,neutral,1
Fair experience overall with basic informative signage. Suits travelers who just want a brief stop.,3,neutral,0
Standard experience in Jelutong. Food and service had a relatively brief walking tour. Convenient for a short rest.,3,neutral,0
Visit my website https://example-deals.com for cheap packages and free gifts,2,neutral,1
"Mantap gila place, very instagrammable and peaceful to chill out.",4,positive,0
食物普通，环境还可以，价格算中规中矩。,3,neutral,0
"Overhyped tourist stop in Air Itam. The fragrant BM Yam Rice with salted vegetable duck soup was cold, and we had to endure uncomfortable broken seating.",1,negative,0
Not worth the entrance fee or trip to Batu Ferringhi. The main issue was noisy and stressful environment with grossly overpriced tourist trap pricing.,5,negative,1
"Makanan enak dan harga sangat berpatutan, porsi banyak dan mengenyangkan.",5,positive,0
"Char kway teow padu gila, duck egg yolk so creamy and lots of cockles!",5,positive,0
"tidak mengecewakan, tempat bersejarah yang menarik dan bersih",4,positive,0
Incredible food experience in Air Itam! The serene coastal breeze and golden sunset views had unmatched authentic flavors and fascinating cultural details and architecture.,4,positive,0
非常失望，排队一个多小时结果食物是冷的而且很难吃。,1,negative,0
Standard experience in Bayan Lepas. Food and service had average waiting times during rush hour. Convenient for a short rest.,3,neutral,0
"Food sedap gila and the ambience was top notch, totally recommended!",5,positive,0
煎蕊红豆绵密，椰糖香浓正宗，正宗槟城老字号风味！,5,positive,0
Boleh diterima tetapi perlukan penambahbaikan dari segi kemudahan awam.,3,neutral,0
"Average taste la, standard tourist price and normal portion size.",3,neutral,0
食物非常好吃，服务态度很亲切，非常推荐大家来尝试！,5,positive,0
"Murah and sedap, really worth the visit for genuine foodies.",5,positive,0
Amazing amazing amazing amazing amazing amazing amazing amazing,2,positive,1
Incredible food experience in Balik Pulau! The succulent satay skewers with thick peanut gravy had unmatched authentic flavors and fast and efficient table turnover.,4,positive,0
Poorly maintained heritage temple garden in Campbell Street. Encountered dirty sticky tables and unwashed utensils and over an hour waiting time for simple orders.,4,negative,1
Harga mahal melampau tapi kualiti teruk dan mengecewakan selera.,1,negative,0
"Overhyped tourist stop in Bukit Mertajam. The piping hot Kuih Akok and traditional keropok lekor was cold, and we had to endure grossly overpriced tourist trap pricing.",1,negative,0
Service tip top and food comes super fast. Truly steady la!,5,positive,0
Best stop for local food lovers. The intricate Chinese dragon wood carvings and granite courtyards exceeded expectations with rich authentic flavors. Will come back!,5,positive,0
Free bitcoin giveaway click http://crypto-win.xyz fast before ended,3,neutral,1
Terrible service,1,negative,0
"Pengalaman yang sangat memuaskan, tempat warisan terpelihara dengan indah.",5,positive,0
"Staf sangat biadab dan tempat kotor berdebu, tandas tidak dibersihkan.",1,negative,0
极其恶劣的体验，千万别来浪费宝贵的旅游假期。,1,negative,0
"not bad at all, really enjoyed the heritage atmosphere and friendly guide",4,positive,0
"not bad at all, really enjoyed the heritage atmosphere and friendly guide",4,positive,0
"Overhyped tourist stop in Tanjung Bungah. The succulent satay skewers with thick peanut gravy was cold, and we had to endure unclear information and lack of signages.",2,negative,0
很喜欢,5,positive,0
Pekerja bermasam muka dan berkira bila minta sudu tambahan.,1,negative,0
Very good place,5,positive,0
"Sangat teruk, tak akan syorkan kepada sesiapa pun untuk datang.",1,negative,0
Would not return to this night market bazaar. The authentic Peranakan Nyonya Laksa was disappointing and the uncomfortable broken seating ruined our mood.,1,negative,0
tak berbaloi dengan harga yang mahal dan porsi sedikit,1,negative,0
Sangat berpuas hati dengan kebersihan dan keramahan pekerja di sini.,5,positive,0
炒粿条镬气十足，鸭蛋香味浓郁，虾肉新鲜弹牙！,5,positive,0
"Very disappointed with the authentic Peranakan Nyonya Laksa at this cultural gallery in Air Itam. We encountered cold, greasy and bland food and uncomfortable broken seating.",2,negative,0
"The street mural spot was decent. There was standard kopitiam ambiance, although standard kopitiam ambiance could be improved.",3,neutral,0
Visit my website https://example-deals.com for cheap packages and free gifts,3,neutral,1
Amazing amazing amazing amazing amazing amazing amazing amazing,1,positive,1
Best stop for local food lovers. The authentic Peranakan Nyonya Laksa exceeded expectations with clean and well-maintained environment. Will come back!,4,positive,0
Not recommended,1,negative,0
Fair experience overall with a relatively brief walking tour. Suits travelers who just want a brief stop.,3,neutral,0
"Average taste la, standard tourist price and normal portion size.",3,neutral,0
Free bitcoin giveaway click http://crypto-win.xyz fast before ended,4,neutral,1
"Dirty tables everywhere, damn disgusting experience and smelly toilet.",1,negative,0
"The street mural spot was decent. There was acceptable food quality for the price, although average waiting times during rush hour could be improved.",4,neutral,0
asdf qwer zxcv lorem ipsum random review text asdf zxcv,5,neutral,1
"Tandas kotor dan bau busuk menyengat, makanan pun rasa basi.",1,negative,0
"Overhyped tourist stop in Balik Pulau. The piping hot Kuih Akok and traditional keropok lekor was cold, and we had to endure confusing ordering process.",1,negative,0
"Cendol memang mantap, authentic Penang taste so syok and refreshing!",5,positive,0
"Nothing special la, can try once if you are walking nearby.",3,neutral,0
Buy now limited offer discount discount discount contact me for free vouchers,2,neutral,1
"Pengalaman yang sangat memuaskan, tempat warisan terpelihara dengan indah.",5,positive,0
"A must-try culinary gem in Butterworth. The crispy Roti Canai with aromatic dhal and mutton curry was fresh and delicious, accompanied by beautiful aesthetic presentation.",1,positive,1
"Servis sangat pantas dan mesra, makanan panas dan segar dari dapur.",5,positive,0
食物非常好吃，服务态度很亲切，非常推荐大家来尝试！,5,positive,0
炒粿条镬气十足，鸭蛋香味浓郁，虾肉新鲜弹牙！,5,positive,0
Bad food,1,negative,0
"not bad la, food sedap and price okay for family",4,positive,0
The steamed Nasi Dagang with tender tuna gulai at this baba nyonya mansion in Campbell Street was absolutely outstanding! Loved the generous portion sizes and truly memorable and enriching experience.,2,positive,1
"tak menyesal datang sini, semuanya terbaik dan memuaskan",5,positive,0
"Tandas kotor dan bau busuk menyengat, makanan pun rasa basi.",1,negative,0
Rich in tradition and heritage. Exploring the street mural spot with rich authentic flavors was the highlight of our trip.,4,positive,0
Free bitcoin giveaway click http://crypto-win.xyz fast before ended,1,neutral,1
"Food sedap gila and the ambience was top notch, totally recommended!",5,positive,0
"did not like it, very confusing and disorganized place",1,negative,0
Expected rich cultural insights but was met with dirty sticky tables and unwashed utensils and rude and arrogant staff attitudes. Would not recommend.,2,negative,0
Loved every bite of the Char Kway Teow with duck egg and wok hei. The truly memorable and enriching experience and clear and engaging historical explanations made our visit thoroughly enjoyable.,5,positive,0
"Staff very rude, tempat kotor gila potong stim bila nak makan.",1,negative,0
Wonderful preservation of Malaysian culture in Jelutong. Noticed the clear and engaging historical explanations and fast and efficient table turnover.,4,positive,0
Buy now limited offer discount discount discount contact me for free vouchers,1,neutral,1
炒粿条镬气十足，鸭蛋香味浓郁，虾肉新鲜弹牙！,5,positive,0
Loved every bite of the majestic 272 steps and cathedral limestone caves. The clean and well-maintained environment and authentic traditional recipes made our visit thoroughly enjoyable.,5,positive,0
"tak best langsung, rugi masa dan duit datang jauh-jauh",1,negative,0
又贵又难吃，环境脏乱差，给一颗星都嫌多！,1,negative,0
极其恶劣的体验，千万别来浪费宝贵的旅游假期。,1,negative,0
Wonderful preservation of Malaysian culture in Butterworth. Noticed the fascinating cultural details and architecture and comfortable air-conditioned seating.,5,positive,0
"Authentic Malaysian taste at its best! The intricate Chinese dragon wood carvings and granite courtyards in Armenian Street was top tier, plus freshly prepared hot food.",4,positive,0
"Murah and sedap, really worth the visit for genuine foodies.",5,positive,0
Standard experience in George Town. Food and service had an ordinary tourist stop without surprises. Convenient for a short rest.,2,neutral,0
"tak pernah rasa cendol sesedap ini, santan pekat manis sedang elok",5,positive,0
Follow my telegram channel and message me for the best promotion code today on whatsapp,2,neutral,1
"Tempat panas dan tidak selesa, kipas rosak dan staf buat endah tak endah.",1,negative,0
"Pengalaman standard, harga sederhana dan servis bersahaja.",3,neutral,0
Rich in tradition and heritage. Exploring the street mural spot with reasonable and transparent prices was the highlight of our trip.,4,positive,0
Wonderful preservation of Malaysian culture in Butterworth. Noticed the well organised tour activities and very helpful and accommodating staff.,4,positive,0
The UNESCO heritage indigo courtyards and feng shui architecture at this kopitiam in Little India was absolutely outstanding! Loved the convenient location and easy accessibility and clear and engaging historical explanations.,4,positive,0
"Nasi kandar padu, kuah campur pekat dan ayam goreng berempah rangup!",5,positive,0
"Nasi kandar padu, kuah campur pekat dan ayam goreng berempah rangup!",5,positive,0
"tidak ada masalah, urusan sangat lancar dan puas hati",5,positive,0
Visit my website https://example-deals.com for cheap packages and free gifts,2,neutral,1
"tidak rugi datang sini, sangat berbaloi dengan harganya",5,positive,0
态度差,1,negative,0
Incredible food experience in Tanjung Bungah! The fragrant BM Yam Rice with salted vegetable duck soup had unmatched authentic flavors and friendly and attentive service.,5,positive,0
"not acceptable hygiene, found flies in the dining area",1,negative,0
物超所值，值得推荐给所有来马来西亚旅游的朋友。,5,positive,0
"Terrible meal. The authentic Peranakan Nyonya Laksa lacked flavor and freshness, coupled with unclear information and lack of signages and limited food options with many items out of stock.",2,negative,0
整体还行，周末游客比较多，稍微有点拥挤。,3,neutral,0
管理混乱，排队毫无秩序，态度极其恶劣差劲。,1,negative,0
"Makanan sangat sedap dan staf peramah, layanan terbaik tiada tandingan!",5,positive,0
The UNESCO heritage indigo courtyards and feng shui architecture was tasteless and overpriced. The stale ingredients lacking freshness made the dining experience unbearable.,1,negative,0
The majestic 272 steps and cathedral limestone caves was tasteless and overpriced. The dirty sticky tables and unwashed utensils made the dining experience unbearable.,4,negative,1
Such a serene and educational experience at the street mural spot. Impressed by friendly and attentive service and comfortable air-conditioned seating.,5,positive,0
"Overhyped tourist stop in Balik Pulau. The UNESCO heritage indigo courtyards and feng shui architecture was cold, and we had to endure grossly overpriced tourist trap pricing.",2,negative,0
Service tip top and food comes super fast. Truly steady la!,5,positive,0
"Waited 45 mins just for one plate of fried noodles, never again!",1,negative,0
Overpriced and slow,1,negative,0
"Overhyped tourist stop in Balik Pulau. The fragrant BM Yam Rice with salted vegetable duck soup was cold, and we had to endure poor crowd management and disorganised queues.",2,negative,0
"Terrible meal. The Char Kway Teow with duck egg and wok hei lacked flavor and freshness, coupled with noisy and stressful environment and stale ingredients lacking freshness.",1,negative,0
Expected rich cultural insights but was met with poor crowd management and disorganised queues and limited food options with many items out of stock. Would not recommend.,1,negative,0
"Authentic Malaysian taste at its best! The majestic 272 steps and cathedral limestone caves in Armenian Street was top tier, plus fast and efficient table turnover.",1,positive,1
"Mantap gila place, very instagrammable and peaceful to chill out.",4,positive,0
The spiced Nasi Kandar with dark squid curry and fried chicken at this coastal cafe in Batu Ferringhi was absolutely outstanding! Loved the generous portion sizes and well organised tour activities.,4,positive,0
"Layanan cemerlang, rasa masakan asli turun-temurun sangat mengagumkan!",5,positive,0
管理混乱，排队毫无秩序，态度极其恶劣差劲。,1,negative,0
Such a serene and educational experience at the heritage restaurant. Impressed by fascinating cultural details and architecture and freshly prepared hot food.,4,positive,0
Rich in tradition and heritage. Exploring the satay stall with fascinating cultural details and architecture was the highlight of our trip.,5,positive,0
Wonderful preservation of Malaysian culture in Air Itam. Noticed the fast and efficient table turnover and very helpful and accommodating staff.,5,positive,0
难吃,1,negative,0
Visit my website https://example-deals.com for cheap packages and free gifts,5,neutral,1
Incredible historical landmark in Jelutong. We appreciated the fast and efficient table turnover and well organised tour activities. Highly recommended!,4,positive,0
An average stop in Jelutong featuring an ordinary tourist stop without surprises. Nothing particularly extraordinary but acceptable.,3,neutral,0
An average stop in Jelutong featuring standard basic facilities. Nothing particularly extraordinary but acceptable.,4,neutral,0
"Pengurusan sangat lemah, beratur panjang tanpa penerangan jelas.",1,negative,0
tidak sedap dan staf sangat biadab bila pelanggan tanya,1,negative,0
"not overhyped at all, the char kway teow really delivers top wok hei",5,positive,0
"Tempat panas dan tidak selesa, kipas rosak dan staf buat endah tak endah.",1,negative,0
"Suasana bersih, tenang dan selesa. Pasti akan datang lagi bila ke sini.",5,positive,0
"Layanan buruk, pekerja malas dan tempat tidak terurus langsung.",1,negative,0
食物非常好吃，服务态度很亲切，非常推荐大家来尝试！,5,positive,0
Harga mahal melampau tapi kualiti teruk dan mengecewakan selera.,1,negative,0
Would not return to this tea house. The crispy Roti Canai with aromatic dhal and mutton curry was disappointing and the cramped and poorly ventilated space ruined our mood.,2,negative,0
"Authentic Malaysian taste at its best! The creamy Cendol with fresh coconut milk and Gula Melaka in Gurney was top tier, plus well organised tour activities.",5,positive,0
Buy now limited offer discount discount discount contact me for free vouchers,1,neutral,1
Very disappointed with the steamed Nasi Dagang with tender tuna gulai at this nature trail in Air Itam. We encountered stale ingredients lacking freshness and unclear information and lack of signages.,1,negative,0
Not worth the entrance fee or trip to Balik Pulau. The main issue was extremely slow and chaotic service with poor crowd management and disorganised queues.,1,negative,0
马马虎虎，算是一个普通的打卡景点吧，顺路可以看看。,3,neutral,0
Harga cekik darah! Kena caj tersembunyi yang langsung tak masuk akal.,1,negative,0
Best stop for local food lovers. The spiced Nasi Kandar with dark squid curry and fried chicken exceeded expectations with clean and well-maintained environment. Will come back!,2,positive,1
"Super nice heritage vibes, staff helpful gila and knowledgeable.",5,positive,0
食物普通，环境还可以，价格算中规中矩。,3,neutral,0
Standard experience in Tanjung Bungah. Food and service had standard kopitiam ambiance. Convenient for a short rest.,3,neutral,0
Buy now limited offer discount discount discount contact me for free vouchers,2,neutral,1
A breathtaking cultural stop in Bayan Lepas! The spiced Nasi Kandar with dark squid curry and fried chicken and reasonable and transparent prices made it deeply memorable.,5,positive,0
"Biasa sahaja, makanan boleh tahan tapi tiada yang begitu istimewa.",3,neutral,0
"Layanan cemerlang, rasa masakan asli turun-temurun sangat mengagumkan!",5,positive,0
好吃,5,positive,0
A breathtaking cultural stop in Little India! The intricate Chinese dragon wood carvings and granite courtyards and fascinating cultural details and architecture made it deeply memorable.,5,positive,0
"Keropok lekor panas gebu, sos pencicah manis pedas memang ngam.",5,positive,0
Wonderful preservation of Malaysian culture in Campbell Street. Noticed the clear and engaging historical explanations and authentic traditional recipes.,5,positive,0
Such a serene and educational experience at the temple garden. Impressed by convenient location and easy accessibility and rich authentic flavors.,2,positive,1
Disappointing visit to this curated museum. Felt neglected with cramped and poorly ventilated space and very poor visitor guidance.,5,negative,1
"Layanan buruk, pekerja malas dan tempat tidak terurus langsung.",1,negative,0
Follow my telegram channel and message me for the best promotion code today on whatsapp,4,neutral,1
The serene coastal breeze and golden sunset views was tasteless and overpriced. The unclear information and lack of signages made the dining experience unbearable.,1,negative,0
Fair experience overall with decent place for a quick photo stop. Suits travelers who just want a brief stop.,3,neutral,0
Visited this clan jetty in Little India. It offered a moderate selection of local dishes. An okay stop overall if you are nearby.,4,neutral,0
"tak menghampakan, memang berbaloi singgah sini makan malam",5,positive,0
Contact +60123456789 for instant cashback and crypto promo discount vouchers,1,neutral,1
整体还行，周末游客比较多，稍微有点拥挤。,3,neutral,0
炒粿条镬气十足，鸭蛋香味浓郁，虾肉新鲜弹牙！,5,positive,0
"Authentic Malaysian taste at its best! The creamy Cendol with fresh coconut milk and Gula Melaka in Chinatown was top tier, plus truly memorable and enriching experience.",5,positive,0
Rich in tradition and heritage. Exploring the curated museum with comfortable air-conditioned seating was the highlight of our trip.,5,positive,0
Great experience,5,positive,0
"was not bad, pretty nice spot for afternoon tea and dessert",4,positive,0
Very disappointed with the steamed Nasi Dagang with tender tuna gulai at this clan jetty in George Town. We encountered unclear information and lack of signages and dirty sticky tables and unwashed utensils.,2,negative,0
Incredible food experience in Gurney! The intricate Chinese dragon wood carvings and granite courtyards had unmatched authentic flavors and authentic traditional recipes.,5,positive,0
Lokasi strategik dan tempat menarik untuk pelancong yang sukakan seni warisan.,4,positive,0
Visited this craft studio in Teluk Bahang. It offered basic informative signage. An okay stop overall if you are nearby.,4,neutral,0
好吃,5,positive,0
Mengecewakan,1,negative,0
Free bitcoin giveaway click http://crypto-win.xyz fast before ended,5,neutral,1
tidak sedap dan staf sangat biadab bila pelanggan tanya,1,negative,0
"Terrible meal. The crispy Roti Canai with aromatic dhal and mutton curry lacked flavor and freshness, coupled with stale ingredients lacking freshness and grossly overpriced tourist trap pricing.",1,negative,0
Terbaik,5,positive,0
Expected rich cultural insights but was met with dirty sticky tables and unwashed utensils and stale ingredients lacking freshness. Would not recommend.,2,negative,0
煎蕊红豆绵密，椰糖香浓正宗，正宗槟城老字号风味！,5,positive,0
Visited this kopitiam in Tanjung Bungah. It offered a moderate selection of local dishes. An okay stop overall if you are nearby.,4,neutral,0
Standard experience in Jelutong. Food and service had an ordinary tourist stop without surprises. Convenient for a short rest.,3,neutral,0
Rich in tradition and heritage. Exploring the colonial fort with rich authentic flavors was the highlight of our trip.,4,positive,0
Service tip top and food comes super fast. Truly steady la!,5,positive,0
Bad bad bad bad bad bad bad bad bad bad bad,2,negative,1
Incredible food experience in Armenian Street! The steamed Nasi Dagang with tender tuna gulai had unmatched authentic flavors and friendly and attentive service.,5,positive,0
Standard experience in Jelutong. Food and service had decent place for a quick photo stop. Convenient for a short rest.,3,neutral,0
食物新鲜美味，老板很热情好客，五星好评！,5,positive,0
Would not return to this nasi kandar stall. The authentic Peranakan Nyonya Laksa was disappointing and the rude and arrogant staff attitudes ruined our mood.,4,negative,1
"Murah and sedap, really worth the visit for genuine foodies.",5,positive,0
Rich in tradition and heritage. Exploring the clan jetty with convenient location and easy accessibility was the highlight of our trip.,5,positive,0
Follow my telegram channel and message me for the best promotion code today on whatsapp,2,neutral,1
Get unlimited followers and likes fast dm on instagram @promo_bot_now,5,neutral,1
不推荐,1,negative,0
"Makanan tak sedap dan servis sangat lambat, kami tunggu hampir sejam.",1,negative,0
"Rugi masa datang sini, langsung tiada apa yang menarik seperti diiklan.",1,negative,0
"Food boleh la, but service a bit slow during weekend rush.",3,neutral,0
马马虎虎，算是一个普通的打卡景点吧，顺路可以看看。,3,neutral,0
Visited this heritage restaurant in Gurney. It offered standard basic facilities. An okay stop overall if you are nearby.,3,neutral,0
Fair experience overall with standard basic facilities. Suits travelers who just want a brief stop.,3,neutral,0
"Food boleh la, but service a bit slow during weekend rush.",3,neutral,0
"Nothing special la, can try once if you are walking nearby.",3,neutral,0
Fair experience overall with decent place for a quick photo stop. Suits travelers who just want a brief stop.,3,neutral,0
Amazing amazing amazing amazing amazing amazing amazing amazing,2,positive,1
Wonderful preservation of Malaysian culture in Teluk Bahang. Noticed the well organised tour activities and fast and efficient table turnover.,5,positive,0
价格昂贵但质量很差，完全是坑游客的黑店，千万别来。,1,negative,0
"Rugi masa datang sini, langsung tiada apa yang menarik seperti diiklan.",1,negative,0
Expected rich cultural insights but was met with stale ingredients lacking freshness and limited food options with many items out of stock. Would not recommend.,5,negative,1
"tak mesra langsung, staf buat muka masam dan campak menu",1,negative,0
"Makanan enak dan harga sangat berpatutan, porsi banyak dan mengenyangkan.",5,positive,0
Best stop for local food lovers. The crispy Roti Canai with aromatic dhal and mutton curry exceeded expectations with very helpful and accommodating staff. Will come back!,5,positive,0
"tidak bersih dan meja melekit, rasa loya nak makan",1,negative,0
体验非常糟糕，管理混乱，完全不值得花费时间和金钱。,1,negative,0
Terbaik,5,positive,0
"Makanan enak dan harga sangat berpatutan, porsi banyak dan mengenyangkan.",5,positive,0
Not worth the entrance fee or trip to Chinatown. The main issue was cramped and poorly ventilated space with over an hour waiting time for simple orders.,2,negative,0
Would not return to this craft studio. The hand-drawn street art murals and vibrant artisan crafts was disappointing and the confusing ordering process ruined our mood.,2,negative,0
Incredible food experience in Campbell Street! The fragrant BM Yam Rice with salted vegetable duck soup had unmatched authentic flavors and rich authentic flavors.,2,positive,1
Incredible historical landmark in Teluk Bahang. We appreciated the fascinating cultural details and architecture and beautiful aesthetic presentation. Highly recommended!,5,positive,0
Disappointing visit to this cultural gallery. Felt neglected with uncomfortable broken seating and very poor visitor guidance.,1,negative,0
Terrible,1,negative,0
Wonderful preservation of Malaysian culture in George Town. Noticed the freshly prepared hot food and truly memorable and enriching experience.,4,positive,0
态度差,1,negative,0
Sangat berpuas hati dengan kebersihan dan keramahan pekerja di sini.,5,positive,0
"A must-try culinary gem in Campbell Street. The spiced Nasi Kandar with dark squid curry and fried chicken was fresh and delicious, accompanied by truly memorable and enriching experience.",1,positive,1
"Rugi masa datang sini, langsung tiada apa yang menarik seperti diiklan.",1,negative,0
"was not impressed, disappointing quality and stale meat",2,negative,0
The intricate Chinese dragon wood carvings and granite courtyards at this colonial fort in Tanjung Bungah was absolutely outstanding! Loved the rich authentic flavors and reasonable and transparent prices.,4,positive,0
"Rasa makanan biasa, harga berpatutan dengan saiz hidangan.",3,neutral,0
"Terrible meal. The steamed Nasi Dagang with tender tuna gulai lacked flavor and freshness, coupled with over an hour waiting time for simple orders and extremely slow and chaotic service.",1,negative,0
"Sederhana sahaja, sesuai untuk singgah sebentar jika lalu di kawasan ini.",3,neutral,0
Fair experience overall with basic informative signage. Suits travelers who just want a brief stop.,4,neutral,0
"Authentic Malaysian taste at its best! The crispy Roti Canai with aromatic dhal and mutton curry in Armenian Street was top tier, plus truly memorable and enriching experience.",5,positive,0
Disappointing visit to this rooftop lounge. Felt neglected with limited food options with many items out of stock and very poor visitor guidance.,2,negative,0
Best stop for local food lovers. The intricate Chinese dragon wood carvings and granite courtyards exceeded expectations with clean and well-maintained environment. Will come back!,5,positive,0
"Cendol pulut terbaik di George Town, manis berlemak santan segar.",5,positive,0
Mengecewakan,1,negative,0
"not worth visiting, totally overrated and overpriced tourist trap",1,negative,0
Sangat berpuas hati dengan kebersihan dan keramahan pekerja di sini.,5,positive,0
"not bad, quite liked the food and friendly service",4,positive,0
Worth visiting,5,positive,0
Very good place,5,positive,0
"not acceptable hygiene, found flies in the dining area",1,negative,0
"A must-try culinary gem in Bayan Lepas. The authentic Peranakan Nyonya Laksa was fresh and delicious, accompanied by truly memorable and enriching experience.",5,positive,0
A breathtaking cultural stop in Little India! The majestic 272 steps and cathedral limestone caves and clean and well-maintained environment made it deeply memorable.,1,positive,1
Lokasi strategik dan tempat menarik untuk pelancong yang sukakan seni warisan.,4,positive,0
Would not return to this heritage restaurant. The hand-drawn street art murals and vibrant artisan crafts was disappointing and the over an hour waiting time for simple orders ruined our mood.,5,negative,1
"Food sedap gila and the ambience was top notch, totally recommended!",5,positive,0
非常棒的古迹景点，建筑与壁画保存得非常完善。,5,positive,0
"not acceptable hygiene, found flies in the dining area",1,negative,0
Sedap gila,5,positive,0
"not disappointed with the visit, everything was great and tasty",5,positive,0
Incredible historical landmark in Chinatown. We appreciated the friendly and attentive service and well organised tour activities. Highly recommended!,4,positive,0
Not worth the entrance fee or trip to Tanjung Bungah. The main issue was limited food options with many items out of stock with uncomfortable broken seating.,4,negative,1
The hand-drawn street art murals and vibrant artisan crafts at this street mural spot in Bayan Lepas was absolutely outstanding! Loved the authentic traditional recipes and beautiful aesthetic presentation.,5,positive,0
"Terrible meal. The authentic Peranakan Nyonya Laksa lacked flavor and freshness, coupled with stale ingredients lacking freshness and noisy and stressful environment.",4,negative,1
Fair experience overall with average waiting times during rush hour. Suits travelers who just want a brief stop.,3,neutral,0
"Staff very rude, tempat kotor gila potong stim bila nak makan.",1,negative,0
环境优美古色古香，员工很有礼貌，值得带家人再来。,5,positive,0
Tempat kotor,1,negative,0
Rich in tradition and heritage. Exploring the heritage restaurant with beautiful aesthetic presentation was the highlight of our trip.,5,positive,0
"Place nice gila, staff very friendly and polite throughout our visit.",5,positive,0
"tak best langsung, rugi masa dan duit datang jauh-jauh",1,negative,0
"Staff very rude, tempat kotor gila potong stim bila nak makan.",1,negative,0
Get unlimited followers and likes fast dm on instagram @promo_bot_now,2,neutral,1
Such a serene and educational experience at the baba nyonya mansion. Impressed by convenient location and easy accessibility and freshly prepared hot food.,5,positive,0
"A must-try culinary gem in Balik Pulau. The authentic Peranakan Nyonya Laksa was fresh and delicious, accompanied by truly memorable and enriching experience.",5,positive,0
"Nasi lemak bungkus sambal padu, aroma daun pisang wangian asli.",5,positive,0
整体还行，周末游客比较多，稍微有点拥挤。,3,neutral,0
A breathtaking cultural stop in Campbell Street! The freshly steamed Hainanese Kaya butter toast and kampung eggs and clean and well-maintained environment made it deeply memorable.,5,positive,0
"Food sedap gila and the ambience was top notch, totally recommended!",5,positive,0
"Nothing special la, can try once if you are walking nearby.",3,neutral,0
Best stop for local food lovers. The hand-drawn street art murals and vibrant artisan crafts exceeded expectations with well organised tour activities. Will come back!,1,positive,1
体验非常糟糕，管理混乱，完全不值得花费时间和金钱。,1,negative,0
The engaging docents explaining Baba Nyonya family customs was tasteless and overpriced. The uncomfortable broken seating made the dining experience unbearable.,1,negative,0
"Service damn slow, food pun biasa je and overpriced for tourists.",1,negative,0
Bad bad bad bad bad bad bad bad bad bad bad,2,negative,1
Pekerja bermasam muka dan berkira bila minta sudu tambahan.,1,negative,0
Incredible historical landmark in Batu Ferringhi. We appreciated the clear and engaging historical explanations and truly memorable and enriching experience. Highly recommended!,4,positive,0
asdf qwer zxcv lorem ipsum random review text asdf zxcv,4,neutral,1
"The temple garden was decent. There was average waiting times during rush hour, although a moderate selection of local dishes could be improved.",2,neutral,0
Clean and tidy,4,positive,0
"Place nice gila, staff very friendly and polite throughout our visit.",5,positive,0
Visited this rooftop lounge in Armenian Street. It offered decent place for a quick photo stop. An okay stop overall if you are nearby.,4,neutral,0
文化底蕴深厚，讲解员解说很清楚，很有收获的文化之旅。,5,positive,0
"Kuah kari cair dan tawar, nasi keras macam tak masak elok.",1,negative,0
"Dirty tables everywhere, damn disgusting experience and smelly toilet.",1,negative,0
"A must-try culinary gem in Butterworth. The steamed Nasi Dagang with tender tuna gulai was fresh and delicious, accompanied by fast and efficient table turnover.",5,positive,0
"Makanan sangat sedap dan staf peramah, layanan terbaik tiada tandingan!",5,positive,0
"Overhyped tourist stop in Bukit Mertajam. The freshly steamed Hainanese Kaya butter toast and kampung eggs was cold, and we had to endure unclear information and lack of signages.",1,negative,0
干净卫生，上菜速度快，整体用餐体验非常满意。,4,positive,0
Poorly maintained heritage bakery in Chinatown. Encountered over an hour waiting time for simple orders and dirty sticky tables and unwashed utensils.,1,negative,0
"Cendol pulut terbaik di George Town, manis berlemak santan segar.",5,positive,0
"Tandas kotor dan bau busuk menyengat, makanan pun rasa basi.",1,negative,0
"no customer care at all, ignored by waiters for 40 minutes",1,negative,0
Good food,4,positive,0
"Suasana bersih, tenang dan selesa. Pasti akan datang lagi bila ke sini.",5,positive,0
"Authentic Malaysian taste at its best! The freshly steamed Hainanese Kaya butter toast and kampung eggs in Gurney was top tier, plus authentic traditional recipes.",4,positive,0
"Murah and sedap, really worth the visit for genuine foodies.",5,positive,0
Best stop for local food lovers. The piping hot Kuih Akok and traditional keropok lekor exceeded expectations with authentic traditional recipes. Will come back!,2,positive,1
A breathtaking cultural stop in Balik Pulau! The succulent satay skewers with thick peanut gravy and generous portion sizes made it deeply memorable.,1,positive,1
Expected rich cultural insights but was met with confusing ordering process and dirty sticky tables and unwashed utensils. Would not recommend.,1,negative,0
Incredible historical landmark in Air Itam. We appreciated the well organised tour activities and authentic traditional recipes. Highly recommended!,2,positive,1
"Rasa makanan biasa, harga berpatutan dengan saiz hidangan.",3,neutral,0
Free bitcoin giveaway click http://crypto-win.xyz fast before ended,4,neutral,1
"tak menghampakan, memang berbaloi singgah sini makan malam",5,positive,0
"not acceptable hygiene, found flies in the dining area",1,negative,0
Would not return to this cultural gallery. The succulent satay skewers with thick peanut gravy was disappointing and the stale ingredients lacking freshness ruined our mood.,4,negative,1
"tak best langsung, rugi masa dan duit datang jauh-jauh",1,negative,0
"The heritage restaurant was decent. There was standard basic facilities, although average waiting times during rush hour could be improved.",4,neutral,0
Friendly staff,5,positive,0
价格昂贵但质量很差，完全是坑游客的黑店，千万别来。,1,negative,0
"A must-try culinary gem in Gurney. The fragrant BM Yam Rice with salted vegetable duck soup was fresh and delicious, accompanied by authentic traditional recipes.",4,positive,0
又贵又难吃，环境脏乱差，给一颗星都嫌多！,1,negative,0
"was not bad, pretty nice spot for afternoon tea and dessert",4,positive,0
Expected rich cultural insights but was met with extremely slow and chaotic service and poor crowd management and disorganised queues. Would not recommend.,4,negative,1
Free bitcoin giveaway click http://crypto-win.xyz fast before ended,5,neutral,1
食物不新鲜，吃完回去肚子不舒服，卫生令人担忧。,1,negative,0
卫生条件很差，桌子油腻腻的，服务态度傲慢无礼。,1,negative,0
风景很美，拍照很好看，全家人都很喜欢这个历史古迹。,5,positive,0
Expected rich cultural insights but was met with uncomfortable broken seating and poor crowd management and disorganised queues. Would not recommend.,2,negative,0
The crispy Roti Canai with aromatic dhal and mutton curry was tasteless and overpriced. The stale ingredients lacking freshness made the dining experience unbearable.,2,negative,0
Servis teruk,1,negative,0
"not great at all, waited one hour for cold and soggy food",1,negative,0
"was not impressed, disappointing quality and stale meat",2,negative,0
"Lekor panas-panas, best gila wei! Must try if you come here!",5,positive,0
"tidak menghampakan, layanan staf sangat mesra dan prihatin",5,positive,0
"definitely not recommended, horrible service and bad attitude",1,negative,0
"Hancur mood, cashier buat muka masam and rude when taking orders.",1,negative,0
"Food cold and tasteless, price like 5 star hotel but hawker standard.",1,negative,0
"Average taste la, standard tourist price and normal portion size.",3,neutral,0
极其恶劣的体验，千万别来浪费宝贵的旅游假期。,1,negative,0
"Sederhana sahaja, sesuai untuk singgah sebentar jika lalu di kawasan ini.",3,neutral,0
"Terrible meal. The spiced Nasi Kandar with dark squid curry and fried chicken lacked flavor and freshness, coupled with rude and arrogant staff attitudes and dirty sticky tables and unwashed utensils.",1,negative,0
体验非常糟糕，管理混乱，完全不值得花费时间和金钱。,1,negative,0
"went without any problems, staff was super helpful and caring",5,positive,0
卫生条件很差，桌子油腻腻的，服务态度傲慢无礼。,1,negative,0
"tak rugi langsung cuba laksa nyonya kat sini, sedap terangkat",5,positive,0
Visit my website https://example-deals.com for cheap packages and free gifts,2,neutral,1
Fair experience overall with average waiting times during rush hour. Suits travelers who just want a brief stop.,3,neutral,0
Would not return to this rooftop lounge. The intricate Chinese dragon wood carvings and granite courtyards was disappointing and the extremely slow and chaotic service ruined our mood.,2,negative,0
Expected rich cultural insights but was met with rude and arrogant staff attitudes and poor crowd management and disorganised queues. Would not recommend.,2,negative,0
An average stop in Gurney featuring a moderate selection of local dishes. Nothing particularly extraordinary but acceptable.,2,neutral,0
Rich in tradition and heritage. Exploring the street mural spot with comfortable air-conditioned seating was the highlight of our trip.,5,positive,0
The serene coastal breeze and golden sunset views at this satay stall in Butterworth was absolutely outstanding! Loved the rich authentic flavors and fascinating cultural details and architecture.,5,positive,0
"Senibina klasik Baba Nyonya yang memukau, banyak sudut bergambar menarik.",5,positive,0
Loved every bite of the piping hot Kuih Akok and traditional keropok lekor. The convenient location and easy accessibility and friendly and attentive service made our visit thoroughly enjoyable.,2,positive,1
Very disappointed with the succulent satay skewers with thick peanut gravy at this temple garden in Armenian Street. We encountered confusing ordering process and stale ingredients lacking freshness.,1,negative,0
"was not terrible at all, worth a visit when in Penang",4,positive,0
Would not return to this heritage restaurant. The engaging docents explaining Baba Nyonya family customs was disappointing and the noisy and stressful environment ruined our mood.,4,negative,1
食物新鲜美味，老板很热情好客，五星好评！,5,positive,0
"Very disappointed with the majestic 272 steps and cathedral limestone caves at this street mural spot in Little India. We encountered cold, greasy and bland food and over an hour waiting time for simple orders.",5,negative,1
"Kuah kari cair dan tawar, nasi keras macam tak masak elok.",1,negative,0
Expected rich cultural insights but was met with over an hour waiting time for simple orders and extremely slow and chaotic service. Would not recommend.,1,negative,0
"Makanan sangat sedap dan staf peramah, layanan terbaik tiada tandingan!",5,positive,0
"Authentic Malaysian taste at its best! The creamy Cendol with fresh coconut milk and Gula Melaka in Armenian Street was top tier, plus beautiful aesthetic presentation.",4,positive,0
"Layanan buruk, pekerja malas dan tempat tidak terurus langsung.",1,negative,0
Claim your free 500 dollar hotel voucher at http://scam-promo.com right now!,3,neutral,1
"was not bad, pretty nice spot for afternoon tea and dessert",4,positive,0
The engaging docents explaining Baba Nyonya family customs at this rooftop lounge in Bukit Mertajam was absolutely outstanding! Loved the beautiful aesthetic presentation and freshly prepared hot food.,4,positive,0
The intricate Chinese dragon wood carvings and granite courtyards was tasteless and overpriced. The confusing ordering process made the dining experience unbearable.,1,negative,0
Wonderful preservation of Malaysian culture in Gurney. Noticed the comfortable air-conditioned seating and generous portion sizes.,5,positive,0
Tempat okay tapi agak sesak dengan pelancong pada hujung minggu.,3,neutral,0
"definitely not disappointed, fantastic experience with family",5,positive,0
"Staff very rude, tempat kotor gila potong stim bila nak makan.",1,negative,0
"Senibina klasik Baba Nyonya yang memukau, banyak sudut bergambar menarik.",5,positive,0
A breathtaking cultural stop in George Town! The hand-drawn street art murals and vibrant artisan crafts and clean and well-maintained environment made it deeply memorable.,4,positive,0
Follow my telegram channel and message me for the best promotion code today on whatsapp,1,neutral,1
Would not return to this spice garden. The intricate Chinese dragon wood carvings and granite courtyards was disappointing and the grossly overpriced tourist trap pricing ruined our mood.,1,negative,0
Pemandangan indah dan staf banyak membantu memberi penerangan sejarah.,5,positive,0
Fair experience overall with a relatively brief walking tour. Suits travelers who just want a brief stop.,2,neutral,0
Expected rich cultural insights but was met with uncomfortable broken seating and poor crowd management and disorganised queues. Would not recommend.,4,negative,1
Such a serene and educational experience at the tea house. Impressed by friendly and attentive service and convenient location and easy accessibility.,5,positive,0
"Cendol pulut terbaik di George Town, manis berlemak santan segar.",5,positive,0
"The nature trail was decent. There was standard kopitiam ambiance, although an ordinary tourist stop without surprises could be improved.",3,neutral,0
Dirty place,1,negative,0
Servis mantap,5,positive,0
中规中矩，无功无过，适合路过时简单吃个便饭。,3,neutral,0
"Rugi masa datang sini, langsung tiada apa yang menarik seperti diiklan.",1,negative,0
Incredible historical landmark in Tanjung Bungah. We appreciated the truly memorable and enriching experience and comfortable air-conditioned seating. Highly recommended!,5,positive,0
Sangat mengecewakan dan tidak berbaloi dengan harga tiket yang mahal.,1,negative,0
Harga cekik darah! Kena caj tersembunyi yang langsung tak masuk akal.,1,negative,0
"Kuah kari cair dan tawar, nasi keras macam tak masak elok.",1,negative,0
Sangat mengecewakan dan tidak berbaloi dengan harga tiket yang mahal.,1,negative,0
"Poorly maintained heritage nasi kandar stall in Butterworth. Encountered cold, greasy and bland food and limited food options with many items out of stock.",1,negative,0
Tak sedap,1,negative,0
Such a serene and educational experience at the street mural spot. Impressed by well organised tour activities and friendly and attentive service.,5,positive,0
"Dirty tables everywhere, damn disgusting experience and smelly toilet.",1,negative,0
tak puas hati dengan layanan pekerja yang pemalas,1,negative,0
"Overhyped tourist stop in Butterworth. The Char Kway Teow with duck egg and wok hei was cold, and we had to endure cold, greasy and bland food.",1,negative,0
"A must-try culinary gem in George Town. The creamy Cendol with fresh coconut milk and Gula Melaka was fresh and delicious, accompanied by freshly prepared hot food.",4,positive,0
Rugi duit,1,negative,0
Visit my website https://example-deals.com for cheap packages and free gifts,2,neutral,1
"Cendol okay je, nothing much to shout about but cools you down.",3,neutral,0
"A must-try culinary gem in Teluk Bahang. The crispy Roti Canai with aromatic dhal and mutton curry was fresh and delicious, accompanied by beautiful aesthetic presentation.",1,positive,1
"Layanan buruk, pekerja malas dan tempat tidak terurus langsung.",1,negative,0
Great experience,5,positive,0
"The rooftop lounge was decent. There was decent place for a quick photo stop, although a simple and functional seating layout could be improved.",3,neutral,0
"Layanan cemerlang, rasa masakan asli turun-temurun sangat mengagumkan!",5,positive,0
"A must-try culinary gem in Batu Ferringhi. The engaging docents explaining Baba Nyonya family customs was fresh and delicious, accompanied by truly memorable and enriching experience.",5,positive,0
"never coming back here again, awful experience from start to end",1,negative,0
Incredible food experience in Balik Pulau! The engaging docents explaining Baba Nyonya family customs had unmatched authentic flavors and freshly prepared hot food.,5,positive,0
Fair experience overall with standard basic facilities. Suits travelers who just want a brief stop.,3,neutral,0
The spiced Nasi Kandar with dark squid curry and fried chicken was tasteless and overpriced. The over an hour waiting time for simple orders made the dining experience unbearable.,4,negative,1
Tempat warisan bersejarah yang sangat bermakna dan dijaga dengan rapi.,5,positive,0
风景很美，拍照很好看，全家人都很喜欢这个历史古迹。,5,positive,0
Tempat warisan bersejarah yang sangat bermakna dan dijaga dengan rapi.,5,positive,0
A breathtaking cultural stop in Air Itam! The authentic Peranakan Nyonya Laksa and fascinating cultural details and architecture made it deeply memorable.,5,positive,0
"Not worth the entrance fee or trip to Bayan Lepas. The main issue was cold, greasy and bland food with rude and arrogant staff attitudes.",1,negative,0
Tempat warisan bersejarah yang sangat bermakna dan dijaga dengan rapi.,5,positive,0
"Pengalaman standard, harga sederhana dan servis bersahaja.",3,neutral,0
An average stop in Tanjung Bungah featuring decent place for a quick photo stop. Nothing particularly extraordinary but acceptable.,3,neutral,0
Would not return to this rooftop lounge. The intricate Chinese dragon wood carvings and granite courtyards was disappointing and the cramped and poorly ventilated space ruined our mood.,2,negative,0
Standard experience in Campbell Street. Food and service had a relatively brief walking tour. Convenient for a short rest.,3,neutral,0
"Rasa makanan biasa, harga berpatutan dengan saiz hidangan.",3,neutral,0
服务非常慢，等了快一个小时都没人理，催单还给脸色看。,1,negative,0
"Nothing special la, can try once if you are walking nearby.",3,neutral,0
"Pengalaman standard, harga sederhana dan servis bersahaja.",3,neutral,0
Must visit,5,positive,0
"Lekor panas-panas, best gila wei! Must try if you come here!",5,positive,0
The creamy Cendol with fresh coconut milk and Gula Melaka at this cultural gallery in George Town was absolutely outstanding! Loved the fascinating cultural details and architecture and comfortable air-conditioned seating.,5,positive,0
Very disappointed with the spiced Nasi Kandar with dark squid curry and fried chicken at this baba nyonya mansion in Little India. We encountered confusing ordering process and grossly overpriced tourist trap pricing.,5,negative,1
"tidak menyesal melawat tempat ini, pengalaman menarik dan berilmu",5,positive,0
"Pengalaman standard, harga sederhana dan servis bersahaja.",3,neutral,0
非常失望，排队一个多小时结果食物是冷的而且很难吃。,1,negative,0
"Pilihan kuih agak terhad waktu petang, tetapi rasanya boleh dimakan.",3,neutral,0
Rich in tradition and heritage. Exploring the rooftop lounge with truly memorable and enriching experience was the highlight of our trip.,5,positive,0
Poorly maintained heritage coastal cafe in Chinatown. Encountered over an hour waiting time for simple orders and poor crowd management and disorganised queues.,2,negative,0
"Biasa sahaja, makanan boleh tahan tapi tiada yang begitu istimewa.",3,neutral,0
风景很美，拍照很好看，全家人都很喜欢这个历史古迹。,5,positive,0
Clean and tidy,4,positive,0
Incredible historical landmark in Teluk Bahang. We appreciated the authentic traditional recipes and rich authentic flavors. Highly recommended!,5,positive,0
Visit my website https://example-deals.com for cheap packages and free gifts,1,neutral,1
Incredible historical landmark in Gurney. We appreciated the well organised tour activities and clean and well-maintained environment. Highly recommended!,5,positive,0
Incredible food experience in Little India! The UNESCO heritage indigo courtyards and feng shui architecture had unmatched authentic flavors and fast and efficient table turnover.,1,positive,1
Lokasi strategik dan tempat menarik untuk pelancong yang sukakan seni warisan.,4,positive,0
Claim your free 500 dollar hotel voucher at http://scam-promo.com right now!,1,neutral,1
"tak mengecewakan, makanan sedap dan servis bagus sangat",5,positive,0
The creamy Cendol with fresh coconut milk and Gula Melaka at this nasi kandar stall in Bukit Mertajam was absolutely outstanding! Loved the well organised tour activities and clean and well-maintained environment.,4,positive,0
"The street mural spot was decent. There was basic informative signage, although a simple and functional seating layout could be improved.",4,neutral,0
An average stop in George Town featuring standard kopitiam ambiance. Nothing particularly extraordinary but acceptable.,2,neutral,0
"Pilihan kuih agak terhad waktu petang, tetapi rasanya boleh dimakan.",3,neutral,0
"Tandas kotor dan bau busuk menyengat, makanan pun rasa basi.",1,negative,0
干净卫生，上菜速度快，整体用餐体验非常满意。,4,positive,0
服务非常慢，等了快一个小时都没人理，催单还给脸色看。,1,negative,0
"Terrible meal. The creamy Cendol with fresh coconut milk and Gula Melaka lacked flavor and freshness, coupled with stale ingredients lacking freshness and extremely slow and chaotic service.",2,negative,0
Best stop for local food lovers. The majestic 272 steps and cathedral limestone caves exceeded expectations with comfortable air-conditioned seating. Will come back!,4,positive,0
The majestic 272 steps and cathedral limestone caves at this satay stall in Balik Pulau was absolutely outstanding! Loved the fascinating cultural details and architecture and comfortable air-conditioned seating.,5,positive,0
Poorly maintained heritage nature trail in Jelutong. Encountered extremely slow and chaotic service and poor crowd management and disorganised queues.,1,negative,0
Fair experience overall with standard basic facilities. Suits travelers who just want a brief stop.,3,neutral,0
"Tempat panas dan tidak selesa, kipas rosak dan staf buat endah tak endah.",1,negative,0
"Makan not nice, price mahal gila and staff sombong nak mampus.",1,negative,0
Harga cekik darah! Kena caj tersembunyi yang langsung tak masuk akal.,1,negative,0
Expected rich cultural insights but was met with confusing ordering process and uncomfortable broken seating. Would not recommend.,1,negative,0
Rich in tradition and heritage. Exploring the satay stall with comfortable air-conditioned seating was the highlight of our trip.,5,positive,0
Contact +60123456789 for instant cashback and crypto promo discount vouchers,3,neutral,1
Tempat kotor,1,negative,0
"Expected rich cultural insights but was met with cold, greasy and bland food and noisy and stressful environment. Would not recommend.",2,negative,0
Worst meal,1,negative,0
The hand-drawn street art murals and vibrant artisan crafts was tasteless and overpriced. The poor crowd management and disorganised queues made the dining experience unbearable.,4,negative,1
Incredible food experience in Tanjung Bungah! The Char Kway Teow with duck egg and wok hei had unmatched authentic flavors and comfortable air-conditioned seating.,4,positive,0
Disappointing visit to this heritage restaurant. Felt neglected with limited food options with many items out of stock and very poor visitor guidance.,2,negative,0
Best stop for local food lovers. The piping hot Kuih Akok and traditional keropok lekor exceeded expectations with beautiful aesthetic presentation. Will come back!,2,positive,1
"Servis sangat pantas dan mesra, makanan panas dan segar dari dapur.",5,positive,0
Best stop for local food lovers. The UNESCO heritage indigo courtyards and feng shui architecture exceeded expectations with very helpful and accommodating staff. Will come back!,5,positive,0
"Okay la, not bad and not super good either. Standard standard.",3,neutral,0
Rich in tradition and heritage. Exploring the night market bazaar with friendly and attentive service was the highlight of our trip.,1,positive,1
"Makan not nice, price mahal gila and staff sombong nak mampus.",1,negative,0
Amazing amazing amazing amazing amazing amazing amazing amazing,1,positive,1
"Nasi lemak bungkus sambal padu, aroma daun pisang wangian asli.",5,positive,0
"was not impressed, disappointing quality and stale meat",2,negative,0
Bad bad bad bad bad bad bad bad bad bad bad,3,negative,1
"not disappointed with the visit, everything was great and tasty",5,positive,0
Best stop for local food lovers. The hand-drawn street art murals and vibrant artisan crafts exceeded expectations with clean and well-maintained environment. Will come back!,5,positive,0
not worth the price or the long queue under the hot sun,1,negative,0
"Cendol okay je, nothing much to shout about but cools you down.",3,neutral,0
Amazing amazing amazing amazing amazing amazing amazing amazing,2,positive,1
Wonderful preservation of Malaysian culture in Balik Pulau. Noticed the authentic traditional recipes and reasonable and transparent prices.,4,positive,0
"tak rugi langsung cuba laksa nyonya kat sini, sedap terangkat",5,positive,0
Rugi duit,1,negative,0
干净卫生，上菜速度快，整体用餐体验非常满意。,4,positive,0
Tempat yang cantik dan sangat berbaloi untuk dikunjungi bersama keluarga.,5,positive,0
Get unlimited followers and likes fast dm on instagram @promo_bot_now,4,neutral,1
"Would not return to this satay stall. The crispy Roti Canai with aromatic dhal and mutton curry was disappointing and the cold, greasy and bland food ruined our mood.",1,negative,0
asdf qwer zxcv lorem ipsum random review text asdf zxcv,2,neutral,1
"do not hate it, pretty good food and nice staff",4,positive,0
Expected rich cultural insights but was met with over an hour waiting time for simple orders and grossly overpriced tourist trap pricing. Would not recommend.,1,negative,0
11111111111 222222222 33333333333 discount call now,3,neutral,1
Visited this satay stall in Little India. It offered acceptable food quality for the price. An okay stop overall if you are nearby.,3,neutral,0
Boleh diterima tetapi perlukan penambahbaikan dari segi kemudahan awam.,3,neutral,0
An average stop in Butterworth featuring basic informative signage. Nothing particularly extraordinary but acceptable.,3,neutral,0
Harga cekik darah! Kena caj tersembunyi yang langsung tak masuk akal.,1,negative,0
Not worth the entrance fee or trip to Batu Ferringhi. The main issue was rude and arrogant staff attitudes with uncomfortable broken seating.,4,negative,1
"Dirty tables everywhere, damn disgusting experience and smelly toilet.",1,negative,0
"was not impressed, disappointing quality and stale meat",2,negative,0
Pemandangan indah dan staf banyak membantu memberi penerangan sejarah.,5,positive,0
环境优美古色古香，员工很有礼貌，值得带家人再来。,5,positive,0
"Authentic Malaysian taste at its best! The succulent satay skewers with thick peanut gravy in Gurney was top tier, plus clear and engaging historical explanations.",5,positive,0
"Overhyped tourist stop in George Town. The spiced Nasi Kandar with dark squid curry and fried chicken was cold, and we had to endure over an hour waiting time for simple orders.",5,negative,1
"Pilihan kuih agak terhad waktu petang, tetapi rasanya boleh dimakan.",3,neutral,0
"tidak bersih dan meja melekit, rasa loya nak makan",1,negative,0
Contact +60123456789 for instant cashback and crypto promo discount vouchers,2,neutral,1
"Overhyped tourist stop in Chinatown. The creamy Cendol with fresh coconut milk and Gula Melaka was cold, and we had to endure confusing ordering process.",2,negative,0
"Poorly maintained heritage temple garden in Tanjung Bungah. Encountered uncomfortable broken seating and cold, greasy and bland food.",4,negative,1
"Layanan buruk, pekerja malas dan tempat tidak terurus langsung.",1,negative,0
Rich in tradition and heritage. Exploring the temple garden with convenient location and easy accessibility was the highlight of our trip.,2,positive,1
"Disappointing visit to this satay stall. Felt neglected with cold, greasy and bland food and very poor visitor guidance.",1,negative,0
"Pengalaman standard, harga sederhana dan servis bersahaja.",3,neutral,0
"A must-try culinary gem in Air Itam. The authentic Peranakan Nyonya Laksa was fresh and delicious, accompanied by rich authentic flavors.",4,positive,0
"Rasa makanan biasa, harga berpatutan dengan saiz hidangan.",3,neutral,0
Such a serene and educational experience at the bakery. Impressed by well organised tour activities and fast and efficient table turnover.,5,positive,0
"Layanan cemerlang, rasa masakan asli turun-temurun sangat mengagumkan!",5,positive,0
Standard experience in Chinatown. Food and service had decent place for a quick photo stop. Convenient for a short rest.,2,neutral,0
Harga mahal melampau tapi kualiti teruk dan mengecewakan selera.,1,negative,0
赞,5,positive,0
"Rasa makanan biasa, harga berpatutan dengan saiz hidangan.",3,neutral,0
The hand-drawn street art murals and vibrant artisan crafts at this curated museum in Chinatown was absolutely outstanding! Loved the clean and well-maintained environment and convenient location and easy accessibility.,4,positive,0
"not good, very rude staff and dirty tables everywhere",1,negative,0
Free bitcoin giveaway click http://crypto-win.xyz fast before ended,5,neutral,1
极其恶劣的体验，千万别来浪费宝贵的旅游假期。,1,negative,0
Would not return to this rooftop lounge. The freshly steamed Hainanese Kaya butter toast and kampung eggs was disappointing and the limited food options with many items out of stock ruined our mood.,4,negative,1
Would not return to this nature trail. The majestic 272 steps and cathedral limestone caves was disappointing and the cramped and poorly ventilated space ruined our mood.,1,negative,0
"tidak selesa dan sangat bising, pengurusan teruk",2,negative,0
食物新鲜美味，老板很热情好客，五星好评！,5,positive,0
"Senibina klasik Baba Nyonya yang memukau, banyak sudut bergambar menarik.",5,positive,0
Incredible food experience in Jelutong! The majestic 272 steps and cathedral limestone caves had unmatched authentic flavors and reasonable and transparent prices.,4,positive,0
Disappointing visit to this temple garden. Felt neglected with grossly overpriced tourist trap pricing and very poor visitor guidance.,1,negative,0
The hand-drawn street art murals and vibrant artisan crafts was tasteless and overpriced. The poor crowd management and disorganised queues made the dining experience unbearable.,4,negative,1
Incredible food experience in Teluk Bahang! The spiced Nasi Kandar with dark squid curry and fried chicken had unmatched authentic flavors and generous portion sizes.,4,positive,0
Harga cekik darah! Kena caj tersembunyi yang langsung tak masuk akal.,1,negative,0
Loved every bite of the majestic 272 steps and cathedral limestone caves. The friendly and attentive service and clear and engaging historical explanations made our visit thoroughly enjoyable.,5,positive,0
"Staff very rude, tempat kotor gila potong stim bila nak makan.",1,negative,0
Tak sedap,1,negative,0
"A must-try culinary gem in Air Itam. The piping hot Kuih Akok and traditional keropok lekor was fresh and delicious, accompanied by friendly and attentive service.",5,positive,0
不推荐,1,negative,0
Pemandangan indah dan staf banyak membantu memberi penerangan sejarah.,5,positive,0
Harga mahal melampau tapi kualiti teruk dan mengecewakan selera.,1,negative,0
Best stop for local food lovers. The Char Kway Teow with duck egg and wok hei exceeded expectations with convenient location and easy accessibility. Will come back!,4,positive,0
Not worth the entrance fee or trip to Tanjung Bungah. The main issue was rude and arrogant staff attitudes with dirty sticky tables and unwashed utensils.,2,negative,0
"tidak selesa dan sangat bising, pengurusan teruk",2,negative,0
"definitely not disappointed, fantastic experience with family",5,positive,0
"The cultural gallery was decent. There was standard basic facilities, although an ordinary tourist stop without surprises could be improved.",2,neutral,0
"Terrible meal. The succulent satay skewers with thick peanut gravy lacked flavor and freshness, coupled with limited food options with many items out of stock and stale ingredients lacking freshness.",5,negative,1
干净卫生，上菜速度快，整体用餐体验非常满意。,4,positive,0
Disappointing visit to this street mural spot. Felt neglected with cramped and poorly ventilated space and very poor visitor guidance.,2,negative,0
"Okay la, not bad and not super good either. Standard standard.",3,neutral,0
Standard experience in Tanjung Bungah. Food and service had a relatively brief walking tour. Convenient for a short rest.,3,neutral,0
极其恶劣的体验，千万别来浪费宝贵的旅游假期。,1,negative,0
整体还行，周末游客比较多，稍微有点拥挤。,3,neutral,0
Free bitcoin giveaway click http://crypto-win.xyz fast before ended,5,neutral,1
Buy now limited offer discount discount discount contact me for free vouchers,4,neutral,1
Rich in tradition and heritage. Exploring the baba nyonya mansion with well organised tour activities was the highlight of our trip.,5,positive,0
"tidak menghampakan, layanan staf sangat mesra dan prihatin",5,positive,0
难吃,1,negative,0
Expected rich cultural insights but was met with extremely slow and chaotic service and stale ingredients lacking freshness. Would not recommend.,2,negative,0
"Layanan buruk, pekerja malas dan tempat tidak terurus langsung.",1,negative,0
整体还行，周末游客比较多，稍微有点拥挤。,3,neutral,0
Incredible food experience in Butterworth! The Char Kway Teow with duck egg and wok hei had unmatched authentic flavors and friendly and attentive service.,5,positive,0
The serene coastal breeze and golden sunset views was tasteless and overpriced. The limited food options with many items out of stock made the dining experience unbearable.,1,negative,0
"Food cold and tasteless, price like 5 star hotel but hawker standard.",1,negative,0
"Very bad experience la, rugi duit and time wasted sitting there.",1,negative,0
"tak bagus, servis lambat gila dan tempat berbau hapak",1,negative,0
The engaging docents explaining Baba Nyonya family customs was tasteless and overpriced. The noisy and stressful environment made the dining experience unbearable.,5,negative,1
"bukan sedap sangat pun, harga cekik darah untuk pelancong",1,negative,0
"Char kway teow padu gila, duck egg yolk so creamy and lots of cockles!",5,positive,0
"Cendol memang mantap, authentic Penang taste so syok and refreshing!",5,positive,0
Follow my telegram channel and message me for the best promotion code today on whatsapp,4,neutral,1
"never had any issue here, consistently delicious and fresh",5,positive,0
Free bitcoin giveaway click http://crypto-win.xyz fast before ended,1,neutral,1
"Very bad experience la, rugi duit and time wasted sitting there.",1,negative,0
"Authentic Malaysian taste at its best! The freshly steamed Hainanese Kaya butter toast and kampung eggs in Armenian Street was top tier, plus authentic traditional recipes.",5,positive,0
"The satay stall was decent. There was average waiting times during rush hour, although standard basic facilities could be improved.",4,neutral,0
Follow my telegram channel and message me for the best promotion code today on whatsapp,5,neutral,1
Overpriced and slow,1,negative,0
Very good place,5,positive,0
整体还行，周末游客比较多，稍微有点拥挤。,3,neutral,0
A breathtaking cultural stop in Chinatown! The crispy Roti Canai with aromatic dhal and mutton curry and friendly and attentive service made it deeply memorable.,5,positive,0
Incredible historical landmark in Little India. We appreciated the beautiful aesthetic presentation and clear and engaging historical explanations. Highly recommended!,4,positive,0
食物很难吃，服务员态度极差，完全不推荐大家来踩雷！,1,negative,0
Best stop for local food lovers. The hand-drawn street art murals and vibrant artisan crafts exceeded expectations with freshly prepared hot food. Will come back!,1,positive,1
An average stop in Bayan Lepas featuring an ordinary tourist stop without surprises. Nothing particularly extraordinary but acceptable.,2,neutral,0
"not an ordinary meal, truly sensational flavors and great hospitality",5,positive,0
Would not return to this rooftop lounge. The hand-drawn street art murals and vibrant artisan crafts was disappointing and the over an hour waiting time for simple orders ruined our mood.,5,negative,1
An average stop in Tanjung Bungah featuring a relatively brief walking tour. Nothing particularly extraordinary but acceptable.,3,neutral,0
"Nothing special la, can try once if you are walking nearby.",3,neutral,0
Incredible food experience in Gurney! The UNESCO heritage indigo courtyards and feng shui architecture had unmatched authentic flavors and rich authentic flavors.,4,positive,0
Very disappointed with the Char Kway Teow with duck egg and wok hei at this tea house in Air Itam. We encountered extremely slow and chaotic service and over an hour waiting time for simple orders.,1,negative,0
"Rugi masa datang sini, langsung tiada apa yang menarik seperti diiklan.",1,negative,0
The fragrant BM Yam Rice with salted vegetable duck soup at this kopitiam in Teluk Bahang was absolutely outstanding! Loved the fascinating cultural details and architecture and freshly prepared hot food.,5,positive,0
食物不新鲜，吃完回去肚子不舒服，卫生令人担忧。,1,negative,0
"Rasa makanan biasa, harga berpatutan dengan saiz hidangan.",3,neutral,0
Harga mahal melampau tapi kualiti teruk dan mengecewakan selera.,1,negative,0
Rich in tradition and heritage. Exploring the nasi kandar stall with convenient location and easy accessibility was the highlight of our trip.,1,positive,1
煎蕊红豆绵密，椰糖香浓正宗，正宗槟城老字号风味！,5,positive,0
"Nasi lemak bungkus sambal padu, aroma daun pisang wangian asli.",5,positive,0
又贵又难吃，环境脏乱差，给一颗星都嫌多！,1,negative,0
"Food sedap gila and the ambience was top notch, totally recommended!",5,positive,0
Such a serene and educational experience at the curated museum. Impressed by clear and engaging historical explanations and beautiful aesthetic presentation.,5,positive,0
Disappointing visit to this colonial fort. Felt neglected with extremely slow and chaotic service and very poor visitor guidance.,1,negative,0
"Cendol pulut terbaik di George Town, manis berlemak santan segar.",5,positive,0
Best stop for local food lovers. The piping hot Kuih Akok and traditional keropok lekor exceeded expectations with freshly prepared hot food. Will come back!,5,positive,0
Claim your free 500 dollar hotel voucher at http://scam-promo.com right now!,1,neutral,1
Harga mahal melampau tapi kualiti teruk dan mengecewakan selera.,1,negative,0
干净卫生，上菜速度快，整体用餐体验非常满意。,4,positive,0
An average stop in Jelutong featuring basic informative signage. Nothing particularly extraordinary but acceptable.,4,neutral,0
tidak sedap dan staf sangat biadab bila pelanggan tanya,1,negative,0
"The cultural gallery was decent. There was average waiting times during rush hour, although standard kopitiam ambiance could be improved.",3,neutral,0
"tidak selesa dan sangat bising, pengurusan teruk",2,negative,0
Fair experience overall with standard basic facilities. Suits travelers who just want a brief stop.,2,neutral,0
Incredible historical landmark in Batu Ferringhi. We appreciated the beautiful aesthetic presentation and clean and well-maintained environment. Highly recommended!,4,positive,0
"Food sedap gila and the ambience was top notch, totally recommended!",5,positive,0
"Yam rice soup damn solid bro, salted vege duck soup so comforting!",5,positive,0
非常棒的体验，东西很好吃，分量足且性价比很高。,5,positive,0
"Sederhana sahaja, sesuai untuk singgah sebentar jika lalu di kawasan ini.",3,neutral,0
"Overhyped tourist stop in Balik Pulau. The Char Kway Teow with duck egg and wok hei was cold, and we had to endure dirty sticky tables and unwashed utensils.",5,negative,1
"Rasa makanan biasa, harga berpatutan dengan saiz hidangan.",3,neutral,0
Mantap,5,positive,0
"Sederhana sahaja, sesuai untuk singgah sebentar jika lalu di kawasan ini.",3,neutral,0
The majestic 272 steps and cathedral limestone caves was tasteless and overpriced. The grossly overpriced tourist trap pricing made the dining experience unbearable.,2,negative,0
"tidak rugi datang sini, sangat berbaloi dengan harganya",5,positive,0
Free bitcoin giveaway click http://crypto-win.xyz fast before ended,2,neutral,1
"Char kway teow padu gila, duck egg yolk so creamy and lots of cockles!",5,positive,0
"Terrible meal. The majestic 272 steps and cathedral limestone caves lacked flavor and freshness, coupled with rude and arrogant staff attitudes and poor crowd management and disorganised queues.",4,negative,1
Fair experience overall with basic informative signage. Suits travelers who just want a brief stop.,4,neutral,0
"Nasi lemak bungkus sambal padu, aroma daun pisang wangian asli.",5,positive,0
The spiced Nasi Kandar with dark squid curry and fried chicken at this tea house in Teluk Bahang was absolutely outstanding! Loved the very helpful and accommodating staff and freshly prepared hot food.,5,positive,0
Rich in tradition and heritage. Exploring the street mural spot with fast and efficient table turnover was the highlight of our trip.,5,positive,0
Would not return to this nasi kandar stall. The intricate Chinese dragon wood carvings and granite courtyards was disappointing and the limited food options with many items out of stock ruined our mood.,2,negative,0
Fair experience overall with average waiting times during rush hour. Suits travelers who just want a brief stop.,4,neutral,0
"The craft studio was decent. There was decent place for a quick photo stop, although basic informative signage could be improved.",3,neutral,0
Place quite nice for photos but parking susah gila around here.,3,neutral,0
"not acceptable hygiene, found flies in the dining area",1,negative,0
非常棒的体验，东西很好吃，分量足且性价比很高。,5,positive,0
"Layanan cemerlang, rasa masakan asli turun-temurun sangat mengagumkan!",5,positive,0
Standard experience in Armenian Street. Food and service had a simple and functional seating layout. Convenient for a short rest.,2,neutral,0
"Super nice heritage vibes, staff helpful gila and knowledgeable.",5,positive,0
"Servis sangat pantas dan mesra, makanan panas dan segar dari dapur.",5,positive,0
Best stop for local food lovers. The spiced Nasi Kandar with dark squid curry and fried chicken exceeded expectations with fascinating cultural details and architecture. Will come back!,4,positive,0
"Authentic Malaysian taste at its best! The crispy Roti Canai with aromatic dhal and mutton curry in Batu Ferringhi was top tier, plus clean and well-maintained environment.",4,positive,0
体验非常糟糕，管理混乱，完全不值得花费时间和金钱。,1,negative,0
"tak menghampakan, memang berbaloi singgah sini makan malam",5,positive,0
"Authentic Malaysian taste at its best! The freshly steamed Hainanese Kaya butter toast and kampung eggs in Jelutong was top tier, plus clear and engaging historical explanations.",5,positive,0
Standard experience in Balik Pulau. Food and service had acceptable food quality for the price. Convenient for a short rest.,3,neutral,0
文化底蕴深厚，讲解员解说很清楚，很有收获的文化之旅。,5,positive,0
食物新鲜美味，老板很热情好客，五星好评！,5,positive,0
Incredible food experience in Campbell Street! The creamy Cendol with fresh coconut milk and Gula Melaka had unmatched authentic flavors and reasonable and transparent prices.,1,positive,1
Incredible historical landmark in Tanjung Bungah. We appreciated the truly memorable and enriching experience and reasonable and transparent prices. Highly recommended!,1,positive,1
"Authentic Malaysian taste at its best! The hand-drawn street art murals and vibrant artisan crafts in Balik Pulau was top tier, plus generous portion sizes.",4,positive,0
"The bakery was decent. There was an ordinary tourist stop without surprises, although a relatively brief walking tour could be improved.",3,neutral,0
Poorly maintained heritage clan jetty in Batu Ferringhi. Encountered unclear information and lack of signages and extremely slow and chaotic service.,1,negative,0
Loved every bite of the crispy Roti Canai with aromatic dhal and mutton curry. The fascinating cultural details and architecture and freshly prepared hot food made our visit thoroughly enjoyable.,5,positive,0
Expected rich cultural insights but was met with grossly overpriced tourist trap pricing and confusing ordering process. Would not recommend.,1,negative,0
"Very bad experience la, rugi duit and time wasted sitting there.",1,negative,0
Best stop for local food lovers. The spiced Nasi Kandar with dark squid curry and fried chicken exceeded expectations with reasonable and transparent prices. Will come back!,5,positive,0
Expected rich cultural insights but was met with poor crowd management and disorganised queues and extremely slow and chaotic service. Would not recommend.,1,negative,0
Incredible historical landmark in Air Itam. We appreciated the truly memorable and enriching experience and generous portion sizes. Highly recommended!,5,positive,0
"Staff very rude, tempat kotor gila potong stim bila nak makan.",1,negative,0
"A must-try culinary gem in Chinatown. The Char Kway Teow with duck egg and wok hei was fresh and delicious, accompanied by authentic traditional recipes.",1,positive,1
Would not return to this craft studio. The creamy Cendol with fresh coconut milk and Gula Melaka was disappointing and the rude and arrogant staff attitudes ruined our mood.,1,negative,0
"Roti canai crispy gila, kuah kari pekat sedap terangkat!",5,positive,0
食物新鲜美味，老板很热情好客，五星好评！,5,positive,0
"Food sedap gila and the ambience was top notch, totally recommended!",5,positive,0
Wonderful preservation of Malaysian culture in George Town. Noticed the freshly prepared hot food and fascinating cultural details and architecture.,4,positive,0
Very good place,5,positive,0
"Authentic Malaysian taste at its best! The UNESCO heritage indigo courtyards and feng shui architecture in Chinatown was top tier, plus comfortable air-conditioned seating.",4,positive,0
"A must-try culinary gem in Butterworth. The spiced Nasi Kandar with dark squid curry and fried chicken was fresh and delicious, accompanied by clean and well-maintained environment.",5,positive,0
Dirty place,1,negative,0
"Nothing special la, can try once if you are walking nearby.",3,neutral,0
Contact +60123456789 for instant cashback and crypto promo discount vouchers,4,neutral,1
"Terrible meal. The UNESCO heritage indigo courtyards and feng shui architecture lacked flavor and freshness, coupled with stale ingredients lacking freshness and poor crowd management and disorganised queues.",1,negative,0
非常失望，排队一个多小时结果食物是冷的而且很难吃。,1,negative,0
"tak best langsung, rugi masa dan duit datang jauh-jauh",1,negative,0
"Sederhana sahaja, sesuai untuk singgah sebentar jika lalu di kawasan ini.",3,neutral,0
煎蕊红豆绵密，椰糖香浓正宗，正宗槟城老字号风味！,5,positive,0
An average stop in Tanjung Bungah featuring standard kopitiam ambiance. Nothing particularly extraordinary but acceptable.,2,neutral,0
"I don't hate it, in fact the experience was quite good and authentic",4,positive,0
Not worth the entrance fee or trip to Armenian Street. The main issue was limited food options with many items out of stock with rude and arrogant staff attitudes.,1,negative,0
Such a serene and educational experience at the nasi kandar stall. Impressed by freshly prepared hot food and very helpful and accommodating staff.,4,positive,0
"Overhyped tourist stop in Air Itam. The crispy Roti Canai with aromatic dhal and mutton curry was cold, and we had to endure noisy and stressful environment.",1,negative,0
Bad food,1,negative,0
Best stop for local food lovers. The intricate Chinese dragon wood carvings and granite courtyards exceeded expectations with beautiful aesthetic presentation. Will come back!,4,positive,0
Servis mantap,5,positive,0
Loved every bite of the intricate Chinese dragon wood carvings and granite courtyards. The reasonable and transparent prices and convenient location and easy accessibility made our visit thoroughly enjoyable.,4,positive,0
"do not hate it, pretty good food and nice staff",4,positive,0
"Pengalaman standard, harga sederhana dan servis bersahaja.",3,neutral,0
Delicious food,5,positive,0
Best stop for local food lovers. The freshly steamed Hainanese Kaya butter toast and kampung eggs exceeded expectations with convenient location and easy accessibility. Will come back!,5,positive,0
Visited this bakery in Jelutong. It offered an ordinary tourist stop without surprises. An okay stop overall if you are nearby.,4,neutral,0
"tidak menyesal melawat tempat ini, pengalaman menarik dan berilmu",5,positive,0
Such a serene and educational experience at the street mural spot. Impressed by truly memorable and enriching experience and fast and efficient table turnover.,5,positive,0
很棒,5,positive,0
"Keropok lekor panas gebu, sos pencicah manis pedas memang ngam.",5,positive,0
"Murah and sedap, really worth the visit for genuine foodies.",5,positive,0
Free bitcoin giveaway click http://crypto-win.xyz fast before ended,4,neutral,1
Not worth the entrance fee or trip to Armenian Street. The main issue was unclear information and lack of signages with stale ingredients lacking freshness.,5,negative,1
"Authentic Malaysian taste at its best! The UNESCO heritage indigo courtyards and feng shui architecture in Campbell Street was top tier, plus well organised tour activities.",4,positive,0
Poorly maintained heritage nature trail in Jelutong. Encountered dirty sticky tables and unwashed utensils and over an hour waiting time for simple orders.,1,negative,0
赞,5,positive,0
食物非常好吃，服务态度很亲切，非常推荐大家来尝试！,5,positive,0
Standard experience in Chinatown. Food and service had acceptable food quality for the price. Convenient for a short rest.,3,neutral,0
Such a serene and educational experience at the bakery. Impressed by convenient location and easy accessibility and generous portion sizes.,5,positive,0
食物很难吃，服务员态度极差，完全不推荐大家来踩雷！,1,negative,0
"Servis sangat pantas dan mesra, makanan panas dan segar dari dapur.",5,positive,0
"tak bagus, servis lambat gila dan tempat berbau hapak",1,negative,0
"Wait so long for cold food, totally tak worth it and bad mood.",1,negative,0
Rich in tradition and heritage. Exploring the clan jetty with beautiful aesthetic presentation was the highlight of our trip.,4,positive,0
"tidak mengecewakan, tempat bersejarah yang menarik dan bersih",4,positive,0
中规中矩，无功无过，适合路过时简单吃个便饭。,3,neutral,0
Loved every bite of the majestic 272 steps and cathedral limestone caves. The rich authentic flavors and comfortable air-conditioned seating made our visit thoroughly enjoyable.,5,positive,0
Avoid this,1,negative,0
"Makanan enak dan harga sangat berpatutan, porsi banyak dan mengenyangkan.",5,positive,0
管理混乱，排队毫无秩序，态度极其恶劣差劲。,1,negative,0
Free bitcoin giveaway click http://crypto-win.xyz fast before ended,5,neutral,1
Such a serene and educational experience at the bakery. Impressed by fascinating cultural details and architecture and clean and well-maintained environment.,4,positive,0
"Okay la, not bad and not super good either. Standard standard.",3,neutral,0
"Overhyped tourist stop in Little India. The authentic Peranakan Nyonya Laksa was cold, and we had to endure limited food options with many items out of stock.",2,negative,0
Hancur,1,negative,0
"was not terrible at all, worth a visit when in Penang",4,positive,0
"Nasi lemak bungkus sambal padu, aroma daun pisang wangian asli.",5,positive,0
"it wasn't terrible, actually quite decent and pleasant for lunch",4,positive,0
干净卫生，上菜速度快，整体用餐体验非常满意。,4,positive,0
Rich in tradition and heritage. Exploring the kopitiam with fast and efficient table turnover was the highlight of our trip.,5,positive,0
Loved every bite of the engaging docents explaining Baba Nyonya family customs. The freshly prepared hot food and comfortable air-conditioned seating made our visit thoroughly enjoyable.,5,positive,0
很棒,5,positive,0
An average stop in Balik Pulau featuring decent place for a quick photo stop. Nothing particularly extraordinary but acceptable.,3,neutral,0
"Tempat panas dan tidak selesa, kipas rosak dan staf buat endah tak endah.",1,negative,0
"Staf sangat biadab dan tempat kotor berdebu, tandas tidak dibersihkan.",1,negative,0
Hancur,1,negative,0
"Authentic Malaysian taste at its best! The spiced Nasi Kandar with dark squid curry and fried chicken in Armenian Street was top tier, plus fascinating cultural details and architecture.",4,positive,0
Incredible historical landmark in Gurney. We appreciated the convenient location and easy accessibility and clean and well-maintained environment. Highly recommended!,1,positive,1
"definitely not recommended, horrible service and bad attitude",1,negative,0
Would not return to this curated museum. The piping hot Kuih Akok and traditional keropok lekor was disappointing and the limited food options with many items out of stock ruined our mood.,1,negative,0
娘惹糕点色彩缤纷口感细腻，椰香十足，必吃推荐！,5,positive,0
Not worth the entrance fee or trip to Armenian Street. The main issue was grossly overpriced tourist trap pricing with stale ingredients lacking freshness.,1,negative,0
"tidak bersih dan meja melekit, rasa loya nak makan",1,negative,0
Expected rich cultural insights but was met with unclear information and lack of signages and stale ingredients lacking freshness. Would not recommend.,1,negative,0
Tempat warisan bersejarah yang sangat bermakna dan dijaga dengan rapi.,5,positive,0
Incredible food experience in Chinatown! The freshly steamed Hainanese Kaya butter toast and kampung eggs had unmatched authentic flavors and friendly and attentive service.,2,positive,1
体验非常糟糕，管理混乱，完全不值得花费时间和金钱。,1,negative,0
Not worth the entrance fee or trip to Bukit Mertajam. The main issue was uncomfortable broken seating with limited food options with many items out of stock.,2,negative,0
"Layanan cemerlang, rasa masakan asli turun-temurun sangat mengagumkan!",5,positive,0
"Very bad experience la, rugi duit and time wasted sitting there.",1,negative,0
Buy now limited offer discount discount discount contact me for free vouchers,2,neutral,1
Incredible historical landmark in Little India. We appreciated the freshly prepared hot food and clear and engaging historical explanations. Highly recommended!,5,positive,0
Expected rich cultural insights but was met with unclear information and lack of signages and uncomfortable broken seating. Would not recommend.,1,negative,0
Would not return to this street mural spot. The spiced Nasi Kandar with dark squid curry and fried chicken was disappointing and the dirty sticky tables and unwashed utensils ruined our mood.,1,negative,0
"Authentic Malaysian taste at its best! The spiced Nasi Kandar with dark squid curry and fried chicken in Tanjung Bungah was top tier, plus clear and engaging historical explanations.",4,positive,0
"Makanan sangat sedap dan staf peramah, layanan terbaik tiada tandingan!",5,positive,0
Free bitcoin giveaway click http://crypto-win.xyz fast before ended,3,neutral,1
"Murah and sedap, really worth the visit for genuine foodies.",5,positive,0
娘惹糕点色彩缤纷口感细腻，椰香十足，必吃推荐！,5,positive,0
价格昂贵但质量很差，完全是坑游客的黑店，千万别来。,1,negative,0
Very disappointed with the authentic Peranakan Nyonya Laksa at this heritage restaurant in Air Itam. We encountered over an hour waiting time for simple orders and rude and arrogant staff attitudes.,2,negative,0
A breathtaking cultural stop in Butterworth! The piping hot Kuih Akok and traditional keropok lekor and fascinating cultural details and architecture made it deeply memorable.,4,positive,0
"Char kway teow padu gila, duck egg yolk so creamy and lots of cockles!",5,positive,0
Servis teruk,1,negative,0
Boleh diterima tetapi perlukan penambahbaikan dari segi kemudahan awam.,3,neutral,0
"Place nice gila, staff very friendly and polite throughout our visit.",5,positive,0
Rude staff,1,negative,0
"bukan sedap sangat pun, harga cekik darah untuk pelancong",1,negative,0
"Cendol okay je, nothing much to shout about but cools you down.",3,neutral,0
"tidak selesa dan sangat bising, pengurusan teruk",2,negative,0
Wonderful preservation of Malaysian culture in Little India. Noticed the generous portion sizes and truly memorable and enriching experience.,1,positive,1
"Terrible meal. The piping hot Kuih Akok and traditional keropok lekor lacked flavor and freshness, coupled with limited food options with many items out of stock and rude and arrogant staff attitudes.",2,negative,0
"tak segar langsung lauk pauk, rasa macam makanan semalam",1,negative,0
A breathtaking cultural stop in Jelutong! The authentic Peranakan Nyonya Laksa and fascinating cultural details and architecture made it deeply memorable.,5,positive,0
Free bitcoin giveaway click http://crypto-win.xyz fast before ended,5,neutral,1
"Wait so long for cold food, totally tak worth it and bad mood.",1,negative,0
"Staff very rude, tempat kotor gila potong stim bila nak makan.",1,negative,0
"Makanan enak dan harga sangat berpatutan, porsi banyak dan mengenyangkan.",5,positive,0
Incredible historical landmark in Teluk Bahang. We appreciated the authentic traditional recipes and fascinating cultural details and architecture. Highly recommended!,2,positive,1
Fair experience overall with a moderate selection of local dishes. Suits travelers who just want a brief stop.,3,neutral,0
Free bitcoin giveaway click http://crypto-win.xyz fast before ended,2,neutral,1
"Layanan cemerlang, rasa masakan asli turun-temurun sangat mengagumkan!",5,positive,0
食物新鲜美味，老板很热情好客，五星好评！,5,positive,0
Incredible food experience in Batu Ferringhi! The authentic Peranakan Nyonya Laksa had unmatched authentic flavors and comfortable air-conditioned seating.,1,positive,1
Incredible historical landmark in Butterworth. We appreciated the clear and engaging historical explanations and clean and well-maintained environment. Highly recommended!,5,positive,0
"Tempat panas dan tidak selesa, kipas rosak dan staf buat endah tak endah.",1,negative,0
"Terrible meal. The hand-drawn street art murals and vibrant artisan crafts lacked flavor and freshness, coupled with rude and arrogant staff attitudes and uncomfortable broken seating.",1,negative,0
食物新鲜美味，老板很热情好客，五星好评！,5,positive,0
"A must-try culinary gem in Butterworth. The piping hot Kuih Akok and traditional keropok lekor was fresh and delicious, accompanied by reasonable and transparent prices.",5,positive,0
中规中矩，无功无过，适合路过时简单吃个便饭。,3,neutral,0
An average stop in Jelutong featuring acceptable food quality for the price. Nothing particularly extraordinary but acceptable.,3,neutral,0
Incredible food experience in Bayan Lepas! The creamy Cendol with fresh coconut milk and Gula Melaka had unmatched authentic flavors and convenient location and easy accessibility.,5,positive,0
An average stop in Jelutong featuring average waiting times during rush hour. Nothing particularly extraordinary but acceptable.,2,neutral,0
"tak segar langsung lauk pauk, rasa macam makanan semalam",1,negative,0
A breathtaking cultural stop in Air Itam! The piping hot Kuih Akok and traditional keropok lekor and fascinating cultural details and architecture made it deeply memorable.,5,positive,0
An average stop in Balik Pulau featuring standard basic facilities. Nothing particularly extraordinary but acceptable.,3,neutral,0
"Service damn slow, food pun biasa je and overpriced for tourists.",1,negative,0
Very disappointed with the serene coastal breeze and golden sunset views at this craft studio in Gurney. We encountered dirty sticky tables and unwashed utensils and noisy and stressful environment.,5,negative,1
赞,5,positive,0
"it wasn't terrible, actually quite decent and pleasant for lunch",4,positive,0
Wonderful preservation of Malaysian culture in Campbell Street. Noticed the clean and well-maintained environment and fast and efficient table turnover.,4,positive,0
Follow my telegram channel and message me for the best promotion code today on whatsapp,3,neutral,1
不推荐,1,negative,0
"Okay la, not bad and not super good either. Standard standard.",3,neutral,0
"Pengurusan sangat lemah, beratur panjang tanpa penerangan jelas.",1,negative,0
价格昂贵但质量很差，完全是坑游客的黑店，千万别来。,1,negative,0
An average stop in Bukit Mertajam featuring an ordinary tourist stop without surprises. Nothing particularly extraordinary but acceptable.,2,neutral,0
Would not return to this baba nyonya mansion. The piping hot Kuih Akok and traditional keropok lekor was disappointing and the limited food options with many items out of stock ruined our mood.,4,negative,1
Standard experience in Batu Ferringhi. Food and service had an ordinary tourist stop without surprises. Convenient for a short rest.,3,neutral,0
Wonderful preservation of Malaysian culture in Balik Pulau. Noticed the authentic traditional recipes and comfortable air-conditioned seating.,2,positive,1
Visit my website https://example-deals.com for cheap packages and free gifts,5,neutral,1
Pekerja bermasam muka dan berkira bila minta sudu tambahan.,1,negative,0
态度差,1,negative,0
Claim your free 500 dollar hotel voucher at http://scam-promo.com right now!,2,neutral,1
Tempat warisan bersejarah yang sangat bermakna dan dijaga dengan rapi.,5,positive,0
"Very bad experience la, rugi duit and time wasted sitting there.",1,negative,0
"Tempat panas dan tidak selesa, kipas rosak dan staf buat endah tak endah.",1,negative,0
"Hancur mood, cashier buat muka masam and rude when taking orders.",1,negative,0
A breathtaking cultural stop in Jelutong! The intricate Chinese dragon wood carvings and granite courtyards and friendly and attentive service made it deeply memorable.,4,positive,0
"definitely not recommended, horrible service and bad attitude",1,negative,0
Puas hati,5,positive,0
Expected rich cultural insights but was met with stale ingredients lacking freshness and extremely slow and chaotic service. Would not recommend.,2,negative,0
Not worth the entrance fee or trip to Bukit Mertajam. The main issue was unclear information and lack of signages with rude and arrogant staff attitudes.,1,negative,0
食物不新鲜，吃完回去肚子不舒服，卫生令人担忧。,1,negative,0
The freshly steamed Hainanese Kaya butter toast and kampung eggs at this tea house in Campbell Street was absolutely outstanding! Loved the truly memorable and enriching experience and reasonable and transparent prices.,4,positive,0
"Staf sangat biadab dan tempat kotor berdebu, tandas tidak dibersihkan.",1,negative,0
Tempat yang cantik dan sangat berbaloi untuk dikunjungi bersama keluarga.,5,positive,0
"Overhyped tourist stop in Bayan Lepas. The serene coastal breeze and golden sunset views was cold, and we had to endure noisy and stressful environment.",1,negative,0
味道一般般，没有网络上吹捧得那么惊艳。,3,neutral,0
Follow my telegram channel and message me for the best promotion code today on whatsapp,5,neutral,1
"Very bad experience la, rugi duit and time wasted sitting there.",1,negative,0
"The satay stall was decent. There was acceptable food quality for the price, although basic informative signage could be improved.",3,neutral,0
卫生条件很差，桌子油腻腻的，服务态度傲慢无礼。,1,negative,0
Visited this temple garden in Balik Pulau. It offered an ordinary tourist stop without surprises. An okay stop overall if you are nearby.,4,neutral,0
Very disappointed with the fragrant BM Yam Rice with salted vegetable duck soup at this nature trail in Air Itam. We encountered grossly overpriced tourist trap pricing and uncomfortable broken seating.,2,negative,0
"Pilihan kuih agak terhad waktu petang, tetapi rasanya boleh dimakan.",3,neutral,0
"Pengurusan sangat lemah, beratur panjang tanpa penerangan jelas.",1,negative,0
Contact +60123456789 for instant cashback and crypto promo discount vouchers,1,neutral,1
Lokasi strategik dan tempat menarik untuk pelancong yang sukakan seni warisan.,4,positive,0
中规中矩，无功无过，适合路过时简单吃个便饭。,3,neutral,0
"not worth visiting, totally overrated and overpriced tourist trap",1,negative,0
Nice place,4,positive,0
Standard experience in Jelutong. Food and service had an ordinary tourist stop without surprises. Convenient for a short rest.,3,neutral,0
"A must-try culinary gem in Gurney. The spiced Nasi Kandar with dark squid curry and fried chicken was fresh and delicious, accompanied by reasonable and transparent prices.",5,positive,0
Such a serene and educational experience at the kopitiam. Impressed by clear and engaging historical explanations and truly memorable and enriching experience.,5,positive,0
服务非常慢，等了快一个小时都没人理，催单还给脸色看。,1,negative,0
Lokasi strategik dan tempat menarik untuk pelancong yang sukakan seni warisan.,4,positive,0
"Lekor panas-panas, best gila wei! Must try if you come here!",5,positive,0
很棒,5,positive,0
Would not return to this colonial fort. The intricate Chinese dragon wood carvings and granite courtyards was disappointing and the poor crowd management and disorganised queues ruined our mood.,1,negative,0
"tak bagus, servis lambat gila dan tempat berbau hapak",1,negative,0
"Okay la, not bad and not super good either. Standard standard.",3,neutral,0
"bukan sedap sangat pun, harga cekik darah untuk pelancong",1,negative,0
"Poorly maintained heritage spice garden in Butterworth. Encountered unclear information and lack of signages and cold, greasy and bland food.",1,negative,0
味道一般般，没有网络上吹捧得那么惊艳。,3,neutral,0
Place quite nice for photos but parking susah gila around here.,3,neutral,0
Incredible food experience in Butterworth! The majestic 272 steps and cathedral limestone caves had unmatched authentic flavors and rich authentic flavors.,4,positive,0
Tempat okay tapi agak sesak dengan pelancong pada hujung minggu.,3,neutral,0
服务非常慢，等了快一个小时都没人理，催单还给脸色看。,1,negative,0
中规中矩，无功无过，适合路过时简单吃个便饭。,3,neutral,0
"Overhyped tourist stop in Balik Pulau. The Char Kway Teow with duck egg and wok hei was cold, and we had to endure confusing ordering process.",4,negative,1
Not worth the entrance fee or trip to Gurney. The main issue was over an hour waiting time for simple orders with dirty sticky tables and unwashed utensils.,2,negative,0
"Disappointing visit to this heritage restaurant. Felt neglected with cold, greasy and bland food and very poor visitor guidance.",2,negative,0
A breathtaking cultural stop in Teluk Bahang! The creamy Cendol with fresh coconut milk and Gula Melaka and clean and well-maintained environment made it deeply memorable.,5,positive,0
An average stop in Bukit Mertajam featuring standard kopitiam ambiance. Nothing particularly extraordinary but acceptable.,3,neutral,0
Disappointing visit to this street mural spot. Felt neglected with over an hour waiting time for simple orders and very poor visitor guidance.,1,negative,0
"never coming back here again, awful experience from start to end",1,negative,0
Excellent service,5,positive,0
"Food cold and tasteless, price like 5 star hotel but hawker standard.",1,negative,0
Lokasi strategik dan tempat menarik untuk pelancong yang sukakan seni warisan.,4,positive,0
Tempat warisan bersejarah yang sangat bermakna dan dijaga dengan rapi.,5,positive,0
Buy now limited offer discount discount discount contact me for free vouchers,4,neutral,1
"Kuah kari cair dan tawar, nasi keras macam tak masak elok.",1,negative,0
Pemandangan indah dan staf banyak membantu memberi penerangan sejarah.,5,positive,0
中规中矩，无功无过，适合路过时简单吃个便饭。,3,neutral,0
Clean and tidy,4,positive,0
Fair experience overall with standard kopitiam ambiance. Suits travelers who just want a brief stop.,4,neutral,0
风景很美，拍照很好看，全家人都很喜欢这个历史古迹。,5,positive,0
Fair experience overall with a moderate selection of local dishes. Suits travelers who just want a brief stop.,2,neutral,0
Very disappointed with the authentic Peranakan Nyonya Laksa at this rooftop lounge in Bayan Lepas. We encountered uncomfortable broken seating and cramped and poorly ventilated space.,5,negative,1
Wonderful preservation of Malaysian culture in Gurney. Noticed the fast and efficient table turnover and reasonable and transparent prices.,5,positive,0
Incredible food experience in Jelutong! The authentic Peranakan Nyonya Laksa had unmatched authentic flavors and comfortable air-conditioned seating.,5,positive,0
Buy now limited offer discount discount discount contact me for free vouchers,4,neutral,1
Hancur,1,negative,0
tak puas hati dengan layanan pekerja yang pemalas,1,negative,0
"definitely not recommended, horrible service and bad attitude",1,negative,0
"Super nice heritage vibes, staff helpful gila and knowledgeable.",5,positive,0
"no customer care at all, ignored by waiters for 40 minutes",1,negative,0
Loved every bite of the engaging docents explaining Baba Nyonya family customs. The generous portion sizes and freshly prepared hot food made our visit thoroughly enjoyable.,4,positive,0
"Place nice gila, staff very friendly and polite throughout our visit.",5,positive,0
"Average taste la, standard tourist price and normal portion size.",3,neutral,0
炒粿条镬气十足，鸭蛋香味浓郁，虾肉新鲜弹牙！,5,positive,0
"Nasi lemak bungkus sambal padu, aroma daun pisang wangian asli.",5,positive,0
asdf qwer zxcv lorem ipsum random review text asdf zxcv,3,neutral,1
"Overhyped tourist stop in Armenian Street. The creamy Cendol with fresh coconut milk and Gula Melaka was cold, and we had to endure grossly overpriced tourist trap pricing.",2,negative,0
"Cendol pulut terbaik di George Town, manis berlemak santan segar.",5,positive,0
"Nothing special la, can try once if you are walking nearby.",3,neutral,0
Pekerja bermasam muka dan berkira bila minta sudu tambahan.,1,negative,0
Rich in tradition and heritage. Exploring the colonial fort with rich authentic flavors was the highlight of our trip.,4,positive,0
Claim your free 500 dollar hotel voucher at http://scam-promo.com right now!,1,neutral,1
味道一般般，没有网络上吹捧得那么惊艳。,3,neutral,0
Buy now limited offer discount discount discount contact me for free vouchers,4,neutral,1
A breathtaking cultural stop in Gurney! The Char Kway Teow with duck egg and wok hei and very helpful and accommodating staff made it deeply memorable.,5,positive,0
"tidak menghampakan, layanan staf sangat mesra dan prihatin",5,positive,0
Incredible historical landmark in Chinatown. We appreciated the friendly and attentive service and well organised tour activities. Highly recommended!,4,positive,0
"Tempat panas dan tidak selesa, kipas rosak dan staf buat endah tak endah.",1,negative,0
Expected rich cultural insights but was met with cramped and poorly ventilated space and poor crowd management and disorganised queues. Would not recommend.,2,negative,0
Incredible food experience in Chinatown! The piping hot Kuih Akok and traditional keropok lekor had unmatched authentic flavors and comfortable air-conditioned seating.,5,positive,0
Fair experience overall with standard kopitiam ambiance. Suits travelers who just want a brief stop.,2,neutral,0
差评,1,negative,0
"Very bad experience la, rugi duit and time wasted sitting there.",1,negative,0
The spiced Nasi Kandar with dark squid curry and fried chicken was tasteless and overpriced. The noisy and stressful environment made the dining experience unbearable.,4,negative,1
Would not return to this tea house. The authentic Peranakan Nyonya Laksa was disappointing and the over an hour waiting time for simple orders ruined our mood.,2,negative,0
"not great at all, waited one hour for cold and soggy food",1,negative,0
"Pengalaman standard, harga sederhana dan servis bersahaja.",3,neutral,0
Would not return to this street mural spot. The piping hot Kuih Akok and traditional keropok lekor was disappointing and the dirty sticky tables and unwashed utensils ruined our mood.,2,negative,0
Wonderful preservation of Malaysian culture in Bayan Lepas. Noticed the well organised tour activities and beautiful aesthetic presentation.,5,positive,0
The Char Kway Teow with duck egg and wok hei at this temple garden in George Town was absolutely outstanding! Loved the beautiful aesthetic presentation and fascinating cultural details and architecture.,5,positive,0
很喜欢,5,positive,0
"Lekor panas-panas, best gila wei! Must try if you come here!",5,positive,0
Incredible historical landmark in Butterworth. We appreciated the freshly prepared hot food and truly memorable and enriching experience. Highly recommended!,5,positive,0
Visit my website https://example-deals.com for cheap packages and free gifts,3,neutral,1
asdf qwer zxcv lorem ipsum random review text asdf zxcv,1,neutral,1
Wonderful preservation of Malaysian culture in Chinatown. Noticed the clear and engaging historical explanations and well organised tour activities.,4,positive,0
"Place nice gila, staff very friendly and polite throughout our visit.",5,positive,0
Disappointing visit to this nature trail. Felt neglected with limited food options with many items out of stock and very poor visitor guidance.,2,negative,0
A breathtaking cultural stop in Batu Ferringhi! The Char Kway Teow with duck egg and wok hei and rich authentic flavors made it deeply memorable.,5,positive,0
"Authentic Malaysian taste at its best! The freshly steamed Hainanese Kaya butter toast and kampung eggs in Air Itam was top tier, plus beautiful aesthetic presentation.",4,positive,0
Incredible food experience in Butterworth! The freshly steamed Hainanese Kaya butter toast and kampung eggs had unmatched authentic flavors and fascinating cultural details and architecture.,5,positive,0
"Terrible meal. The authentic Peranakan Nyonya Laksa lacked flavor and freshness, coupled with over an hour waiting time for simple orders and grossly overpriced tourist trap pricing.",1,negative,0
The fragrant BM Yam Rice with salted vegetable duck soup at this kopitiam in George Town was absolutely outstanding! Loved the fast and efficient table turnover and reasonable and transparent prices.,1,positive,1
Poorly maintained heritage baba nyonya mansion in George Town. Encountered poor crowd management and disorganised queues and extremely slow and chaotic service.,2,negative,0
"Authentic Malaysian taste at its best! The steamed Nasi Dagang with tender tuna gulai in George Town was top tier, plus convenient location and easy accessibility.",2,positive,1
"Food cold and tasteless, price like 5 star hotel but hawker standard.",1,negative,0
食物非常好吃，服务态度很亲切，非常推荐大家来尝试！,5,positive,0
很棒,5,positive,0
"Average taste la, standard tourist price and normal portion size.",3,neutral,0
体验非常糟糕，管理混乱，完全不值得花费时间和金钱。,1,negative,0
Expected rich cultural insights but was met with uncomfortable broken seating and extremely slow and chaotic service. Would not recommend.,1,negative,0
"tidak bersih dan meja melekit, rasa loya nak makan",1,negative,0
Very disappointing,1,negative,0
"Rasa makanan biasa, harga berpatutan dengan saiz hidangan.",3,neutral,0
"Hancur mood, cashier buat muka masam and rude when taking orders.",1,negative,0
"Layanan buruk, pekerja malas dan tempat tidak terurus langsung.",1,negative,0
Worst meal,1,negative,0
Expected rich cultural insights but was met with limited food options with many items out of stock and dirty sticky tables and unwashed utensils. Would not recommend.,2,negative,0
Incredible food experience in Teluk Bahang! The serene coastal breeze and golden sunset views had unmatched authentic flavors and beautiful aesthetic presentation.,5,positive,0
"Rasa makanan biasa, harga berpatutan dengan saiz hidangan.",3,neutral,0
Tempat kotor,1,negative,0
卫生条件很差，桌子油腻腻的，服务态度傲慢无礼。,1,negative,0
非常棒的体验，东西很好吃，分量足且性价比很高。,5,positive,0
Tempat okay tapi agak sesak dengan pelancong pada hujung minggu.,3,neutral,0
"not worth visiting, totally overrated and overpriced tourist trap",1,negative,0
Wonderful preservation of Malaysian culture in Bayan Lepas. Noticed the reasonable and transparent prices and truly memorable and enriching experience.,5,positive,0
"tidak rugi datang sini, sangat berbaloi dengan harganya",5,positive,0
文化底蕴深厚，讲解员解说很清楚，很有收获的文化之旅。,5,positive,0
Very disappointed with the hand-drawn street art murals and vibrant artisan crafts at this kopitiam in Jelutong. We encountered unclear information and lack of signages and limited food options with many items out of stock.,2,negative,0
"Overrated gila, queue one hour for tasteless cendol and rude cashier.",1,negative,0
"Nasi kandar padu, kuah campur pekat dan ayam goreng berempah rangup!",5,positive,0
"not bad, quite liked the food and friendly service",4,positive,0
Nice place,4,positive,0
"Overhyped tourist stop in Armenian Street. The succulent satay skewers with thick peanut gravy was cold, and we had to endure unclear information and lack of signages.",1,negative,0
煎蕊红豆绵密，椰糖香浓正宗，正宗槟城老字号风味！,5,positive,0
Loved every bite of the hand-drawn street art murals and vibrant artisan crafts. The beautiful aesthetic presentation and clean and well-maintained environment made our visit thoroughly enjoyable.,4,positive,0
A breathtaking cultural stop in Balik Pulau! The creamy Cendol with fresh coconut milk and Gula Melaka and fascinating cultural details and architecture made it deeply memorable.,5,positive,0
Would not return to this craft studio. The engaging docents explaining Baba Nyonya family customs was disappointing and the stale ingredients lacking freshness ruined our mood.,1,negative,0
Loved every bite of the majestic 272 steps and cathedral limestone caves. The fascinating cultural details and architecture and rich authentic flavors made our visit thoroughly enjoyable.,5,positive,0
A breathtaking cultural stop in Butterworth! The spiced Nasi Kandar with dark squid curry and fried chicken and clean and well-maintained environment made it deeply memorable.,5,positive,0
tak puas hati dengan layanan pekerja yang pemalas,1,negative,0
Disappointing visit to this colonial fort. Felt neglected with limited food options with many items out of stock and very poor visitor guidance.,1,negative,0
"Makanan enak dan harga sangat berpatutan, porsi banyak dan mengenyangkan.",5,positive,0
Incredible food experience in Teluk Bahang! The piping hot Kuih Akok and traditional keropok lekor had unmatched authentic flavors and freshly prepared hot food.,5,positive,0
"Service damn slow, food pun biasa je and overpriced for tourists.",1,negative,0
Fair experience overall with an ordinary tourist stop without surprises. Suits travelers who just want a brief stop.,2,neutral,0
"Servis sangat pantas dan mesra, makanan panas dan segar dari dapur.",5,positive,0
Rich in tradition and heritage. Exploring the rooftop lounge with comfortable air-conditioned seating was the highlight of our trip.,5,positive,0
"The spice garden was decent. There was a relatively brief walking tour, although an ordinary tourist stop without surprises could be improved.",3,neutral,0
11111111111 222222222 33333333333 discount call now,2,neutral,1
Puas hati,5,positive,0
Wonderful preservation of Malaysian culture in Butterworth. Noticed the rich authentic flavors and very helpful and accommodating staff.,1,positive,1
tak berbaloi dengan harga yang mahal dan porsi sedikit,1,negative,0
"Very disappointed with the succulent satay skewers with thick peanut gravy at this colonial fort in Jelutong. We encountered cold, greasy and bland food and noisy and stressful environment.",1,negative,0
Disappointing visit to this nasi kandar stall. Felt neglected with extremely slow and chaotic service and very poor visitor guidance.,5,negative,1
Not worth the entrance fee or trip to Armenian Street. The main issue was confusing ordering process with limited food options with many items out of stock.,1,negative,0
"Biasa sahaja, makanan boleh tahan tapi tiada yang begitu istimewa.",3,neutral,0
Incredible food experience in Chinatown! The crispy Roti Canai with aromatic dhal and mutton curry had unmatched authentic flavors and fast and efficient table turnover.,5,positive,0
"Cendol okay je, nothing much to shout about but cools you down.",3,neutral,0
An average stop in Campbell Street featuring a simple and functional seating layout. Nothing particularly extraordinary but acceptable.,4,neutral,0
"Terrible meal. The freshly steamed Hainanese Kaya butter toast and kampung eggs lacked flavor and freshness, coupled with rude and arrogant staff attitudes and dirty sticky tables and unwashed utensils.",5,negative,1
"tidak menyesal melawat tempat ini, pengalaman menarik dan berilmu",5,positive,0
娘惹糕点色彩缤纷口感细腻，椰香十足，必吃推荐！,5,positive,0
体验非常糟糕，管理混乱，完全不值得花费时间和金钱。,1,negative,0
Pemandangan indah dan staf banyak membantu memberi penerangan sejarah.,5,positive,0
"Tempat panas dan tidak selesa, kipas rosak dan staf buat endah tak endah.",1,negative,0
"Tempat panas dan tidak selesa, kipas rosak dan staf buat endah tak endah.",1,negative,0
"A must-try culinary gem in Little India. The serene coastal breeze and golden sunset views was fresh and delicious, accompanied by comfortable air-conditioned seating.",4,positive,0
差评,1,negative,0
Best stop for local food lovers. The intricate Chinese dragon wood carvings and granite courtyards exceeded expectations with comfortable air-conditioned seating. Will come back!,5,positive,0
A breathtaking cultural stop in Bukit Mertajam! The Char Kway Teow with duck egg and wok hei and truly memorable and enriching experience made it deeply memorable.,5,positive,0
食物普通，环境还可以，价格算中规中矩。,3,neutral,0
Visited this tea house in Balik Pulau. It offered standard basic facilities. An okay stop overall if you are nearby.,4,neutral,0
"not acceptable hygiene, found flies in the dining area",1,negative,0
Super nice,5,positive,0
很喜欢,5,positive,0
"The night market bazaar was decent. There was standard basic facilities, although average waiting times during rush hour could be improved.",2,neutral,0
"Food sedap gila and the ambience was top notch, totally recommended!",5,positive,0
"Food boleh la, but service a bit slow during weekend rush.",3,neutral,0
The steamed Nasi Dagang with tender tuna gulai was tasteless and overpriced. The confusing ordering process made the dining experience unbearable.,2,negative,0
食物普通，环境还可以，价格算中规中矩。,3,neutral,0
"tak segar langsung lauk pauk, rasa macam makanan semalam",1,negative,0
Poorly maintained heritage tea house in Gurney. Encountered grossly overpriced tourist trap pricing and rude and arrogant staff attitudes.,1,negative,0
An average stop in Batu Ferringhi featuring acceptable food quality for the price. Nothing particularly extraordinary but acceptable.,3,neutral,0
"not worth visiting, totally overrated and overpriced tourist trap",1,negative,0
Claim your free 500 dollar hotel voucher at http://scam-promo.com right now!,5,neutral,1
Incredible historical landmark in Bayan Lepas. We appreciated the clear and engaging historical explanations and fascinating cultural details and architecture. Highly recommended!,4,positive,0
"Staf sangat biadab dan tempat kotor berdebu, tandas tidak dibersihkan.",1,negative,0
Buy now limited offer discount discount discount contact me for free vouchers,2,neutral,1
"Pilihan kuih agak terhad waktu petang, tetapi rasanya boleh dimakan.",3,neutral,0
Expected rich cultural insights but was met with cramped and poorly ventilated space and confusing ordering process. Would not recommend.,2,negative,0
"Roti canai crispy gila, kuah kari pekat sedap terangkat!",5,positive,0
"Roti canai crispy gila, kuah kari pekat sedap terangkat!",5,positive,0
Rich in tradition and heritage. Exploring the tea house with generous portion sizes was the highlight of our trip.,1,positive,1
Standard experience in Balik Pulau. Food and service had acceptable food quality for the price. Convenient for a short rest.,4,neutral,0
A breathtaking cultural stop in George Town! The Char Kway Teow with duck egg and wok hei and convenient location and easy accessibility made it deeply memorable.,2,positive,1
"was not bad, pretty nice spot for afternoon tea and dessert",4,positive,0
Such a serene and educational experience at the baba nyonya mansion. Impressed by generous portion sizes and reasonable and transparent prices.,1,positive,1
The creamy Cendol with fresh coconut milk and Gula Melaka was tasteless and overpriced. The rude and arrogant staff attitudes made the dining experience unbearable.,5,negative,1
"did not like it, very confusing and disorganized place",1,negative,0
The freshly steamed Hainanese Kaya butter toast and kampung eggs was tasteless and overpriced. The grossly overpriced tourist trap pricing made the dining experience unbearable.,1,negative,0
Incredible food experience in Balik Pulau! The steamed Nasi Dagang with tender tuna gulai had unmatched authentic flavors and well organised tour activities.,4,positive,0
Buy now limited offer discount discount discount contact me for free vouchers,5,neutral,1
Loved every bite of the intricate Chinese dragon wood carvings and granite courtyards. The beautiful aesthetic presentation and freshly prepared hot food made our visit thoroughly enjoyable.,5,positive,0
极其恶劣的体验，千万别来浪费宝贵的旅游假期。,1,negative,0
Follow my telegram channel and message me for the best promotion code today on whatsapp,5,neutral,1
Fair experience overall with basic informative signage. Suits travelers who just want a brief stop.,3,neutral,0
Fair experience overall with a simple and functional seating layout. Suits travelers who just want a brief stop.,3,neutral,0
"Staff very rude, tempat kotor gila potong stim bila nak makan.",1,negative,0
非常棒的体验，东西很好吃，分量足且性价比很高。,5,positive,0
价格昂贵但质量很差，完全是坑游客的黑店，千万别来。,1,negative,0
非常棒的古迹景点，建筑与壁画保存得非常完善。,5,positive,0
"Very bad experience la, rugi duit and time wasted sitting there.",1,negative,0
"Layanan buruk, pekerja malas dan tempat tidak terurus langsung.",1,negative,0
Sedap gila,5,positive,0
asdf qwer zxcv lorem ipsum random review text asdf zxcv,3,neutral,1
Loved every bite of the steamed Nasi Dagang with tender tuna gulai. The authentic traditional recipes and rich authentic flavors made our visit thoroughly enjoyable.,5,positive,0
"Service damn slow, food pun biasa je and overpriced for tourists.",1,negative,0
"Biasa sahaja, makanan boleh tahan tapi tiada yang begitu istimewa.",3,neutral,0
Best stop for local food lovers. The UNESCO heritage indigo courtyards and feng shui architecture exceeded expectations with reasonable and transparent prices. Will come back!,4,positive,0
"Nasi lemak bungkus sambal padu, aroma daun pisang wangian asli.",5,positive,0
Very disappointed with the fragrant BM Yam Rice with salted vegetable duck soup at this temple garden in Campbell Street. We encountered dirty sticky tables and unwashed utensils and confusing ordering process.,1,negative,0
"Kuah kari cair dan tawar, nasi keras macam tak masak elok.",1,negative,0
服务非常慢，等了快一个小时都没人理，催单还给脸色看。,1,negative,0
Such a serene and educational experience at the coastal cafe. Impressed by truly memorable and enriching experience and well organised tour activities.,5,positive,0
tak puas hati dengan layanan pekerja yang pemalas,1,negative,0
Tempat okay tapi agak sesak dengan pelancong pada hujung minggu.,3,neutral,0
"tidak rugi datang sini, sangat berbaloi dengan harganya",5,positive,0
"Makanan enak dan harga sangat berpatutan, porsi banyak dan mengenyangkan.",5,positive,0
"Wait so long for cold food, totally tak worth it and bad mood.",1,negative,0
Such a serene and educational experience at the baba nyonya mansion. Impressed by very helpful and accommodating staff and freshly prepared hot food.,4,positive,0
"tidak rugi datang sini, sangat berbaloi dengan harganya",5,positive,0
Lokasi strategik dan tempat menarik untuk pelancong yang sukakan seni warisan.,4,positive,0
"Staff very rude, tempat kotor gila potong stim bila nak makan.",1,negative,0
"tidak menghampakan, layanan staf sangat mesra dan prihatin",5,positive,0
A breathtaking cultural stop in George Town! The hand-drawn street art murals and vibrant artisan crafts and comfortable air-conditioned seating made it deeply memorable.,5,positive,0
Free bitcoin giveaway click http://crypto-win.xyz fast before ended,1,neutral,1
Very disappointed with the steamed Nasi Dagang with tender tuna gulai at this rooftop lounge in Bayan Lepas. We encountered confusing ordering process and unclear information and lack of signages.,1,negative,0
"Super nice heritage vibes, staff helpful gila and knowledgeable.",5,positive,0
Best stop for local food lovers. The freshly steamed Hainanese Kaya butter toast and kampung eggs exceeded expectations with well organised tour activities. Will come back!,4,positive,0
"Hancur mood, cashier buat muka masam and rude when taking orders.",1,negative,0
tak puas hati dengan layanan pekerja yang pemalas,1,negative,0
"tidak bersih dan meja melekit, rasa loya nak makan",1,negative,0
"Super nice heritage vibes, staff helpful gila and knowledgeable.",5,positive,0
The spiced Nasi Kandar with dark squid curry and fried chicken at this satay stall in Batu Ferringhi was absolutely outstanding! Loved the convenient location and easy accessibility and authentic traditional recipes.,5,positive,0
An average stop in Tanjung Bungah featuring standard kopitiam ambiance. Nothing particularly extraordinary but acceptable.,3,neutral,0
Worst meal,1,negative,0
"tidak mengecewakan langsung, suasana sangat cantik dan tenang",5,positive,0
"The satay stall was decent. There was a moderate selection of local dishes, although average waiting times during rush hour could be improved.",2,neutral,0
"Pengurusan sangat lemah, beratur panjang tanpa penerangan jelas.",1,negative,0
The spiced Nasi Kandar with dark squid curry and fried chicken was tasteless and overpriced. The stale ingredients lacking freshness made the dining experience unbearable.,4,negative,1
"Cendol memang mantap, authentic Penang taste so syok and refreshing!",5,positive,0
"Tempat panas dan tidak selesa, kipas rosak dan staf buat endah tak endah.",1,negative,0
"Food cold and tasteless, price like 5 star hotel but hawker standard.",1,negative,0
"do not hate it, pretty good food and nice staff",4,positive,0
Incredible food experience in Butterworth! The succulent satay skewers with thick peanut gravy had unmatched authentic flavors and fascinating cultural details and architecture.,5,positive,0
极其恶劣的体验，千万别来浪费宝贵的旅游假期。,1,negative,0
"Senibina klasik Baba Nyonya yang memukau, banyak sudut bergambar menarik.",5,positive,0
Get unlimited followers and likes fast dm on instagram @promo_bot_now,4,neutral,1
The crispy Roti Canai with aromatic dhal and mutton curry was tasteless and overpriced. The cramped and poorly ventilated space made the dining experience unbearable.,1,negative,0
The fragrant BM Yam Rice with salted vegetable duck soup at this rooftop lounge in Air Itam was absolutely outstanding! Loved the rich authentic flavors and generous portion sizes.,5,positive,0
"not bad at all, really enjoyed the heritage atmosphere and friendly guide",4,positive,0
"A must-try culinary gem in Bukit Mertajam. The piping hot Kuih Akok and traditional keropok lekor was fresh and delicious, accompanied by rich authentic flavors.",5,positive,0
The piping hot Kuih Akok and traditional keropok lekor at this craft studio in Bayan Lepas was absolutely outstanding! Loved the reasonable and transparent prices and beautiful aesthetic presentation.,5,positive,0
"Cendol pulut terbaik di George Town, manis berlemak santan segar.",5,positive,0
"tidak menyesal melawat tempat ini, pengalaman menarik dan berilmu",5,positive,0
Loved every bite of the authentic Peranakan Nyonya Laksa. The comfortable air-conditioned seating and freshly prepared hot food made our visit thoroughly enjoyable.,5,positive,0
"Overhyped tourist stop in Bayan Lepas. The piping hot Kuih Akok and traditional keropok lekor was cold, and we had to endure poor crowd management and disorganised queues.",2,negative,0
Bad bad bad bad bad bad bad bad bad bad bad,5,negative,1
Loved every bite of the engaging docents explaining Baba Nyonya family customs. The freshly prepared hot food and well organised tour activities made our visit thoroughly enjoyable.,4,positive,0
The hand-drawn street art murals and vibrant artisan crafts was tasteless and overpriced. The stale ingredients lacking freshness made the dining experience unbearable.,1,negative,0
tidak sedap dan staf sangat biadab bila pelanggan tanya,1,negative,0
Disappointing visit to this night market bazaar. Felt neglected with dirty sticky tables and unwashed utensils and very poor visitor guidance.,1,negative,0
服务非常慢，等了快一个小时都没人理，催单还给脸色看。,1,negative,0
Incredible food experience in Tanjung Bungah! The fragrant BM Yam Rice with salted vegetable duck soup had unmatched authentic flavors and fascinating cultural details and architecture.,5,positive,0
"Senibina klasik Baba Nyonya yang memukau, banyak sudut bergambar menarik.",5,positive,0
"definitely not recommended, horrible service and bad attitude",1,negative,0
The majestic 272 steps and cathedral limestone caves was tasteless and overpriced. The unclear information and lack of signages made the dining experience unbearable.,2,negative,0
Incredible historical landmark in Batu Ferringhi. We appreciated the very helpful and accommodating staff and fast and efficient table turnover. Highly recommended!,1,positive,1
"Biasa sahaja, makanan boleh tahan tapi tiada yang begitu istimewa.",3,neutral,0
Rich in tradition and heritage. Exploring the night market bazaar with well organised tour activities was the highlight of our trip.,2,positive,1
"Hancur mood, cashier buat muka masam and rude when taking orders.",1,negative,0
"Overhyped tourist stop in Chinatown. The creamy Cendol with fresh coconut milk and Gula Melaka was cold, and we had to endure cold, greasy and bland food.",1,negative,0
"A must-try culinary gem in Campbell Street. The spiced Nasi Kandar with dark squid curry and fried chicken was fresh and delicious, accompanied by rich authentic flavors.",5,positive,0
"Nasi lemak bungkus sambal padu, aroma daun pisang wangian asli.",5,positive,0
A breathtaking cultural stop in Batu Ferringhi! The spiced Nasi Kandar with dark squid curry and fried chicken and well organised tour activities made it deeply memorable.,5,positive,0
"never coming back here again, awful experience from start to end",1,negative,0
Such a serene and educational experience at the temple garden. Impressed by reasonable and transparent prices and rich authentic flavors.,4,positive,0
物超所值，值得推荐给所有来马来西亚旅游的朋友。,5,positive,0
环境优美古色古香，员工很有礼貌，值得带家人再来。,5,positive,0
Tempat cantik,5,positive,0
"I don't hate it, in fact the experience was quite good and authentic",4,positive,0
11111111111 222222222 33333333333 discount call now,2,neutral,1
"Terrible meal. The majestic 272 steps and cathedral limestone caves lacked flavor and freshness, coupled with extremely slow and chaotic service and over an hour waiting time for simple orders.",2,negative,0
An average stop in Armenian Street featuring a moderate selection of local dishes. Nothing particularly extraordinary but acceptable.,3,neutral,0
Fair experience overall with an ordinary tourist stop without surprises. Suits travelers who just want a brief stop.,3,neutral,0
11111111111 222222222 33333333333 discount call now,2,neutral,1
"Makan not nice, price mahal gila and staff sombong nak mampus.",1,negative,0
Tempat warisan bersejarah yang sangat bermakna dan dijaga dengan rapi.,5,positive,0
煎蕊红豆绵密，椰糖香浓正宗，正宗槟城老字号风味！,5,positive,0
"Lekor panas-panas, best gila wei! Must try if you come here!",5,positive,0
An average stop in Gurney featuring standard kopitiam ambiance. Nothing particularly extraordinary but acceptable.,3,neutral,0
"Very bad experience la, rugi duit and time wasted sitting there.",1,negative,0
"Very bad experience la, rugi duit and time wasted sitting there.",1,negative,0
Such a serene and educational experience at the craft studio. Impressed by very helpful and accommodating staff and fascinating cultural details and architecture.,4,positive,0
Visited this rooftop lounge in Batu Ferringhi. It offered basic informative signage. An okay stop overall if you are nearby.,3,neutral,0
"Makan not nice, price mahal gila and staff sombong nak mampus.",1,negative,0
"tidak rugi datang sini, sangat berbaloi dengan harganya",5,positive,0
Standard experience in Teluk Bahang. Food and service had decent place for a quick photo stop. Convenient for a short rest.,3,neutral,0
"Sederhana sahaja, sesuai untuk singgah sebentar jika lalu di kawasan ini.",3,neutral,0
"Pengalaman yang sangat memuaskan, tempat warisan terpelihara dengan indah.",5,positive,0
Free bitcoin giveaway click http://crypto-win.xyz fast before ended,5,neutral,1
Wonderful preservation of Malaysian culture in Little India. Noticed the truly memorable and enriching experience and comfortable air-conditioned seating.,4,positive,0
Rich in tradition and heritage. Exploring the nasi kandar stall with comfortable air-conditioned seating was the highlight of our trip.,5,positive,0
An average stop in Batu Ferringhi featuring basic informative signage. Nothing particularly extraordinary but acceptable.,3,neutral,0
Wonderful preservation of Malaysian culture in George Town. Noticed the fast and efficient table turnover and rich authentic flavors.,4,positive,0
"not disappointed with the visit, everything was great and tasty",5,positive,0
Tempat yang cantik dan sangat berbaloi untuk dikunjungi bersama keluarga.,5,positive,0
The serene coastal breeze and golden sunset views was tasteless and overpriced. The cramped and poorly ventilated space made the dining experience unbearable.,1,negative,0
又贵又难吃，环境脏乱差，给一颗星都嫌多！,1,negative,0
体验非常糟糕，管理混乱，完全不值得花费时间和金钱。,1,negative,0
"Overhyped tourist stop in Teluk Bahang. The freshly steamed Hainanese Kaya butter toast and kampung eggs was cold, and we had to endure cold, greasy and bland food.",1,negative,0
Expected rich cultural insights but was met with uncomfortable broken seating and noisy and stressful environment. Would not recommend.,2,negative,0
Standard experience in Balik Pulau. Food and service had a moderate selection of local dishes. Convenient for a short rest.,4,neutral,0
卫生条件很差，桌子油腻腻的，服务态度傲慢无礼。,1,negative,0
"A must-try culinary gem in Jelutong. The steamed Nasi Dagang with tender tuna gulai was fresh and delicious, accompanied by generous portion sizes.",4,positive,0
An average stop in Balik Pulau featuring a simple and functional seating layout. Nothing particularly extraordinary but acceptable.,4,neutral,0
"Yam rice soup damn solid bro, salted vege duck soup so comforting!",5,positive,0
"Poorly maintained heritage street mural spot in Batu Ferringhi. Encountered over an hour waiting time for simple orders and cold, greasy and bland food.",2,negative,0
Such a serene and educational experience at the curated museum. Impressed by rich authentic flavors and reasonable and transparent prices.,4,positive,0
Expected rich cultural insights but was met with limited food options with many items out of stock and rude and arrogant staff attitudes. Would not recommend.,2,negative,0
煎蕊红豆绵密，椰糖香浓正宗，正宗槟城老字号风味！,5,positive,0
炒粿条镬气十足，鸭蛋香味浓郁，虾肉新鲜弹牙！,5,positive,0
Incredible food experience in Campbell Street! The crispy Roti Canai with aromatic dhal and mutton curry had unmatched authentic flavors and freshly prepared hot food.,5,positive,0
"Makanan tak sedap dan servis sangat lambat, kami tunggu hampir sejam.",1,negative,0
Buy now limited offer discount discount discount contact me for free vouchers,1,neutral,1
Wonderful preservation of Malaysian culture in Little India. Noticed the reasonable and transparent prices and freshly prepared hot food.,5,positive,0
"Kuah kari cair dan tawar, nasi keras macam tak masak elok.",1,negative,0
Fair experience overall with acceptable food quality for the price. Suits travelers who just want a brief stop.,3,neutral,0
Avoid this,1,negative,0
Claim your free 500 dollar hotel voucher at http://scam-promo.com right now!,1,neutral,1
"The temple garden was decent. There was acceptable food quality for the price, although average waiting times during rush hour could be improved.",2,neutral,0
Claim your free 500 dollar hotel voucher at http://scam-promo.com right now!,2,neutral,1
The majestic 272 steps and cathedral limestone caves at this kopitiam in Teluk Bahang was absolutely outstanding! Loved the generous portion sizes and well organised tour activities.,5,positive,0
Rich in tradition and heritage. Exploring the kopitiam with reasonable and transparent prices was the highlight of our trip.,5,positive,0
"Overhyped tourist stop in Gurney. The UNESCO heritage indigo courtyards and feng shui architecture was cold, and we had to endure grossly overpriced tourist trap pricing.",1,negative,0
Follow my telegram channel and message me for the best promotion code today on whatsapp,3,neutral,1
又贵又难吃，环境脏乱差，给一颗星都嫌多！,1,negative,0
Claim your free 500 dollar hotel voucher at http://scam-promo.com right now!,5,neutral,1
"Waited 45 mins just for one plate of fried noodles, never again!",1,negative,0
"Terrible meal. The engaging docents explaining Baba Nyonya family customs lacked flavor and freshness, coupled with limited food options with many items out of stock and dirty sticky tables and unwashed utensils.",1,negative,0
Expected rich cultural insights but was met with poor crowd management and disorganised queues and rude and arrogant staff attitudes. Would not recommend.,2,negative,0
"Super nice heritage vibes, staff helpful gila and knowledgeable.",5,positive,0
Loved every bite of the crispy Roti Canai with aromatic dhal and mutton curry. The clean and well-maintained environment and generous portion sizes made our visit thoroughly enjoyable.,5,positive,0
"Nothing special la, can try once if you are walking nearby.",3,neutral,0
"Sederhana sahaja, sesuai untuk singgah sebentar jika lalu di kawasan ini.",3,neutral,0
"Suasana bersih, tenang dan selesa. Pasti akan datang lagi bila ke sini.",5,positive,0
Wonderful preservation of Malaysian culture in George Town. Noticed the reasonable and transparent prices and freshly prepared hot food.,4,positive,0
"tidak ada masalah, urusan sangat lancar dan puas hati",5,positive,0
asdf qwer zxcv lorem ipsum random review text asdf zxcv,5,neutral,1
"Service damn slow, food pun biasa je and overpriced for tourists.",1,negative,0
整体还行，周末游客比较多，稍微有点拥挤。,3,neutral,0
食物普通，环境还可以，价格算中规中矩。,3,neutral,0
Very disappointed with the authentic Peranakan Nyonya Laksa at this nasi kandar stall in Little India. We encountered dirty sticky tables and unwashed utensils and cramped and poorly ventilated space.,1,negative,0
Sedap gila,5,positive,0
"Expected rich cultural insights but was met with cold, greasy and bland food and dirty sticky tables and unwashed utensils. Would not recommend.",1,negative,0
"Dirty tables everywhere, damn disgusting experience and smelly toilet.",1,negative,0
"Super nice heritage vibes, staff helpful gila and knowledgeable.",5,positive,0
Terrible service,1,negative,0
"Terrible meal. The UNESCO heritage indigo courtyards and feng shui architecture lacked flavor and freshness, coupled with rude and arrogant staff attitudes and confusing ordering process.",4,negative,1
Sangat berpuas hati dengan kebersihan dan keramahan pekerja di sini.,5,positive,0
Very disappointed with the succulent satay skewers with thick peanut gravy at this temple garden in Little India. We encountered stale ingredients lacking freshness and cramped and poorly ventilated space.,1,negative,0
Wonderful preservation of Malaysian culture in George Town. Noticed the very helpful and accommodating staff and convenient location and easy accessibility.,2,positive,1
"Wait so long for cold food, totally tak worth it and bad mood.",1,negative,0
好吃,5,positive,0
食物新鲜美味，老板很热情好客，五星好评！,5,positive,0
Such a serene and educational experience at the satay stall. Impressed by authentic traditional recipes and convenient location and easy accessibility.,2,positive,1
Incredible historical landmark in Tanjung Bungah. We appreciated the rich authentic flavors and clear and engaging historical explanations. Highly recommended!,2,positive,1
Visited this cultural gallery in Balik Pulau. It offered an ordinary tourist stop without surprises. An okay stop overall if you are nearby.,4,neutral,0
食物很难吃，服务员态度极差，完全不推荐大家来踩雷！,1,negative,0
Not worth the entrance fee or trip to Air Itam. The main issue was limited food options with many items out of stock with rude and arrogant staff attitudes.,5,negative,1
"Rasa makanan biasa, harga berpatutan dengan saiz hidangan.",3,neutral,0
"Mantap gila place, very instagrammable and peaceful to chill out.",4,positive,0
"tak menyesal datang sini, semuanya terbaik dan memuaskan",5,positive,0
"Kuah kari cair dan tawar, nasi keras macam tak masak elok.",1,negative,0
娘惹糕点色彩缤纷口感细腻，椰香十足，必吃推荐！,5,positive,0
Incredible food experience in Jelutong! The freshly steamed Hainanese Kaya butter toast and kampung eggs had unmatched authentic flavors and comfortable air-conditioned seating.,4,positive,0
"Char kway teow padu gila, duck egg yolk so creamy and lots of cockles!",5,positive,0
Not worth the entrance fee or trip to Butterworth. The main issue was noisy and stressful environment with limited food options with many items out of stock.,1,negative,0
Get unlimited followers and likes fast dm on instagram @promo_bot_now,1,neutral,1
难吃,1,negative,0
Incredible historical landmark in George Town. We appreciated the fast and efficient table turnover and freshly prepared hot food. Highly recommended!,5,positive,0
Visit my website https://example-deals.com for cheap packages and free gifts,1,neutral,1
"Roti canai crispy gila, kuah kari pekat sedap terangkat!",5,positive,0
"Okay la, not bad and not super good either. Standard standard.",3,neutral,0
Would not return to this nasi kandar stall. The steamed Nasi Dagang with tender tuna gulai was disappointing and the stale ingredients lacking freshness ruined our mood.,1,negative,0
Boleh diterima tetapi perlukan penambahbaikan dari segi kemudahan awam.,3,neutral,0
"Keropok lekor panas gebu, sos pencicah manis pedas memang ngam.",5,positive,0
Best stop for local food lovers. The creamy Cendol with fresh coconut milk and Gula Melaka exceeded expectations with fast and efficient table turnover. Will come back!,2,positive,1
Poorly maintained heritage coastal cafe in Balik Pulau. Encountered over an hour waiting time for simple orders and uncomfortable broken seating.,1,negative,0
Visited this baba nyonya mansion in Jelutong. It offered a moderate selection of local dishes. An okay stop overall if you are nearby.,3,neutral,0
"Food cold and tasteless, price like 5 star hotel but hawker standard.",1,negative,0
食物新鲜美味，老板很热情好客，五星好评！,5,positive,0
"Place nice gila, staff very friendly and polite throughout our visit.",5,positive,0
The intricate Chinese dragon wood carvings and granite courtyards at this coastal cafe in Bayan Lepas was absolutely outstanding! Loved the truly memorable and enriching experience and fast and efficient table turnover.,5,positive,0
"Hancur mood, cashier buat muka masam and rude when taking orders.",1,negative,0
Best stop for local food lovers. The piping hot Kuih Akok and traditional keropok lekor exceeded expectations with fast and efficient table turnover. Will come back!,5,positive,0
赞,5,positive,0
卫生条件很差，桌子油腻腻的，服务态度傲慢无礼。,1,negative,0
"A must-try culinary gem in Campbell Street. The majestic 272 steps and cathedral limestone caves was fresh and delicious, accompanied by beautiful aesthetic presentation.",5,positive,0
"Servis sangat pantas dan mesra, makanan panas dan segar dari dapur.",5,positive,0
Lokasi strategik dan tempat menarik untuk pelancong yang sukakan seni warisan.,4,positive,0
An average stop in Campbell Street featuring a moderate selection of local dishes. Nothing particularly extraordinary but acceptable.,3,neutral,0
"Hancur mood, cashier buat muka masam and rude when taking orders.",1,negative,0
"The night market bazaar was decent. There was decent place for a quick photo stop, although average waiting times during rush hour could be improved.",3,neutral,0
Hancur,1,negative,0
Wonderful preservation of Malaysian culture in George Town. Noticed the friendly and attentive service and clear and engaging historical explanations.,5,positive,0
风景很美，拍照很好看，全家人都很喜欢这个历史古迹。,5,positive,0
Standard experience in Gurney. Food and service had standard basic facilities. Convenient for a short rest.,2,neutral,0
"Mantap gila place, very instagrammable and peaceful to chill out.",4,positive,0
Friendly staff,5,positive,0
"Pilihan kuih agak terhad waktu petang, tetapi rasanya boleh dimakan.",3,neutral,0
非常棒的古迹景点，建筑与壁画保存得非常完善。,5,positive,0
Standard experience in Air Itam. Food and service had basic informative signage. Convenient for a short rest.,3,neutral,0
文化底蕴深厚，讲解员解说很清楚，很有收获的文化之旅。,5,positive,0
Incredible food experience in Teluk Bahang! The crispy Roti Canai with aromatic dhal and mutton curry had unmatched authentic flavors and clear and engaging historical explanations.,5,positive,0
"Authentic Malaysian taste at its best! The hand-drawn street art murals and vibrant artisan crafts in Gurney was top tier, plus beautiful aesthetic presentation.",4,positive,0
"Hancur mood, cashier buat muka masam and rude when taking orders.",1,negative,0
Expected rich cultural insights but was met with stale ingredients lacking freshness and noisy and stressful environment. Would not recommend.,1,negative,0
The succulent satay skewers with thick peanut gravy was tasteless and overpriced. The unclear information and lack of signages made the dining experience unbearable.,1,negative,0
Visited this temple garden in Bukit Mertajam. It offered decent place for a quick photo stop. An okay stop overall if you are nearby.,2,neutral,0
不推荐,1,negative,0
"Wait so long for cold food, totally tak worth it and bad mood.",1,negative,0
"kurang memuaskan, tempat sesak dan tiada layanan langsung",2,negative,0
A breathtaking cultural stop in Campbell Street! The freshly steamed Hainanese Kaya butter toast and kampung eggs and authentic traditional recipes made it deeply memorable.,5,positive,0
"Makanan sangat sedap dan staf peramah, layanan terbaik tiada tandingan!",5,positive,0
太脏了,1,negative,0
Expected rich cultural insights but was met with grossly overpriced tourist trap pricing and uncomfortable broken seating. Would not recommend.,2,negative,0
tidak sedap dan staf sangat biadab bila pelanggan tanya,1,negative,0
"Rasa makanan biasa, harga berpatutan dengan saiz hidangan.",3,neutral,0
"Staff very rude, tempat kotor gila potong stim bila nak makan.",1,negative,0
Rich in tradition and heritage. Exploring the street mural spot with freshly prepared hot food was the highlight of our trip.,5,positive,0
"Char kway teow padu gila, duck egg yolk so creamy and lots of cockles!",5,positive,0
"Sederhana sahaja, sesuai untuk singgah sebentar jika lalu di kawasan ini.",3,neutral,0
"Terrible meal. The engaging docents explaining Baba Nyonya family customs lacked flavor and freshness, coupled with extremely slow and chaotic service and stale ingredients lacking freshness.",1,negative,0
Disappointing visit to this bakery. Felt neglected with rude and arrogant staff attitudes and very poor visitor guidance.,2,negative,0
"Rasa makanan biasa, harga berpatutan dengan saiz hidangan.",3,neutral,0
Expected rich cultural insights but was met with extremely slow and chaotic service and unclear information and lack of signages. Would not recommend.,1,negative,0
"Staf sangat biadab dan tempat kotor berdebu, tandas tidak dibersihkan.",1,negative,0
Worth visiting,5,positive,0
Such a serene and educational experience at the bakery. Impressed by authentic traditional recipes and friendly and attentive service.,5,positive,0
"kurang memuaskan, tempat sesak dan tiada layanan langsung",2,negative,0
Sangat berpuas hati dengan kebersihan dan keramahan pekerja di sini.,5,positive,0
Visited this nasi kandar stall in Bukit Mertajam. It offered acceptable food quality for the price. An okay stop overall if you are nearby.,3,neutral,0
Incredible historical landmark in Batu Ferringhi. We appreciated the fast and efficient table turnover and very helpful and accommodating staff. Highly recommended!,5,positive,0
体验非常糟糕，管理混乱，完全不值得花费时间和金钱。,1,negative,0
Loved every bite of the serene coastal breeze and golden sunset views. The fascinating cultural details and architecture and authentic traditional recipes made our visit thoroughly enjoyable.,1,positive,1
Best stop for local food lovers. The fragrant BM Yam Rice with salted vegetable duck soup exceeded expectations with reasonable and transparent prices. Will come back!,1,positive,1
"never had any issue here, consistently delicious and fresh",5,positive,0
"Super nice heritage vibes, staff helpful gila and knowledgeable.",5,positive,0
A breathtaking cultural stop in Balik Pulau! The UNESCO heritage indigo courtyards and feng shui architecture and convenient location and easy accessibility made it deeply memorable.,1,positive,1
"Staf sangat biadab dan tempat kotor berdebu, tandas tidak dibersihkan.",1,negative,0
Incredible historical landmark in Armenian Street. We appreciated the clear and engaging historical explanations and truly memorable and enriching experience. Highly recommended!,5,positive,0
"Hancur mood, cashier buat muka masam and rude when taking orders.",1,negative,0
"Cendol okay je, nothing much to shout about but cools you down.",3,neutral,0
食物新鲜美味，老板很热情好客，五星好评！,5,positive,0
"Authentic Malaysian taste at its best! The crispy Roti Canai with aromatic dhal and mutton curry in Tanjung Bungah was top tier, plus clean and well-maintained environment.",5,positive,0
Excellent service,5,positive,0
中规中矩，无功无过，适合路过时简单吃个便饭。,3,neutral,0
Sangat mengecewakan dan tidak berbaloi dengan harga tiket yang mahal.,1,negative,0
"tidak bagus langsung, pengalaman sangat mengecewakan kami",1,negative,0
Rude staff,1,negative,0
Loved every bite of the authentic Peranakan Nyonya Laksa. The reasonable and transparent prices and clean and well-maintained environment made our visit thoroughly enjoyable.,5,positive,0
Incredible food experience in Air Itam! The creamy Cendol with fresh coconut milk and Gula Melaka had unmatched authentic flavors and truly memorable and enriching experience.,4,positive,0
Wonderful preservation of Malaysian culture in Bayan Lepas. Noticed the reasonable and transparent prices and clean and well-maintained environment.,5,positive,0
Incredible historical landmark in Tanjung Bungah. We appreciated the comfortable air-conditioned seating and very helpful and accommodating staff. Highly recommended!,4,positive,0
"Wait so long for cold food, totally tak worth it and bad mood.",1,negative,0
食物非常好吃，服务态度很亲切，非常推荐大家来尝试！,5,positive,0
Best stop for local food lovers. The succulent satay skewers with thick peanut gravy exceeded expectations with friendly and attentive service. Will come back!,1,positive,1
"A must-try culinary gem in Gurney. The UNESCO heritage indigo courtyards and feng shui architecture was fresh and delicious, accompanied by generous portion sizes.",5,positive,0
娘惹糕点色彩缤纷口感细腻，椰香十足，必吃推荐！,5,positive,0
"Dirty tables everywhere, damn disgusting experience and smelly toilet.",1,negative,0
非常棒的古迹景点，建筑与壁画保存得非常完善。,5,positive,0
Harga mahal melampau tapi kualiti teruk dan mengecewakan selera.,1,negative,0
"A must-try culinary gem in Balik Pulau. The authentic Peranakan Nyonya Laksa was fresh and delicious, accompanied by convenient location and easy accessibility.",5,positive,0
环境优美古色古香，员工很有礼貌，值得带家人再来。,5,positive,0
An average stop in Air Itam featuring an ordinary tourist stop without surprises. Nothing particularly extraordinary but acceptable.,2,neutral,0
Bad bad bad bad bad bad bad bad bad bad bad,3,negative,1
A breathtaking cultural stop in Balik Pulau! The UNESCO heritage indigo courtyards and feng shui architecture and clear and engaging historical explanations made it deeply memorable.,5,positive,0
Visited this rooftop lounge in Campbell Street. It offered an ordinary tourist stop without surprises. An okay stop overall if you are nearby.,3,neutral,0
"Tempat panas dan tidak selesa, kipas rosak dan staf buat endah tak endah.",1,negative,0
"not bad la, food sedap and price okay for family",4,positive,0
"Terrible meal. The steamed Nasi Dagang with tender tuna gulai lacked flavor and freshness, coupled with cold, greasy and bland food and poor crowd management and disorganised queues.",1,negative,0
Bad bad bad bad bad bad bad bad bad bad bad,5,negative,1
Service tip top and food comes super fast. Truly steady la!,5,positive,0
Visit my website https://example-deals.com for cheap packages and free gifts,2,neutral,1
tidak sedap dan staf sangat biadab bila pelanggan tanya,1,negative,0
Terrible,1,negative,0
11111111111 222222222 33333333333 discount call now,3,neutral,1
asdf qwer zxcv lorem ipsum random review text asdf zxcv,5,neutral,1
"kurang memuaskan, tempat sesak dan tiada layanan langsung",2,negative,0
Incredible historical landmark in Balik Pulau. We appreciated the generous portion sizes and reasonable and transparent prices. Highly recommended!,4,positive,0
Pemandangan indah dan staf banyak membantu memberi penerangan sejarah.,5,positive,0
Expected rich cultural insights but was met with rude and arrogant staff attitudes and dirty sticky tables and unwashed utensils. Would not recommend.,2,negative,0
"Okay la, not bad and not super good either. Standard standard.",3,neutral,0
Pekerja bermasam muka dan berkira bila minta sudu tambahan.,1,negative,0
Very disappointed with the steamed Nasi Dagang with tender tuna gulai at this curated museum in Campbell Street. We encountered noisy and stressful environment and over an hour waiting time for simple orders.,1,negative,0
The Char Kway Teow with duck egg and wok hei at this craft studio in Balik Pulau was absolutely outstanding! Loved the clear and engaging historical explanations and reasonable and transparent prices.,4,positive,0
"Keropok lekor panas gebu, sos pencicah manis pedas memang ngam.",5,positive,0
"Poorly maintained heritage coastal cafe in Campbell Street. Encountered cold, greasy and bland food and noisy and stressful environment.",1,negative,0
"Murah and sedap, really worth the visit for genuine foodies.",5,positive,0
卫生条件很差，桌子油腻腻的，服务态度傲慢无礼。,1,negative,0
Tempat warisan bersejarah yang sangat bermakna dan dijaga dengan rapi.,5,positive,0
"Expected rich cultural insights but was met with cold, greasy and bland food and cramped and poorly ventilated space. Would not recommend.",2,negative,0
"Overhyped tourist stop in Batu Ferringhi. The majestic 272 steps and cathedral limestone caves was cold, and we had to endure cold, greasy and bland food.",1,negative,0
"bukan sedap sangat pun, harga cekik darah untuk pelancong",1,negative,0
"Staff very rude, tempat kotor gila potong stim bila nak makan.",1,negative,0
"tidak mengecewakan langsung, suasana sangat cantik dan tenang",5,positive,0
Very good place,5,positive,0
A breathtaking cultural stop in Chinatown! The Char Kway Teow with duck egg and wok hei and clear and engaging historical explanations made it deeply memorable.,4,positive,0
食物非常好吃，服务态度很亲切，非常推荐大家来尝试！,5,positive,0
"Super nice heritage vibes, staff helpful gila and knowledgeable.",5,positive,0
"Overhyped tourist stop in Teluk Bahang. The Char Kway Teow with duck egg and wok hei was cold, and we had to endure stale ingredients lacking freshness.",1,negative,0
"not overhyped at all, the char kway teow really delivers top wok hei",5,positive,0
Incredible food experience in Air Itam! The freshly steamed Hainanese Kaya butter toast and kampung eggs had unmatched authentic flavors and generous portion sizes.,5,positive,0
Super nice,5,positive,0
服务非常慢，等了快一个小时都没人理，催单还给脸色看。,1,negative,0
Standard experience in Armenian Street. Food and service had a simple and functional seating layout. Convenient for a short rest.,4,neutral,0
马马虎虎，算是一个普通的打卡景点吧，顺路可以看看。,3,neutral,0
Such a serene and educational experience at the temple garden. Impressed by fascinating cultural details and architecture and beautiful aesthetic presentation.,5,positive,0
Loved every bite of the UNESCO heritage indigo courtyards and feng shui architecture. The clean and well-maintained environment and well organised tour activities made our visit thoroughly enjoyable.,4,positive,0
"kurang memuaskan, tempat sesak dan tiada layanan langsung",2,negative,0
"not bad la, food sedap and price okay for family",4,positive,0
"Suasana bersih, tenang dan selesa. Pasti akan datang lagi bila ke sini.",5,positive,0
Free bitcoin giveaway click http://crypto-win.xyz fast before ended,2,neutral,1
"not bad, quite liked the food and friendly service",4,positive,0
Very disappointed with the creamy Cendol with fresh coconut milk and Gula Melaka at this nature trail in Batu Ferringhi. We encountered cramped and poorly ventilated space and grossly overpriced tourist trap pricing.,1,negative,0
Wonderful preservation of Malaysian culture in Gurney. Noticed the friendly and attentive service and fascinating cultural details and architecture.,5,positive,0
"Yam rice soup damn solid bro, salted vege duck soup so comforting!",5,positive,0
Tempat okay tapi agak sesak dengan pelancong pada hujung minggu.,3,neutral,0
"Servis sangat pantas dan mesra, makanan panas dan segar dari dapur.",5,positive,0
Incredible food experience in Batu Ferringhi! The succulent satay skewers with thick peanut gravy had unmatched authentic flavors and fascinating cultural details and architecture.,5,positive,0
An average stop in Air Itam featuring acceptable food quality for the price. Nothing particularly extraordinary but acceptable.,3,neutral,0
"went without any problems, staff was super helpful and caring",5,positive,0
An average stop in Butterworth featuring average waiting times during rush hour. Nothing particularly extraordinary but acceptable.,3,neutral,0
Bad bad bad bad bad bad bad bad bad bad bad,3,negative,1
马马虎虎，算是一个普通的打卡景点吧，顺路可以看看。,3,neutral,0
Rich in tradition and heritage. Exploring the nature trail with generous portion sizes was the highlight of our trip.,5,positive,0
"Mantap gila place, very instagrammable and peaceful to chill out.",4,positive,0
"Food cold and tasteless, price like 5 star hotel but hawker standard.",1,negative,0
"was not bad, pretty nice spot for afternoon tea and dessert",4,positive,0
Visited this cultural gallery in Jelutong. It offered basic informative signage. An okay stop overall if you are nearby.,3,neutral,0
Incredible food experience in Armenian Street! The authentic Peranakan Nyonya Laksa had unmatched authentic flavors and rich authentic flavors.,5,positive,0
"Rugi masa datang sini, langsung tiada apa yang menarik seperti diiklan.",1,negative,0
Contact +60123456789 for instant cashback and crypto promo discount vouchers,1,neutral,1
"Cendol okay je, nothing much to shout about but cools you down.",3,neutral,0
"Suasana bersih, tenang dan selesa. Pasti akan datang lagi bila ke sini.",5,positive,0
"not good, very rude staff and dirty tables everywhere",1,negative,0
Poorly maintained heritage rooftop lounge in Bayan Lepas. Encountered rude and arrogant staff attitudes and grossly overpriced tourist trap pricing.,5,negative,1
"tak mesra langsung, staf buat muka masam dan campak menu",1,negative,0
"Nothing special la, can try once if you are walking nearby.",3,neutral,0
Follow my telegram channel and message me for the best promotion code today on whatsapp,1,neutral,1
Place quite nice for photos but parking susah gila around here.,3,neutral,0
Disappointing visit to this kopitiam. Felt neglected with noisy and stressful environment and very poor visitor guidance.,2,negative,0
"Dirty tables everywhere, damn disgusting experience and smelly toilet.",1,negative,0
体验非常糟糕，管理混乱，完全不值得花费时间和金钱。,1,negative,0
"Dirty tables everywhere, damn disgusting experience and smelly toilet.",1,negative,0
"Pengurusan sangat lemah, beratur panjang tanpa penerangan jelas.",1,negative,0
Such a serene and educational experience at the night market bazaar. Impressed by beautiful aesthetic presentation and truly memorable and enriching experience.,5,positive,0
"The bakery was decent. There was an ordinary tourist stop without surprises, although basic informative signage could be improved.",3,neutral,0
Very disappointed with the serene coastal breeze and golden sunset views at this clan jetty in Butterworth. We encountered over an hour waiting time for simple orders and confusing ordering process.,1,negative,0
"Authentic Malaysian taste at its best! The succulent satay skewers with thick peanut gravy in Teluk Bahang was top tier, plus generous portion sizes.",4,positive,0
"Rugi masa datang sini, langsung tiada apa yang menarik seperti diiklan.",1,negative,0
Standard experience in Gurney. Food and service had a simple and functional seating layout. Convenient for a short rest.,4,neutral,0
The fragrant BM Yam Rice with salted vegetable duck soup at this street mural spot in Little India was absolutely outstanding! Loved the well organised tour activities and friendly and attentive service.,4,positive,0
"tidak rugi datang sini, sangat berbaloi dengan harganya",5,positive,0
The fragrant BM Yam Rice with salted vegetable duck soup was tasteless and overpriced. The unclear information and lack of signages made the dining experience unbearable.,4,negative,1
Good food,4,positive,0
Terrible,1,negative,0
Incredible food experience in Bukit Mertajam! The serene coastal breeze and golden sunset views had unmatched authentic flavors and comfortable air-conditioned seating.,4,positive,0
"Tandas kotor dan bau busuk menyengat, makanan pun rasa basi.",1,negative,0
"it wasn't terrible, actually quite decent and pleasant for lunch",4,positive,0
Fair experience overall with acceptable food quality for the price. Suits travelers who just want a brief stop.,3,neutral,0
非常棒的古迹景点，建筑与壁画保存得非常完善。,5,positive,0
"Food cold and tasteless, price like 5 star hotel but hawker standard.",1,negative,0
"Overrated gila, queue one hour for tasteless cendol and rude cashier.",1,negative,0
娘惹糕点色彩缤纷口感细腻，椰香十足，必吃推荐！,5,positive,0
"Hancur mood, cashier buat muka masam and rude when taking orders.",1,negative,0
"Terrible meal. The serene coastal breeze and golden sunset views lacked flavor and freshness, coupled with stale ingredients lacking freshness and over an hour waiting time for simple orders.",1,negative,0
Sangat mengecewakan dan tidak berbaloi dengan harga tiket yang mahal.,1,negative,0
价格昂贵但质量很差，完全是坑游客的黑店，千万别来。,1,negative,0
A breathtaking cultural stop in Air Itam! The fragrant BM Yam Rice with salted vegetable duck soup and clear and engaging historical explanations made it deeply memorable.,4,positive,0
"Food cold and tasteless, price like 5 star hotel but hawker standard.",1,negative,0
tidak sedap dan staf sangat biadab bila pelanggan tanya,1,negative,0
Visit my website https://example-deals.com for cheap packages and free gifts,3,neutral,1
Free bitcoin giveaway click http://crypto-win.xyz fast before ended,2,neutral,1
"Food boleh la, but service a bit slow during weekend rush.",3,neutral,0
asdf qwer zxcv lorem ipsum random review text asdf zxcv,4,neutral,1
"Layanan buruk, pekerja malas dan tempat tidak terurus langsung.",1,negative,0
The UNESCO heritage indigo courtyards and feng shui architecture at this cultural gallery in Air Itam was absolutely outstanding! Loved the clear and engaging historical explanations and beautiful aesthetic presentation.,4,positive,0
Terrible,1,negative,0
"Food sedap gila and the ambience was top notch, totally recommended!",5,positive,0
风景很美，拍照很好看，全家人都很喜欢这个历史古迹。,5,positive,0
"definitely not disappointed, fantastic experience with family",5,positive,0
Sangat berpuas hati dengan kebersihan dan keramahan pekerja di sini.,5,positive,0
Best stop for local food lovers. The creamy Cendol with fresh coconut milk and Gula Melaka exceeded expectations with authentic traditional recipes. Will come back!,5,positive,0
Amazing amazing amazing amazing amazing amazing amazing amazing,3,positive,1
干净卫生，上菜速度快，整体用餐体验非常满意。,4,positive,0
"Food boleh la, but service a bit slow during weekend rush.",3,neutral,0
Very disappointed with the spiced Nasi Kandar with dark squid curry and fried chicken at this clan jetty in Tanjung Bungah. We encountered uncomfortable broken seating and noisy and stressful environment.,2,negative,0
"Waited 45 mins just for one plate of fried noodles, never again!",1,negative,0
文化底蕴深厚，讲解员解说很清楚，很有收获的文化之旅。,5,positive,0
Expected rich cultural insights but was met with stale ingredients lacking freshness and noisy and stressful environment. Would not recommend.,1,negative,0
服务非常慢，等了快一个小时都没人理，催单还给脸色看。,1,negative,0
"tak mesra langsung, staf buat muka masam dan campak menu",1,negative,0
"A must-try culinary gem in Tanjung Bungah. The spiced Nasi Kandar with dark squid curry and fried chicken was fresh and delicious, accompanied by convenient location and easy accessibility.",4,positive,0
Wonderful preservation of Malaysian culture in Balik Pulau. Noticed the generous portion sizes and freshly prepared hot food.,5,positive,0
"Murah and sedap, really worth the visit for genuine foodies.",5,positive,0
Rich in tradition and heritage. Exploring the street mural spot with truly memorable and enriching experience was the highlight of our trip.,2,positive,1
"Makanan tak sedap dan servis sangat lambat, kami tunggu hampir sejam.",1,negative,0
Expected rich cultural insights but was met with grossly overpriced tourist trap pricing and over an hour waiting time for simple orders. Would not recommend.,1,negative,0
Poorly maintained heritage street mural spot in Tanjung Bungah. Encountered limited food options with many items out of stock and uncomfortable broken seating.,1,negative,0
Incredible historical landmark in Jelutong. We appreciated the reasonable and transparent prices and clear and engaging historical explanations. Highly recommended!,4,positive,0
"never coming back here again, awful experience from start to end",1,negative,0
Incredible food experience in Teluk Bahang! The steamed Nasi Dagang with tender tuna gulai had unmatched authentic flavors and very helpful and accommodating staff.,2,positive,1
Boleh diterima tetapi perlukan penambahbaikan dari segi kemudahan awam.,3,neutral,0
极其恶劣的体验，千万别来浪费宝贵的旅游假期。,1,negative,0
Rich in tradition and heritage. Exploring the spice garden with convenient location and easy accessibility was the highlight of our trip.,4,positive,0
"tidak menghampakan, layanan staf sangat mesra dan prihatin",5,positive,0
Buy now limited offer discount discount discount contact me for free vouchers,5,neutral,1
"Very disappointed with the serene coastal breeze and golden sunset views at this satay stall in Butterworth. We encountered over an hour waiting time for simple orders and cold, greasy and bland food.",5,negative,1
"Place nice gila, staff very friendly and polite throughout our visit.",5,positive,0
"Nothing special la, can try once if you are walking nearby.",3,neutral,0
Wonderful preservation of Malaysian culture in Tanjung Bungah. Noticed the beautiful aesthetic presentation and truly memorable and enriching experience.,5,positive,0
物超所值，值得推荐给所有来马来西亚旅游的朋友。,5,positive,0
Friendly staff,5,positive,0
11111111111 222222222 33333333333 discount call now,2,neutral,1
风景很美，拍照很好看，全家人都很喜欢这个历史古迹。,5,positive,0
Incredible historical landmark in Bayan Lepas. We appreciated the truly memorable and enriching experience and very helpful and accommodating staff. Highly recommended!,1,positive,1
Incredible historical landmark in Chinatown. We appreciated the authentic traditional recipes and friendly and attentive service. Highly recommended!,2,positive,1
Would not return to this temple garden. The piping hot Kuih Akok and traditional keropok lekor was disappointing and the noisy and stressful environment ruined our mood.,1,negative,0
"Layanan cemerlang, rasa masakan asli turun-temurun sangat mengagumkan!",5,positive,0
"The baba nyonya mansion was decent. There was standard kopitiam ambiance, although decent place for a quick photo stop could be improved.",3,neutral,0
"Servis sangat pantas dan mesra, makanan panas dan segar dari dapur.",5,positive,0
"Pengurusan sangat lemah, beratur panjang tanpa penerangan jelas.",1,negative,0
"A must-try culinary gem in Tanjung Bungah. The spiced Nasi Kandar with dark squid curry and fried chicken was fresh and delicious, accompanied by clear and engaging historical explanations.",5,positive,0
又贵又难吃，环境脏乱差，给一颗星都嫌多！,1,negative,0
"Suasana bersih, tenang dan selesa. Pasti akan datang lagi bila ke sini.",5,positive,0
"Dirty tables everywhere, damn disgusting experience and smelly toilet.",1,negative,0
"A must-try culinary gem in Little India. The UNESCO heritage indigo courtyards and feng shui architecture was fresh and delicious, accompanied by clean and well-maintained environment.",5,positive,0
"Food boleh la, but service a bit slow during weekend rush.",3,neutral,0
"Mantap gila place, very instagrammable and peaceful to chill out.",4,positive,0
The creamy Cendol with fresh coconut milk and Gula Melaka at this nasi kandar stall in Batu Ferringhi was absolutely outstanding! Loved the fascinating cultural details and architecture and clear and engaging historical explanations.,1,positive,1
"Super nice heritage vibes, staff helpful gila and knowledgeable.",5,positive,0
Would not return to this rooftop lounge. The serene coastal breeze and golden sunset views was disappointing and the noisy and stressful environment ruined our mood.,1,negative,0
Get unlimited followers and likes fast dm on instagram @promo_bot_now,1,neutral,1
"Waited 45 mins just for one plate of fried noodles, never again!",1,negative,0
Very disappointed with the hand-drawn street art murals and vibrant artisan crafts at this rooftop lounge in Balik Pulau. We encountered uncomfortable broken seating and noisy and stressful environment.,4,negative,1
"Terrible meal. The succulent satay skewers with thick peanut gravy lacked flavor and freshness, coupled with confusing ordering process and over an hour waiting time for simple orders.",1,negative,0
Avoid this,1,negative,0
"Authentic Malaysian taste at its best! The Char Kway Teow with duck egg and wok hei in George Town was top tier, plus beautiful aesthetic presentation.",5,positive,0
态度差,1,negative,0
"Service damn slow, food pun biasa je and overpriced for tourists.",1,negative,0
"Overrated gila, queue one hour for tasteless cendol and rude cashier.",1,negative,0
Tempat warisan bersejarah yang sangat bermakna dan dijaga dengan rapi.,5,positive,0
"Nothing special la, can try once if you are walking nearby.",3,neutral,0
管理混乱，排队毫无秩序，态度极其恶劣差劲。,1,negative,0
食物普通，环境还可以，价格算中规中矩。,3,neutral,0
食物非常好吃，服务态度很亲切，非常推荐大家来尝试！,5,positive,0
"tidak mengecewakan langsung, suasana sangat cantik dan tenang",5,positive,0
"tidak selesa dan sangat bising, pengurusan teruk",2,negative,0
食物不新鲜，吃完回去肚子不舒服，卫生令人担忧。,1,negative,0
文化底蕴深厚，讲解员解说很清楚，很有收获的文化之旅。,5,positive,0
"Rugi masa datang sini, langsung tiada apa yang menarik seperti diiklan.",1,negative,0
"Authentic Malaysian taste at its best! The hand-drawn street art murals and vibrant artisan crafts in Chinatown was top tier, plus well organised tour activities.",5,positive,0
A breathtaking cultural stop in Chinatown! The steamed Nasi Dagang with tender tuna gulai and authentic traditional recipes made it deeply memorable.,4,positive,0
Amazing amazing amazing amazing amazing amazing amazing amazing,3,positive,1
娘惹糕点色彩缤纷口感细腻，椰香十足，必吃推荐！,5,positive,0
"Sederhana sahaja, sesuai untuk singgah sebentar jika lalu di kawasan ini.",3,neutral,0
"Nothing special la, can try once if you are walking nearby.",3,neutral,0
"The rooftop lounge was decent. There was a moderate selection of local dishes, although a simple and functional seating layout could be improved.",2,neutral,0
An average stop in Gurney featuring standard basic facilities. Nothing particularly extraordinary but acceptable.,3,neutral,0
"definitely not recommended, horrible service and bad attitude",1,negative,0
Rich in tradition and heritage. Exploring the spice garden with well organised tour activities was the highlight of our trip.,1,positive,1
Incredible food experience in Armenian Street! The hand-drawn street art murals and vibrant artisan crafts had unmatched authentic flavors and very helpful and accommodating staff.,5,positive,0
"Cendol pulut terbaik di George Town, manis berlemak santan segar.",5,positive,0
Wonderful preservation of Malaysian culture in Gurney. Noticed the beautiful aesthetic presentation and convenient location and easy accessibility.,5,positive,0
"Makanan sangat sedap dan staf peramah, layanan terbaik tiada tandingan!",5,positive,0
马马虎虎，算是一个普通的打卡景点吧，顺路可以看看。,3,neutral,0
"Authentic Malaysian taste at its best! The fragrant BM Yam Rice with salted vegetable duck soup in Bukit Mertajam was top tier, plus freshly prepared hot food.",5,positive,0
"Terrible meal. The creamy Cendol with fresh coconut milk and Gula Melaka lacked flavor and freshness, coupled with grossly overpriced tourist trap pricing and dirty sticky tables and unwashed utensils.",1,negative,0
Expected rich cultural insights but was met with uncomfortable broken seating and over an hour waiting time for simple orders. Would not recommend.,2,negative,0
Nice place,4,positive,0
"Sederhana sahaja, sesuai untuk singgah sebentar jika lalu di kawasan ini.",3,neutral,0
Mengecewakan,1,negative,0
Wonderful preservation of Malaysian culture in Balik Pulau. Noticed the clear and engaging historical explanations and beautiful aesthetic presentation.,5,positive,0
"Char kway teow padu gila, duck egg yolk so creamy and lots of cockles!",5,positive,0
Not recommended,1,negative,0
Place quite nice for photos but parking susah gila around here.,3,neutral,0
"Overhyped tourist stop in Campbell Street. The UNESCO heritage indigo courtyards and feng shui architecture was cold, and we had to endure limited food options with many items out of stock.",1,negative,0
Service tip top and food comes super fast. Truly steady la!,5,positive,0
The piping hot Kuih Akok and traditional keropok lekor at this curated museum in Butterworth was absolutely outstanding! Loved the beautiful aesthetic presentation and reasonable and transparent prices.,5,positive,0
整体还行，周末游客比较多，稍微有点拥挤。,3,neutral,0
"bukan sedap sangat pun, harga cekik darah untuk pelancong",1,negative,0
Tempat warisan bersejarah yang sangat bermakna dan dijaga dengan rapi.,5,positive,0
食物新鲜美味，老板很热情好客，五星好评！,5,positive,0
Harga mahal melampau tapi kualiti teruk dan mengecewakan selera.,1,negative,0
Buy now limited offer discount discount discount contact me for free vouchers,4,neutral,1
Wonderful preservation of Malaysian culture in Bayan Lepas. Noticed the clear and engaging historical explanations and beautiful aesthetic presentation.,5,positive,0
"Layanan cemerlang, rasa masakan asli turun-temurun sangat mengagumkan!",5,positive,0
A breathtaking cultural stop in Air Itam! The steamed Nasi Dagang with tender tuna gulai and beautiful aesthetic presentation made it deeply memorable.,4,positive,0
"The curated museum was decent. There was acceptable food quality for the price, although decent place for a quick photo stop could be improved.",4,neutral,0
服务非常慢，等了快一个小时都没人理，催单还给脸色看。,1,negative,0
"Makanan tak sedap dan servis sangat lambat, kami tunggu hampir sejam.",1,negative,0
食物新鲜美味，老板很热情好客，五星好评！,5,positive,0
"Senibina klasik Baba Nyonya yang memukau, banyak sudut bergambar menarik.",5,positive,0
"Biasa sahaja, makanan boleh tahan tapi tiada yang begitu istimewa.",3,neutral,0
好吃,5,positive,0
"not disappointed with the visit, everything was great and tasty",5,positive,0
"tak bagus, servis lambat gila dan tempat berbau hapak",1,negative,0
"was not bad, pretty nice spot for afternoon tea and dessert",4,positive,0
Disappointing visit to this baba nyonya mansion. Felt neglected with noisy and stressful environment and very poor visitor guidance.,1,negative,0
Standard experience in Chinatown. Food and service had average waiting times during rush hour. Convenient for a short rest.,2,neutral,0
"A must-try culinary gem in Bukit Mertajam. The hand-drawn street art murals and vibrant artisan crafts was fresh and delicious, accompanied by beautiful aesthetic presentation.",5,positive,0
"tak best langsung, rugi masa dan duit datang jauh-jauh",1,negative,0
Service tip top and food comes super fast. Truly steady la!,5,positive,0
Hancur,1,negative,0
Amazing amazing amazing amazing amazing amazing amazing amazing,3,positive,1
Claim your free 500 dollar hotel voucher at http://scam-promo.com right now!,5,neutral,1
Very disappointed with the engaging docents explaining Baba Nyonya family customs at this curated museum in Teluk Bahang. We encountered grossly overpriced tourist trap pricing and confusing ordering process.,1,negative,0
Expected rich cultural insights but was met with poor crowd management and disorganised queues and confusing ordering process. Would not recommend.,2,negative,0
"Very bad experience la, rugi duit and time wasted sitting there.",1,negative,0
Standard experience in George Town. Food and service had a moderate selection of local dishes. Convenient for a short rest.,3,neutral,0
Amazing amazing amazing amazing amazing amazing amazing amazing,4,positive,1
Such a serene and educational experience at the clan jetty. Impressed by beautiful aesthetic presentation and freshly prepared hot food.,5,positive,0
"Staf sangat biadab dan tempat kotor berdebu, tandas tidak dibersihkan.",1,negative,0
The piping hot Kuih Akok and traditional keropok lekor at this rooftop lounge in Bukit Mertajam was absolutely outstanding! Loved the clean and well-maintained environment and comfortable air-conditioned seating.,5,positive,0
"Disappointing visit to this night market bazaar. Felt neglected with cold, greasy and bland food and very poor visitor guidance.",5,negative,1
"Char kway teow padu gila, duck egg yolk so creamy and lots of cockles!",5,positive,0
Rich in tradition and heritage. Exploring the nature trail with very helpful and accommodating staff was the highlight of our trip.,5,positive,0
"Authentic Malaysian taste at its best! The majestic 272 steps and cathedral limestone caves in Tanjung Bungah was top tier, plus authentic traditional recipes.",5,positive,0
Poorly maintained heritage rooftop lounge in George Town. Encountered grossly overpriced tourist trap pricing and stale ingredients lacking freshness.,4,negative,1
Get unlimited followers and likes fast dm on instagram @promo_bot_now,1,neutral,1
Visited this night market bazaar in Armenian Street. It offered a moderate selection of local dishes. An okay stop overall if you are nearby.,3,neutral,0
Rich in tradition and heritage. Exploring the baba nyonya mansion with generous portion sizes was the highlight of our trip.,5,positive,0
A breathtaking cultural stop in Teluk Bahang! The fragrant BM Yam Rice with salted vegetable duck soup and generous portion sizes made it deeply memorable.,5,positive,0
Good food,4,positive,0
风景很美，拍照很好看，全家人都很喜欢这个历史古迹。,5,positive,0
环境优美古色古香，员工很有礼貌，值得带家人再来。,5,positive,0
Not worth the entrance fee or trip to Balik Pulau. The main issue was cramped and poorly ventilated space with uncomfortable broken seating.,5,negative,1
Get unlimited followers and likes fast dm on instagram @promo_bot_now,1,neutral,1
"not overhyped at all, the char kway teow really delivers top wok hei",5,positive,0
"Very bad experience la, rugi duit and time wasted sitting there.",1,negative,0
"Makanan tak sedap dan servis sangat lambat, kami tunggu hampir sejam.",1,negative,0
"Authentic Malaysian taste at its best! The Char Kway Teow with duck egg and wok hei in Little India was top tier, plus clear and engaging historical explanations.",5,positive,0
"Keropok lekor panas gebu, sos pencicah manis pedas memang ngam.",5,positive,0
又贵又难吃，环境脏乱差，给一颗星都嫌多！,1,negative,0
"Layanan cemerlang, rasa masakan asli turun-temurun sangat mengagumkan!",5,positive,0
"Terrible meal. The hand-drawn street art murals and vibrant artisan crafts lacked flavor and freshness, coupled with rude and arrogant staff attitudes and stale ingredients lacking freshness.",2,negative,0
Incredible historical landmark in Butterworth. We appreciated the reasonable and transparent prices and convenient location and easy accessibility. Highly recommended!,4,positive,0
"Authentic Malaysian taste at its best! The steamed Nasi Dagang with tender tuna gulai in Bayan Lepas was top tier, plus beautiful aesthetic presentation.",4,positive,0
极其恶劣的体验，千万别来浪费宝贵的旅游假期。,1,negative,0
"Makanan tak sedap dan servis sangat lambat, kami tunggu hampir sejam.",1,negative,0
Pekerja bermasam muka dan berkira bila minta sudu tambahan.,1,negative,0
11111111111 222222222 33333333333 discount call now,1,neutral,1
Dirty place,1,negative,0
"Makan not nice, price mahal gila and staff sombong nak mampus.",1,negative,0
Would not return to this tea house. The crispy Roti Canai with aromatic dhal and mutton curry was disappointing and the limited food options with many items out of stock ruined our mood.,4,negative,1
"Pengalaman standard, harga sederhana dan servis bersahaja.",3,neutral,0
食物普通，环境还可以，价格算中规中矩。,3,neutral,0
"tidak menghampakan, layanan staf sangat mesra dan prihatin",5,positive,0
"Okay la, not bad and not super good either. Standard standard.",3,neutral,0
Standard experience in Campbell Street. Food and service had standard basic facilities. Convenient for a short rest.,3,neutral,0
"Makan not nice, price mahal gila and staff sombong nak mampus.",1,negative,0
"Sangat teruk, tak akan syorkan kepada sesiapa pun untuk datang.",1,negative,0
Follow my telegram channel and message me for the best promotion code today on whatsapp,1,neutral,1
"bukan sedap sangat pun, harga cekik darah untuk pelancong",1,negative,0
整体还行，周末游客比较多，稍微有点拥挤。,3,neutral,0
"Wait so long for cold food, totally tak worth it and bad mood.",1,negative,0
Contact +60123456789 for instant cashback and crypto promo discount vouchers,2,neutral,1
"Mantap gila place, very instagrammable and peaceful to chill out.",4,positive,0
Tempat warisan bersejarah yang sangat bermakna dan dijaga dengan rapi.,5,positive,0
Visited this night market bazaar in Little India. It offered decent place for a quick photo stop. An okay stop overall if you are nearby.,3,neutral,0
"The spice garden was decent. There was standard basic facilities, although acceptable food quality for the price could be improved.",3,neutral,0
"was not impressed, disappointing quality and stale meat",2,negative,0
推荐,5,positive,0
"Expected rich cultural insights but was met with extremely slow and chaotic service and cold, greasy and bland food. Would not recommend.",2,negative,0
"Overrated gila, queue one hour for tasteless cendol and rude cashier.",1,negative,0
"not overhyped at all, the char kway teow really delivers top wok hei",5,positive,0
很棒,5,positive,0
Bad bad bad bad bad bad bad bad bad bad bad,3,negative,1
很喜欢,5,positive,0
tak puas hati dengan layanan pekerja yang pemalas,1,negative,0
Best stop for local food lovers. The succulent satay skewers with thick peanut gravy exceeded expectations with rich authentic flavors. Will come back!,2,positive,1
干净卫生，上菜速度快，整体用餐体验非常满意。,4,positive,0
The UNESCO heritage indigo courtyards and feng shui architecture was tasteless and overpriced. The dirty sticky tables and unwashed utensils made the dining experience unbearable.,5,negative,1
A breathtaking cultural stop in Jelutong! The creamy Cendol with fresh coconut milk and Gula Melaka and fast and efficient table turnover made it deeply memorable.,5,positive,0
"tak mengecewakan, makanan sedap dan servis bagus sangat",5,positive,0
Contact +60123456789 for instant cashback and crypto promo discount vouchers,5,neutral,1
"tak mesra langsung, staf buat muka masam dan campak menu",1,negative,0
The majestic 272 steps and cathedral limestone caves was tasteless and overpriced. The over an hour waiting time for simple orders made the dining experience unbearable.,4,negative,1
"Char kway teow padu gila, duck egg yolk so creamy and lots of cockles!",5,positive,0
"Place nice gila, staff very friendly and polite throughout our visit.",5,positive,0
"was not terrible at all, worth a visit when in Penang",4,positive,0
Tempat okay tapi agak sesak dengan pelancong pada hujung minggu.,3,neutral,0
Such a serene and educational experience at the nature trail. Impressed by freshly prepared hot food and clear and engaging historical explanations.,4,positive,0
Incredible food experience in Batu Ferringhi! The Char Kway Teow with duck egg and wok hei had unmatched authentic flavors and fascinating cultural details and architecture.,4,positive,0
Visited this rooftop lounge in Armenian Street. It offered acceptable food quality for the price. An okay stop overall if you are nearby.,3,neutral,0
Such a serene and educational experience at the cultural gallery. Impressed by generous portion sizes and very helpful and accommodating staff.,5,positive,0
Would not return to this clan jetty. The hand-drawn street art murals and vibrant artisan crafts was disappointing and the confusing ordering process ruined our mood.,1,negative,0
Pekerja bermasam muka dan berkira bila minta sudu tambahan.,1,negative,0
Such a serene and educational experience at the coastal cafe. Impressed by truly memorable and enriching experience and clear and engaging historical explanations.,4,positive,0
Must visit,5,positive,0
Terrible service,1,negative,0
"Authentic Malaysian taste at its best! The steamed Nasi Dagang with tender tuna gulai in Teluk Bahang was top tier, plus well organised tour activities.",4,positive,0
味道一般般，没有网络上吹捧得那么惊艳。,3,neutral,0
The authentic Peranakan Nyonya Laksa at this spice garden in Campbell Street was absolutely outstanding! Loved the generous portion sizes and well organised tour activities.,5,positive,0
炒粿条镬气十足，鸭蛋香味浓郁，虾肉新鲜弹牙！,5,positive,0
物超所值，值得推荐给所有来马来西亚旅游的朋友。,5,positive,0
Not worth the entrance fee or trip to Armenian Street. The main issue was stale ingredients lacking freshness with grossly overpriced tourist trap pricing.,1,negative,0
Fair experience overall with basic informative signage. Suits travelers who just want a brief stop.,3,neutral,0
"Wait so long for cold food, totally tak worth it and bad mood.",1,negative,0
Get unlimited followers and likes fast dm on instagram @promo_bot_now,2,neutral,1
not worth the price or the long queue under the hot sun,1,negative,0
"did not like it, very confusing and disorganized place",1,negative,0
Pekerja bermasam muka dan berkira bila minta sudu tambahan.,1,negative,0
Visited this clan jetty in Armenian Street. It offered average waiting times during rush hour. An okay stop overall if you are nearby.,3,neutral,0
"Terrible meal. The UNESCO heritage indigo courtyards and feng shui architecture lacked flavor and freshness, coupled with dirty sticky tables and unwashed utensils and noisy and stressful environment.",1,negative,0
"Cendol pulut terbaik di George Town, manis berlemak santan segar.",5,positive,0
An average stop in George Town featuring standard basic facilities. Nothing particularly extraordinary but acceptable.,4,neutral,0
"Lekor panas-panas, best gila wei! Must try if you come here!",5,positive,0
"Wait so long for cold food, totally tak worth it and bad mood.",1,negative,0
"Authentic Malaysian taste at its best! The succulent satay skewers with thick peanut gravy in Armenian Street was top tier, plus friendly and attentive service.",4,positive,0
文化底蕴深厚，讲解员解说很清楚，很有收获的文化之旅。,5,positive,0
Claim your free 500 dollar hotel voucher at http://scam-promo.com right now!,2,neutral,1
Lokasi strategik dan tempat menarik untuk pelancong yang sukakan seni warisan.,4,positive,0
Free bitcoin giveaway click http://crypto-win.xyz fast before ended,3,neutral,1
Pekerja bermasam muka dan berkira bila minta sudu tambahan.,1,negative,0
Pekerja bermasam muka dan berkira bila minta sudu tambahan.,1,negative,0
Incredible food experience in Little India! The majestic 272 steps and cathedral limestone caves had unmatched authentic flavors and truly memorable and enriching experience.,5,positive,0
"Mantap gila place, very instagrammable and peaceful to chill out.",4,positive,0
"no customer care at all, ignored by waiters for 40 minutes",1,negative,0
Boleh diterima tetapi perlukan penambahbaikan dari segi kemudahan awam.,3,neutral,0
"Cendol memang mantap, authentic Penang taste so syok and refreshing!",5,positive,0
Wonderful preservation of Malaysian culture in Balik Pulau. Noticed the rich authentic flavors and generous portion sizes.,2,positive,1
Visit my website https://example-deals.com for cheap packages and free gifts,1,neutral,1
食物普通，环境还可以，价格算中规中矩。,3,neutral,0
"A must-try culinary gem in George Town. The engaging docents explaining Baba Nyonya family customs was fresh and delicious, accompanied by reasonable and transparent prices.",4,positive,0
"Cendol pulut terbaik di George Town, manis berlemak santan segar.",5,positive,0
Would not return to this baba nyonya mansion. The serene coastal breeze and golden sunset views was disappointing and the unclear information and lack of signages ruined our mood.,4,negative,1
Visited this baba nyonya mansion in Jelutong. It offered basic informative signage. An okay stop overall if you are nearby.,3,neutral,0
11111111111 222222222 33333333333 discount call now,2,neutral,1
"tidak menyesal melawat tempat ini, pengalaman menarik dan berilmu",5,positive,0
"Char kway teow padu gila, duck egg yolk so creamy and lots of cockles!",5,positive,0
Wonderful preservation of Malaysian culture in Bukit Mertajam. Noticed the beautiful aesthetic presentation and truly memorable and enriching experience.,5,positive,0
"Pengurusan sangat lemah, beratur panjang tanpa penerangan jelas.",1,negative,0
"Overhyped tourist stop in Tanjung Bungah. The intricate Chinese dragon wood carvings and granite courtyards was cold, and we had to endure dirty sticky tables and unwashed utensils.",2,negative,0
"Layanan cemerlang, rasa masakan asli turun-temurun sangat mengagumkan!",5,positive,0
"The nature trail was decent. There was a simple and functional seating layout, although average waiting times during rush hour could be improved.",3,neutral,0
Loved every bite of the authentic Peranakan Nyonya Laksa. The fascinating cultural details and architecture and well organised tour activities made our visit thoroughly enjoyable.,1,positive,1
Lokasi strategik dan tempat menarik untuk pelancong yang sukakan seni warisan.,4,positive,0
Incredible food experience in Armenian Street! The fragrant BM Yam Rice with salted vegetable duck soup had unmatched authentic flavors and truly memorable and enriching experience.,1,positive,1
Sangat mengecewakan dan tidak berbaloi dengan harga tiket yang mahal.,1,negative,0
The creamy Cendol with fresh coconut milk and Gula Melaka at this temple garden in Gurney was absolutely outstanding! Loved the friendly and attentive service and comfortable air-conditioned seating.,1,positive,1
不推荐,1,negative,0
卫生条件很差，桌子油腻腻的，服务态度傲慢无礼。,1,negative,0
Poorly maintained heritage street mural spot in Bukit Mertajam. Encountered uncomfortable broken seating and over an hour waiting time for simple orders.,1,negative,0
"do not hate it, pretty good food and nice staff",4,positive,0
食物很难吃，服务员态度极差，完全不推荐大家来踩雷！,1,negative,0
11111111111 222222222 33333333333 discount call now,1,neutral,1
"Cendol pulut terbaik di George Town, manis berlemak santan segar.",5,positive,0
The piping hot Kuih Akok and traditional keropok lekor at this nature trail in Campbell Street was absolutely outstanding! Loved the fast and efficient table turnover and clean and well-maintained environment.,4,positive,0
"Nasi kandar padu, kuah campur pekat dan ayam goreng berempah rangup!",5,positive,0
Wonderful preservation of Malaysian culture in Campbell Street. Noticed the well organised tour activities and fascinating cultural details and architecture.,5,positive,0
The Char Kway Teow with duck egg and wok hei at this baba nyonya mansion in Chinatown was absolutely outstanding! Loved the clear and engaging historical explanations and freshly prepared hot food.,4,positive,0
"definitely not disappointed, fantastic experience with family",5,positive,0
"Okay la, not bad and not super good either. Standard standard.",3,neutral,0
"Authentic Malaysian taste at its best! The UNESCO heritage indigo courtyards and feng shui architecture in George Town was top tier, plus well organised tour activities.",5,positive,0
"not great at all, waited one hour for cold and soggy food",1,negative,0
"not an ordinary meal, truly sensational flavors and great hospitality",5,positive,0
体验非常糟糕，管理混乱，完全不值得花费时间和金钱。,1,negative,0
"Lekor panas-panas, best gila wei! Must try if you come here!",5,positive,0
Claim your free 500 dollar hotel voucher at http://scam-promo.com right now!,1,neutral,1
风景很美，拍照很好看，全家人都很喜欢这个历史古迹。,5,positive,0
Claim your free 500 dollar hotel voucher at http://scam-promo.com right now!,3,neutral,1
Such a serene and educational experience at the bakery. Impressed by beautiful aesthetic presentation and fast and efficient table turnover.,4,positive,0
卫生条件很差，桌子油腻腻的，服务态度傲慢无礼。,1,negative,0
Boleh diterima tetapi perlukan penambahbaikan dari segi kemudahan awam.,3,neutral,0
Not worth the entrance fee or trip to Armenian Street. The main issue was poor crowd management and disorganised queues with unclear information and lack of signages.,2,negative,0
Not worth the entrance fee or trip to Gurney. The main issue was stale ingredients lacking freshness with limited food options with many items out of stock.,1,negative,0
Loved every bite of the Char Kway Teow with duck egg and wok hei. The friendly and attentive service and well organised tour activities made our visit thoroughly enjoyable.,5,positive,0
Standard experience in Campbell Street. Food and service had standard basic facilities. Convenient for a short rest.,3,neutral,0
"Authentic Malaysian taste at its best! The majestic 272 steps and cathedral limestone caves in Teluk Bahang was top tier, plus well organised tour activities.",5,positive,0
Loved the view,5,positive,0
"Yam rice soup damn solid bro, salted vege duck soup so comforting!",5,positive,0
Incredible food experience in George Town! The spiced Nasi Kandar with dark squid curry and fried chicken had unmatched authentic flavors and convenient location and easy accessibility.,4,positive,0
"Lekor panas-panas, best gila wei! Must try if you come here!",5,positive,0
Wonderful preservation of Malaysian culture in Jelutong. Noticed the freshly prepared hot food and rich authentic flavors.,5,positive,0
Fair experience overall with decent place for a quick photo stop. Suits travelers who just want a brief stop.,3,neutral,0
Wonderful preservation of Malaysian culture in Balik Pulau. Noticed the beautiful aesthetic presentation and clean and well-maintained environment.,5,positive,0
"Makanan tak sedap dan servis sangat lambat, kami tunggu hampir sejam.",1,negative,0
"Waited 45 mins just for one plate of fried noodles, never again!",1,negative,0
Visit my website https://example-deals.com for cheap packages and free gifts,4,neutral,1
Super nice,5,positive,0
环境优美古色古香，员工很有礼貌，值得带家人再来。,5,positive,0
asdf qwer zxcv lorem ipsum random review text asdf zxcv,2,neutral,1
Standard experience in Tanjung Bungah. Food and service had a relatively brief walking tour. Convenient for a short rest.,3,neutral,0
Nice place,4,positive,0
"Cendol okay je, nothing much to shout about but cools you down.",3,neutral,0
风景很美，拍照很好看，全家人都很喜欢这个历史古迹。,5,positive,0
Pemandangan indah dan staf banyak membantu memberi penerangan sejarah.,5,positive,0
The succulent satay skewers with thick peanut gravy at this colonial fort in Bukit Mertajam was absolutely outstanding! Loved the fascinating cultural details and architecture and truly memorable and enriching experience.,4,positive,0
"Nothing special la, can try once if you are walking nearby.",3,neutral,0
食物普通，环境还可以，价格算中规中矩。,3,neutral,0
Pemandangan indah dan staf banyak membantu memberi penerangan sejarah.,5,positive,0
"not worth visiting, totally overrated and overpriced tourist trap",1,negative,0
Claim your free 500 dollar hotel voucher at http://scam-promo.com right now!,2,neutral,1
卫生条件很差，桌子油腻腻的，服务态度傲慢无礼。,1,negative,0
Best stop for local food lovers. The serene coastal breeze and golden sunset views exceeded expectations with well organised tour activities. Will come back!,4,positive,0
"Makanan sangat sedap dan staf peramah, layanan terbaik tiada tandingan!",5,positive,0
Standard experience in Bayan Lepas. Food and service had standard kopitiam ambiance. Convenient for a short rest.,3,neutral,0
"tidak bersih dan meja melekit, rasa loya nak makan",1,negative,0
Rich in tradition and heritage. Exploring the colonial fort with reasonable and transparent prices was the highlight of our trip.,5,positive,0
"Makanan tak sedap dan servis sangat lambat, kami tunggu hampir sejam.",1,negative,0
不推荐,1,negative,0
Tempat okay tapi agak sesak dengan pelancong pada hujung minggu.,3,neutral,0
"Makanan enak dan harga sangat berpatutan, porsi banyak dan mengenyangkan.",5,positive,0
"Cendol pulut terbaik di George Town, manis berlemak santan segar.",5,positive,0
"The nature trail was decent. There was average waiting times during rush hour, although decent place for a quick photo stop could be improved.",4,neutral,0
Loved every bite of the succulent satay skewers with thick peanut gravy. The authentic traditional recipes and comfortable air-conditioned seating made our visit thoroughly enjoyable.,5,positive,0
The succulent satay skewers with thick peanut gravy at this colonial fort in Teluk Bahang was absolutely outstanding! Loved the friendly and attentive service and rich authentic flavors.,4,positive,0
Bad food,1,negative,0
"A must-try culinary gem in Chinatown. The fragrant BM Yam Rice with salted vegetable duck soup was fresh and delicious, accompanied by very helpful and accommodating staff.",5,positive,0
服务非常慢，等了快一个小时都没人理，催单还给脸色看。,1,negative,0
"Terrible meal. The succulent satay skewers with thick peanut gravy lacked flavor and freshness, coupled with cold, greasy and bland food and cramped and poorly ventilated space.",2,negative,0
Free bitcoin giveaway click http://crypto-win.xyz fast before ended,2,neutral,1
Wonderful preservation of Malaysian culture in Bayan Lepas. Noticed the very helpful and accommodating staff and clear and engaging historical explanations.,5,positive,0
文化底蕴深厚，讲解员解说很清楚，很有收获的文化之旅。,5,positive,0
Get unlimited followers and likes fast dm on instagram @promo_bot_now,5,neutral,1
Standard experience in Balik Pulau. Food and service had average waiting times during rush hour. Convenient for a short rest.,3,neutral,0
环境优美古色古香，员工很有礼貌，值得带家人再来。,5,positive,0
Would not return to this rooftop lounge. The steamed Nasi Dagang with tender tuna gulai was disappointing and the confusing ordering process ruined our mood.,1,negative,0
"Rugi masa datang sini, langsung tiada apa yang menarik seperti diiklan.",1,negative,0
"Authentic Malaysian taste at its best! The piping hot Kuih Akok and traditional keropok lekor in Bukit Mertajam was top tier, plus fast and efficient table turnover.",4,positive,0
Sangat berpuas hati dengan kebersihan dan keramahan pekerja di sini.,5,positive,0
Visit my website https://example-deals.com for cheap packages and free gifts,3,neutral,1
Would not return to this bakery. The crispy Roti Canai with aromatic dhal and mutton curry was disappointing and the confusing ordering process ruined our mood.,2,negative,0
"Waited 45 mins just for one plate of fried noodles, never again!",1,negative,0
"no customer care at all, ignored by waiters for 40 minutes",1,negative,0
非常失望，排队一个多小时结果食物是冷的而且很难吃。,1,negative,0
The intricate Chinese dragon wood carvings and granite courtyards was tasteless and overpriced. The unclear information and lack of signages made the dining experience unbearable.,1,negative,0
Disappointing visit to this craft studio. Felt neglected with extremely slow and chaotic service and very poor visitor guidance.,4,negative,1
"not great at all, waited one hour for cold and soggy food",1,negative,0
Rich in tradition and heritage. Exploring the baba nyonya mansion with comfortable air-conditioned seating was the highlight of our trip.,4,positive,0
Best stop for local food lovers. The engaging docents explaining Baba Nyonya family customs exceeded expectations with generous portion sizes. Will come back!,5,positive,0
Clean and tidy,4,positive,0
The freshly steamed Hainanese Kaya butter toast and kampung eggs was tasteless and overpriced. The limited food options with many items out of stock made the dining experience unbearable.,2,negative,0
Incredible historical landmark in Armenian Street. We appreciated the friendly and attentive service and generous portion sizes. Highly recommended!,5,positive,0
A breathtaking cultural stop in Campbell Street! The intricate Chinese dragon wood carvings and granite courtyards and friendly and attentive service made it deeply memorable.,5,positive,0
Wonderful preservation of Malaysian culture in Teluk Bahang. Noticed the fascinating cultural details and architecture and freshly prepared hot food.,5,positive,0
Tempat okay tapi agak sesak dengan pelancong pada hujung minggu.,3,neutral,0
Buy now limited offer discount discount discount contact me for free vouchers,2,neutral,1
Wonderful preservation of Malaysian culture in George Town. Noticed the reasonable and transparent prices and friendly and attentive service.,2,positive,1
An average stop in Gurney featuring acceptable food quality for the price. Nothing particularly extraordinary but acceptable.,2,neutral,0
Claim your free 500 dollar hotel voucher at http://scam-promo.com right now!,2,neutral,1
管理混乱，排队毫无秩序，态度极其恶劣差劲。,1,negative,0
"Tandas kotor dan bau busuk menyengat, makanan pun rasa basi.",1,negative,0
"Layanan buruk, pekerja malas dan tempat tidak terurus langsung.",1,negative,0
好吃,5,positive,0
娘惹糕点色彩缤纷口感细腻，椰香十足，必吃推荐！,5,positive,0
"tidak mengecewakan, tempat bersejarah yang menarik dan bersih",4,positive,0
Harga cekik darah! Kena caj tersembunyi yang langsung tak masuk akal.,1,negative,0
"A must-try culinary gem in Teluk Bahang. The piping hot Kuih Akok and traditional keropok lekor was fresh and delicious, accompanied by friendly and attentive service.",4,positive,0
煎蕊红豆绵密，椰糖香浓正宗，正宗槟城老字号风味！,5,positive,0
"Nothing special la, can try once if you are walking nearby.",3,neutral,0
"not overhyped at all, the char kway teow really delivers top wok hei",5,positive,0
Rich in tradition and heritage. Exploring the bakery with clear and engaging historical explanations was the highlight of our trip.,5,positive,0
"Wait so long for cold food, totally tak worth it and bad mood.",1,negative,0
Pekerja bermasam muka dan berkira bila minta sudu tambahan.,1,negative,0
"The rooftop lounge was decent. There was basic informative signage, although standard basic facilities could be improved.",3,neutral,0
"Hancur mood, cashier buat muka masam and rude when taking orders.",1,negative,0
中规中矩，无功无过，适合路过时简单吃个便饭。,3,neutral,0
差评,1,negative,0
Amazing amazing amazing amazing amazing amazing amazing amazing,3,positive,1
Contact +60123456789 for instant cashback and crypto promo discount vouchers,4,neutral,1
"Tempat panas dan tidak selesa, kipas rosak dan staf buat endah tak endah.",1,negative,0
"tidak selesa dan sangat bising, pengurusan teruk",2,negative,0
"A must-try culinary gem in Tanjung Bungah. The majestic 272 steps and cathedral limestone caves was fresh and delicious, accompanied by authentic traditional recipes.",4,positive,0
"Okay la, not bad and not super good either. Standard standard.",3,neutral,0
Visit my website https://example-deals.com for cheap packages and free gifts,1,neutral,1
"The clan jetty was decent. There was a relatively brief walking tour, although a simple and functional seating layout could be improved.",2,neutral,0
The engaging docents explaining Baba Nyonya family customs at this colonial fort in Butterworth was absolutely outstanding! Loved the fascinating cultural details and architecture and well organised tour activities.,4,positive,0
"Authentic Malaysian taste at its best! The spiced Nasi Kandar with dark squid curry and fried chicken in Bukit Mertajam was top tier, plus fast and efficient table turnover.",5,positive,0
文化底蕴深厚，讲解员解说很清楚，很有收获的文化之旅。,5,positive,0
Would not return to this craft studio. The creamy Cendol with fresh coconut milk and Gula Melaka was disappointing and the poor crowd management and disorganised queues ruined our mood.,1,negative,0
"Food cold and tasteless, price like 5 star hotel but hawker standard.",1,negative,0
"never coming back here again, awful experience from start to end",1,negative,0
Incredible food experience in Chinatown! The crispy Roti Canai with aromatic dhal and mutton curry had unmatched authentic flavors and fascinating cultural details and architecture.,5,positive,0
"Suasana bersih, tenang dan selesa. Pasti akan datang lagi bila ke sini.",5,positive,0
马马虎虎，算是一个普通的打卡景点吧，顺路可以看看。,3,neutral,0
"Yam rice soup damn solid bro, salted vege duck soup so comforting!",5,positive,0
"Lekor panas-panas, best gila wei! Must try if you come here!",5,positive,0
马马虎虎，算是一个普通的打卡景点吧，顺路可以看看。,3,neutral,0
Rich in tradition and heritage. Exploring the craft studio with very helpful and accommodating staff was the highlight of our trip.,1,positive,1
Disappointing visit to this temple garden. Felt neglected with noisy and stressful environment and very poor visitor guidance.,5,negative,1
"Authentic Malaysian taste at its best! The freshly steamed Hainanese Kaya butter toast and kampung eggs in Armenian Street was top tier, plus beautiful aesthetic presentation.",5,positive,0
Would not return to this nasi kandar stall. The UNESCO heritage indigo courtyards and feng shui architecture was disappointing and the extremely slow and chaotic service ruined our mood.,1,negative,0
Best stop for local food lovers. The engaging docents explaining Baba Nyonya family customs exceeded expectations with friendly and attentive service. Will come back!,5,positive,0
Such a serene and educational experience at the curated museum. Impressed by very helpful and accommodating staff and freshly prepared hot food.,5,positive,0
"Rasa makanan biasa, harga berpatutan dengan saiz hidangan.",3,neutral,0
风景很美，拍照很好看，全家人都很喜欢这个历史古迹。,5,positive,0
Rich in tradition and heritage. Exploring the cultural gallery with fast and efficient table turnover was the highlight of our trip.,4,positive,0
Would not return to this craft studio. The piping hot Kuih Akok and traditional keropok lekor was disappointing and the limited food options with many items out of stock ruined our mood.,1,negative,0
"Very bad experience la, rugi duit and time wasted sitting there.",1,negative,0
Tempat okay tapi agak sesak dengan pelancong pada hujung minggu.,3,neutral,0
Not worth the entrance fee or trip to Butterworth. The main issue was dirty sticky tables and unwashed utensils with extremely slow and chaotic service.,1,negative,0
Visited this cultural gallery in Gurney. It offered decent place for a quick photo stop. An okay stop overall if you are nearby.,4,neutral,0
Tempat yang cantik dan sangat berbaloi untuk dikunjungi bersama keluarga.,5,positive,0
"Keropok lekor panas gebu, sos pencicah manis pedas memang ngam.",5,positive,0
"Terrible meal. The majestic 272 steps and cathedral limestone caves lacked flavor and freshness, coupled with confusing ordering process and limited food options with many items out of stock.",1,negative,0
"did not like it, very confusing and disorganized place",1,negative,0
"tak mesra langsung, staf buat muka masam dan campak menu",1,negative,0
Incredible food experience in George Town! The intricate Chinese dragon wood carvings and granite courtyards had unmatched authentic flavors and truly memorable and enriching experience.,5,positive,0
Would not return to this clan jetty. The piping hot Kuih Akok and traditional keropok lekor was disappointing and the noisy and stressful environment ruined our mood.,2,negative,0
Incredible food experience in Gurney! The engaging docents explaining Baba Nyonya family customs had unmatched authentic flavors and generous portion sizes.,2,positive,1
"Hancur mood, cashier buat muka masam and rude when taking orders.",1,negative,0
Incredible historical landmark in Tanjung Bungah. We appreciated the beautiful aesthetic presentation and fast and efficient table turnover. Highly recommended!,4,positive,0
"Food boleh la, but service a bit slow during weekend rush.",3,neutral,0
Incredible food experience in Air Itam! The serene coastal breeze and golden sunset views had unmatched authentic flavors and clear and engaging historical explanations.,4,positive,0
Great experience,5,positive,0
"Layanan cemerlang, rasa masakan asli turun-temurun sangat mengagumkan!",5,positive,0
体验非常糟糕，管理混乱，完全不值得花费时间和金钱。,1,negative,0
"Nasi lemak bungkus sambal padu, aroma daun pisang wangian asli.",5,positive,0
"A must-try culinary gem in Butterworth. The intricate Chinese dragon wood carvings and granite courtyards was fresh and delicious, accompanied by authentic traditional recipes.",2,positive,1
"Overhyped tourist stop in Air Itam. The creamy Cendol with fresh coconut milk and Gula Melaka was cold, and we had to endure cramped and poorly ventilated space.",1,negative,0
"definitely not disappointed, fantastic experience with family",5,positive,0
"Nasi lemak bungkus sambal padu, aroma daun pisang wangian asli.",5,positive,0
"Pengalaman yang sangat memuaskan, tempat warisan terpelihara dengan indah.",5,positive,0
"not bad la, food sedap and price okay for family",4,positive,0
"Staff very rude, tempat kotor gila potong stim bila nak makan.",1,negative,0
An average stop in Air Itam featuring standard kopitiam ambiance. Nothing particularly extraordinary but acceptable.,3,neutral,0
"not disappointed with the visit, everything was great and tasty",5,positive,0
Amazing amazing amazing amazing amazing amazing amazing amazing,5,positive,1
"no customer care at all, ignored by waiters for 40 minutes",1,negative,0
非常棒的古迹景点，建筑与壁画保存得非常完善。,5,positive,0
Expected rich cultural insights but was met with unclear information and lack of signages and uncomfortable broken seating. Would not recommend.,1,negative,0
Tempat warisan bersejarah yang sangat bermakna dan dijaga dengan rapi.,5,positive,0
"The coastal cafe was decent. There was a relatively brief walking tour, although decent place for a quick photo stop could be improved.",3,neutral,0
"it wasn't terrible, actually quite decent and pleasant for lunch",4,positive,0
Terbaik,5,positive,0
Pekerja bermasam muka dan berkira bila minta sudu tambahan.,1,negative,0
"Place nice gila, staff very friendly and polite throughout our visit.",5,positive,0
"Lekor panas-panas, best gila wei! Must try if you come here!",5,positive,0
"Nothing special la, can try once if you are walking nearby.",3,neutral,0
Mengecewakan,1,negative,0
Would not return to this tea house. The majestic 272 steps and cathedral limestone caves was disappointing and the unclear information and lack of signages ruined our mood.,2,negative,0
The fragrant BM Yam Rice with salted vegetable duck soup at this heritage restaurant in Tanjung Bungah was absolutely outstanding! Loved the generous portion sizes and fast and efficient table turnover.,5,positive,0
"Terrible meal. The fragrant BM Yam Rice with salted vegetable duck soup lacked flavor and freshness, coupled with rude and arrogant staff attitudes and limited food options with many items out of stock.",2,negative,0
The Char Kway Teow with duck egg and wok hei at this nature trail in Air Itam was absolutely outstanding! Loved the truly memorable and enriching experience and clean and well-maintained environment.,5,positive,0
Visited this rooftop lounge in Teluk Bahang. It offered a moderate selection of local dishes. An okay stop overall if you are nearby.,3,neutral,0
"Overhyped tourist stop in Tanjung Bungah. The fragrant BM Yam Rice with salted vegetable duck soup was cold, and we had to endure uncomfortable broken seating.",2,negative,0
"Overrated gila, queue one hour for tasteless cendol and rude cashier.",1,negative,0
Poorly maintained heritage coastal cafe in Little India. Encountered over an hour waiting time for simple orders and cramped and poorly ventilated space.,5,negative,1
"Service damn slow, food pun biasa je and overpriced for tourists.",1,negative,0
"Cendol memang mantap, authentic Penang taste so syok and refreshing!",5,positive,0
Pekerja bermasam muka dan berkira bila minta sudu tambahan.,1,negative,0
An average stop in George Town featuring a relatively brief walking tour. Nothing particularly extraordinary but acceptable.,3,neutral,0
The authentic Peranakan Nyonya Laksa was tasteless and overpriced. The cramped and poorly ventilated space made the dining experience unbearable.,1,negative,0
Poorly maintained heritage nasi kandar stall in George Town. Encountered stale ingredients lacking freshness and unclear information and lack of signages.,5,negative,1
"Food sedap gila and the ambience was top notch, totally recommended!",5,positive,0
"Overhyped tourist stop in Butterworth. The UNESCO heritage indigo courtyards and feng shui architecture was cold, and we had to endure noisy and stressful environment.",4,negative,1
"Makanan sangat sedap dan staf peramah, layanan terbaik tiada tandingan!",5,positive,0
"Cendol okay je, nothing much to shout about but cools you down.",3,neutral,0
"Dirty tables everywhere, damn disgusting experience and smelly toilet.",1,negative,0
The serene coastal breeze and golden sunset views at this bakery in Campbell Street was absolutely outstanding! Loved the reasonable and transparent prices and rich authentic flavors.,5,positive,0
卫生条件很差，桌子油腻腻的，服务态度傲慢无礼。,1,negative,0
Loved every bite of the intricate Chinese dragon wood carvings and granite courtyards. The generous portion sizes and freshly prepared hot food made our visit thoroughly enjoyable.,4,positive,0
价格昂贵但质量很差，完全是坑游客的黑店，千万别来。,1,negative,0
"not bad at all, really enjoyed the heritage atmosphere and friendly guide",4,positive,0
11111111111 222222222 33333333333 discount call now,5,neutral,1
Not worth the entrance fee or trip to George Town. The main issue was noisy and stressful environment with cramped and poorly ventilated space.,5,negative,1
"Okay la, not bad and not super good either. Standard standard.",3,neutral,0
服务非常慢，等了快一个小时都没人理，催单还给脸色看。,1,negative,0
Would not return to this night market bazaar. The Char Kway Teow with duck egg and wok hei was disappointing and the poor crowd management and disorganised queues ruined our mood.,4,negative,1
Sangat mengecewakan dan tidak berbaloi dengan harga tiket yang mahal.,1,negative,0
"Yam rice soup damn solid bro, salted vege duck soup so comforting!",5,positive,0
"not disappointed with the visit, everything was great and tasty",5,positive,0
娘惹糕点色彩缤纷口感细腻，椰香十足，必吃推荐！,5,positive,0
Sangat berpuas hati dengan kebersihan dan keramahan pekerja di sini.,5,positive,0
"not bad la, food sedap and price okay for family",4,positive,0
"tidak mengecewakan, tempat bersejarah yang menarik dan bersih",4,positive,0
Fair experience overall with basic informative signage. Suits travelers who just want a brief stop.,3,neutral,0
"Hancur mood, cashier buat muka masam and rude when taking orders.",1,negative,0
"Place nice gila, staff very friendly and polite throughout our visit.",5,positive,0
"tidak mengecewakan langsung, suasana sangat cantik dan tenang",5,positive,0
"Roti canai crispy gila, kuah kari pekat sedap terangkat!",5,positive,0
The authentic Peranakan Nyonya Laksa at this spice garden in Bayan Lepas was absolutely outstanding! Loved the fast and efficient table turnover and well organised tour activities.,5,positive,0
Worth visiting,5,positive,0
Fair experience overall with a simple and functional seating layout. Suits travelers who just want a brief stop.,3,neutral,0
Place quite nice for photos but parking susah gila around here.,3,neutral,0
Contact +60123456789 for instant cashback and crypto promo discount vouchers,1,neutral,1
Very disappointed with the engaging docents explaining Baba Nyonya family customs at this nasi kandar stall in Armenian Street. We encountered uncomfortable broken seating and grossly overpriced tourist trap pricing.,2,negative,0
Incredible food experience in Bayan Lepas! The engaging docents explaining Baba Nyonya family customs had unmatched authentic flavors and fascinating cultural details and architecture.,5,positive,0
Tempat cantik,5,positive,0
"Authentic Malaysian taste at its best! The fragrant BM Yam Rice with salted vegetable duck soup in Bukit Mertajam was top tier, plus freshly prepared hot food.",5,positive,0
Tempat yang cantik dan sangat berbaloi untuk dikunjungi bersama keluarga.,5,positive,0
Wonderful preservation of Malaysian culture in Gurney. Noticed the friendly and attentive service and very helpful and accommodating staff.,5,positive,0
Sedap gila,5,positive,0
"tak best langsung, rugi masa dan duit datang jauh-jauh",1,negative,0
Very disappointed with the intricate Chinese dragon wood carvings and granite courtyards at this cultural gallery in Balik Pulau. We encountered dirty sticky tables and unwashed utensils and rude and arrogant staff attitudes.,2,negative,0
Sangat berpuas hati dengan kebersihan dan keramahan pekerja di sini.,5,positive,0
"Pengurusan sangat lemah, beratur panjang tanpa penerangan jelas.",1,negative,0
Fair experience overall with standard basic facilities. Suits travelers who just want a brief stop.,3,neutral,0
"The kopitiam was decent. There was basic informative signage, although standard basic facilities could be improved.",4,neutral,0
"Wait so long for cold food, totally tak worth it and bad mood.",1,negative,0
管理混乱，排队毫无秩序，态度极其恶劣差劲。,1,negative,0
A breathtaking cultural stop in Teluk Bahang! The creamy Cendol with fresh coconut milk and Gula Melaka and comfortable air-conditioned seating made it deeply memorable.,5,positive,0
"Mantap gila place, very instagrammable and peaceful to chill out.",4,positive,0
Not worth the entrance fee or trip to Little India. The main issue was limited food options with many items out of stock with rude and arrogant staff attitudes.,1,negative,0
Standard experience in Bukit Mertajam. Food and service had average waiting times during rush hour. Convenient for a short rest.,2,neutral,0
Harga mahal melampau tapi kualiti teruk dan mengecewakan selera.,1,negative,0
体验非常糟糕，管理混乱，完全不值得花费时间和金钱。,1,negative,0
Incredible historical landmark in Bukit Mertajam. We appreciated the generous portion sizes and truly memorable and enriching experience. Highly recommended!,5,positive,0
"A must-try culinary gem in Bukit Mertajam. The freshly steamed Hainanese Kaya butter toast and kampung eggs was fresh and delicious, accompanied by convenient location and easy accessibility.",5,positive,0
Loved every bite of the steamed Nasi Dagang with tender tuna gulai. The clean and well-maintained environment and fascinating cultural details and architecture made our visit thoroughly enjoyable.,5,positive,0
Get unlimited followers and likes fast dm on instagram @promo_bot_now,4,neutral,1
Very disappointed with the Char Kway Teow with duck egg and wok hei at this tea house in Batu Ferringhi. We encountered over an hour waiting time for simple orders and cramped and poorly ventilated space.,2,negative,0
"The cultural gallery was decent. There was acceptable food quality for the price, although a relatively brief walking tour could be improved.",4,neutral,0
"Char kway teow padu gila, duck egg yolk so creamy and lots of cockles!",5,positive,0
Bad food,1,negative,0
难吃,1,negative,0
Incredible historical landmark in Batu Ferringhi. We appreciated the reasonable and transparent prices and generous portion sizes. Highly recommended!,5,positive,0
Claim your free 500 dollar hotel voucher at http://scam-promo.com right now!,4,neutral,1
The hand-drawn street art murals and vibrant artisan crafts was tasteless and overpriced. The confusing ordering process made the dining experience unbearable.,1,negative,0
"Tempat panas dan tidak selesa, kipas rosak dan staf buat endah tak endah.",1,negative,0
"tidak rugi datang sini, sangat berbaloi dengan harganya",5,positive,0
Poorly maintained heritage street mural spot in Gurney. Encountered over an hour waiting time for simple orders and unclear information and lack of signages.,4,negative,1
很喜欢,5,positive,0
Visited this craft studio in George Town. It offered average waiting times during rush hour. An okay stop overall if you are nearby.,3,neutral,0
"A must-try culinary gem in Bukit Mertajam. The creamy Cendol with fresh coconut milk and Gula Melaka was fresh and delicious, accompanied by rich authentic flavors.",5,positive,0
"Food sedap gila and the ambience was top notch, totally recommended!",5,positive,0
Sangat mengecewakan dan tidak berbaloi dengan harga tiket yang mahal.,1,negative,0
"Would not return to this coastal cafe. The majestic 272 steps and cathedral limestone caves was disappointing and the cold, greasy and bland food ruined our mood.",2,negative,0
"Cendol pulut terbaik di George Town, manis berlemak santan segar.",5,positive,0
"Pengalaman yang sangat memuaskan, tempat warisan terpelihara dengan indah.",5,positive,0
"Food boleh la, but service a bit slow during weekend rush.",3,neutral,0
Very disappointed with the succulent satay skewers with thick peanut gravy at this colonial fort in Teluk Bahang. We encountered dirty sticky tables and unwashed utensils and limited food options with many items out of stock.,4,negative,1
"A must-try culinary gem in Little India. The intricate Chinese dragon wood carvings and granite courtyards was fresh and delicious, accompanied by well organised tour activities.",5,positive,0
非常棒的体验，东西很好吃，分量足且性价比很高。,5,positive,0
Worst meal,1,negative,0
"no customer care at all, ignored by waiters for 40 minutes",1,negative,0
"Makanan tak sedap dan servis sangat lambat, kami tunggu hampir sejam.",1,negative,0
Expected rich cultural insights but was met with rude and arrogant staff attitudes and over an hour waiting time for simple orders. Would not recommend.,1,negative,0
"it wasn't terrible, actually quite decent and pleasant for lunch",4,positive,0
Best stop for local food lovers. The UNESCO heritage indigo courtyards and feng shui architecture exceeded expectations with reasonable and transparent prices. Will come back!,5,positive,0
Wonderful preservation of Malaysian culture in Teluk Bahang. Noticed the truly memorable and enriching experience and well organised tour activities.,4,positive,0
Very disappointed with the hand-drawn street art murals and vibrant artisan crafts at this cultural gallery in Gurney. We encountered cramped and poorly ventilated space and grossly overpriced tourist trap pricing.,4,negative,1
非常失望，排队一个多小时结果食物是冷的而且很难吃。,1,negative,0
文化底蕴深厚，讲解员解说很清楚，很有收获的文化之旅。,5,positive,0
Tak sedap,1,negative,0
Visited this cultural gallery in Teluk Bahang. It offered acceptable food quality for the price. An okay stop overall if you are nearby.,3,neutral,0
Wonderful preservation of Malaysian culture in George Town. Noticed the very helpful and accommodating staff and authentic traditional recipes.,2,positive,1
The serene coastal breeze and golden sunset views at this coastal cafe in Teluk Bahang was absolutely outstanding! Loved the very helpful and accommodating staff and comfortable air-conditioned seating.,4,positive,0
食物新鲜美味，老板很热情好客，五星好评！,5,positive,0
Best stop for local food lovers. The majestic 272 steps and cathedral limestone caves exceeded expectations with beautiful aesthetic presentation. Will come back!,4,positive,0
"Makanan tak sedap dan servis sangat lambat, kami tunggu hampir sejam.",1,negative,0
"A must-try culinary gem in Tanjung Bungah. The serene coastal breeze and golden sunset views was fresh and delicious, accompanied by rich authentic flavors.",5,positive,0
"never coming back here again, awful experience from start to end",1,negative,0
"Overrated gila, queue one hour for tasteless cendol and rude cashier.",1,negative,0
The Char Kway Teow with duck egg and wok hei at this craft studio in Teluk Bahang was absolutely outstanding! Loved the very helpful and accommodating staff and fast and efficient table turnover.,5,positive,0
食物非常好吃，服务态度很亲切，非常推荐大家来尝试！,5,positive,0
Expected rich cultural insights but was met with stale ingredients lacking freshness and uncomfortable broken seating. Would not recommend.,2,negative,0
"Yam rice soup damn solid bro, salted vege duck soup so comforting!",5,positive,0
"Biasa sahaja, makanan boleh tahan tapi tiada yang begitu istimewa.",3,neutral,0
"A must-try culinary gem in Butterworth. The intricate Chinese dragon wood carvings and granite courtyards was fresh and delicious, accompanied by reasonable and transparent prices.",1,positive,1
A breathtaking cultural stop in Gurney! The spiced Nasi Kandar with dark squid curry and fried chicken and fast and efficient table turnover made it deeply memorable.,5,positive,0
Very disappointing,1,negative,0
"Tandas kotor dan bau busuk menyengat, makanan pun rasa basi.",1,negative,0
"Keropok lekor panas gebu, sos pencicah manis pedas memang ngam.",5,positive,0
An average stop in George Town featuring acceptable food quality for the price. Nothing particularly extraordinary but acceptable.,4,neutral,0
"Dirty tables everywhere, damn disgusting experience and smelly toilet.",1,negative,0
"Expected rich cultural insights but was met with cold, greasy and bland food and over an hour waiting time for simple orders. Would not recommend.",1,negative,0
"not overhyped at all, the char kway teow really delivers top wok hei",5,positive,0
Incredible food experience in Little India! The creamy Cendol with fresh coconut milk and Gula Melaka had unmatched authentic flavors and clear and engaging historical explanations.,2,positive,1
Get unlimited followers and likes fast dm on instagram @promo_bot_now,5,neutral,1
Incredible food experience in Teluk Bahang! The crispy Roti Canai with aromatic dhal and mutton curry had unmatched authentic flavors and clean and well-maintained environment.,4,positive,0
"A must-try culinary gem in Air Itam. The hand-drawn street art murals and vibrant artisan crafts was fresh and delicious, accompanied by fast and efficient table turnover.",5,positive,0
The creamy Cendol with fresh coconut milk and Gula Melaka at this coastal cafe in Teluk Bahang was absolutely outstanding! Loved the convenient location and easy accessibility and authentic traditional recipes.,1,positive,1
"no customer care at all, ignored by waiters for 40 minutes",1,negative,0
"Authentic Malaysian taste at its best! The fragrant BM Yam Rice with salted vegetable duck soup in Butterworth was top tier, plus clear and engaging historical explanations.",5,positive,0
Incredible food experience in Butterworth! The hand-drawn street art murals and vibrant artisan crafts had unmatched authentic flavors and reasonable and transparent prices.,4,positive,0
"Service damn slow, food pun biasa je and overpriced for tourists.",1,negative,0
Disappointing visit to this clan jetty. Felt neglected with grossly overpriced tourist trap pricing and very poor visitor guidance.,2,negative,0
Boleh diterima tetapi perlukan penambahbaikan dari segi kemudahan awam.,3,neutral,0
"Overhyped tourist stop in Bukit Mertajam. The serene coastal breeze and golden sunset views was cold, and we had to endure limited food options with many items out of stock.",1,negative,0
Tempat warisan bersejarah yang sangat bermakna dan dijaga dengan rapi.,5,positive,0
"Sangat teruk, tak akan syorkan kepada sesiapa pun untuk datang.",1,negative,0
"Pengalaman standard, harga sederhana dan servis bersahaja.",3,neutral,0
The majestic 272 steps and cathedral limestone caves at this temple garden in George Town was absolutely outstanding! Loved the reasonable and transparent prices and fast and efficient table turnover.,5,positive,0
A breathtaking cultural stop in Little India! The Char Kway Teow with duck egg and wok hei and convenient location and easy accessibility made it deeply memorable.,5,positive,0
The majestic 272 steps and cathedral limestone caves was tasteless and overpriced. The unclear information and lack of signages made the dining experience unbearable.,1,negative,0
Wonderful preservation of Malaysian culture in Air Itam. Noticed the clean and well-maintained environment and fascinating cultural details and architecture.,4,positive,0
Such a serene and educational experience at the baba nyonya mansion. Impressed by convenient location and easy accessibility and truly memorable and enriching experience.,5,positive,0
11111111111 222222222 33333333333 discount call now,1,neutral,1
"Layanan cemerlang, rasa masakan asli turun-temurun sangat mengagumkan!",5,positive,0
干净卫生，上菜速度快，整体用餐体验非常满意。,4,positive,0
"Waited 45 mins just for one plate of fried noodles, never again!",1,negative,0
干净卫生，上菜速度快，整体用餐体验非常满意。,4,positive,0
"tidak mengecewakan, tempat bersejarah yang menarik dan bersih",4,positive,0
Visit my website https://example-deals.com for cheap packages and free gifts,5,neutral,1
Wonderful preservation of Malaysian culture in Gurney. Noticed the comfortable air-conditioned seating and reasonable and transparent prices.,4,positive,0
Visited this cultural gallery in Balik Pulau. It offered standard kopitiam ambiance. An okay stop overall if you are nearby.,2,neutral,0
A breathtaking cultural stop in Chinatown! The fragrant BM Yam Rice with salted vegetable duck soup and freshly prepared hot food made it deeply memorable.,1,positive,1
炒粿条镬气十足，鸭蛋香味浓郁，虾肉新鲜弹牙！,5,positive,0
炒粿条镬气十足，鸭蛋香味浓郁，虾肉新鲜弹牙！,5,positive,0
Fair experience overall with average waiting times during rush hour. Suits travelers who just want a brief stop.,3,neutral,0
煎蕊红豆绵密，椰糖香浓正宗，正宗槟城老字号风味！,5,positive,0
Visited this kopitiam in Batu Ferringhi. It offered acceptable food quality for the price. An okay stop overall if you are nearby.,4,neutral,0
Rich in tradition and heritage. Exploring the craft studio with authentic traditional recipes was the highlight of our trip.,2,positive,1
Rich in tradition and heritage. Exploring the coastal cafe with clear and engaging historical explanations was the highlight of our trip.,5,positive,0
"Authentic Malaysian taste at its best! The majestic 272 steps and cathedral limestone caves in Little India was top tier, plus generous portion sizes.",5,positive,0
"Roti canai crispy gila, kuah kari pekat sedap terangkat!",5,positive,0
"Makanan tak sedap dan servis sangat lambat, kami tunggu hampir sejam.",1,negative,0
"Terrible meal. The UNESCO heritage indigo courtyards and feng shui architecture lacked flavor and freshness, coupled with uncomfortable broken seating and extremely slow and chaotic service.",2,negative,0
"Staf sangat biadab dan tempat kotor berdebu, tandas tidak dibersihkan.",1,negative,0
"tidak selesa dan sangat bising, pengurusan teruk",2,negative,0
"Overhyped tourist stop in Air Itam. The engaging docents explaining Baba Nyonya family customs was cold, and we had to endure rude and arrogant staff attitudes.",5,negative,1
Disappointing visit to this bakery. Felt neglected with confusing ordering process and very poor visitor guidance.,1,negative,0
Would not return to this tea house. The spiced Nasi Kandar with dark squid curry and fried chicken was disappointing and the unclear information and lack of signages ruined our mood.,2,negative,0
"never had any issue here, consistently delicious and fresh",5,positive,0
asdf qwer zxcv lorem ipsum random review text asdf zxcv,4,neutral,1
Poorly maintained heritage kopitiam in Jelutong. Encountered dirty sticky tables and unwashed utensils and limited food options with many items out of stock.,2,negative,0
"I don't hate it, in fact the experience was quite good and authentic",4,positive,0
"The kopitiam was decent. There was a relatively brief walking tour, although standard kopitiam ambiance could be improved.",3,neutral,0
Follow my telegram channel and message me for the best promotion code today on whatsapp,3,neutral,1
Incredible food experience in George Town! The authentic Peranakan Nyonya Laksa had unmatched authentic flavors and beautiful aesthetic presentation.,1,positive,1
"Sederhana sahaja, sesuai untuk singgah sebentar jika lalu di kawasan ini.",3,neutral,0
Place quite nice for photos but parking susah gila around here.,3,neutral,0
Bad bad bad bad bad bad bad bad bad bad bad,4,negative,1
Disappointing visit to this heritage restaurant. Felt neglected with over an hour waiting time for simple orders and very poor visitor guidance.,2,negative,0
Best stop for local food lovers. The succulent satay skewers with thick peanut gravy exceeded expectations with fascinating cultural details and architecture. Will come back!,4,positive,0
"bukan sedap sangat pun, harga cekik darah untuk pelancong",1,negative,0
tidak sedap dan staf sangat biadab bila pelanggan tanya,1,negative,0
"tidak mengecewakan, tempat bersejarah yang menarik dan bersih",4,positive,0
干净卫生，上菜速度快，整体用餐体验非常满意。,4,positive,0
not worth the price or the long queue under the hot sun,1,negative,0
Best stop for local food lovers. The engaging docents explaining Baba Nyonya family customs exceeded expectations with freshly prepared hot food. Will come back!,5,positive,0
食物很难吃，服务员态度极差，完全不推荐大家来踩雷！,1,negative,0
11111111111 222222222 33333333333 discount call now,5,neutral,1
A breathtaking cultural stop in Jelutong! The succulent satay skewers with thick peanut gravy and fascinating cultural details and architecture made it deeply memorable.,4,positive,0
The spiced Nasi Kandar with dark squid curry and fried chicken at this spice garden in Campbell Street was absolutely outstanding! Loved the freshly prepared hot food and beautiful aesthetic presentation.,4,positive,0
Claim your free 500 dollar hotel voucher at http://scam-promo.com right now!,1,neutral,1
"Authentic Malaysian taste at its best! The engaging docents explaining Baba Nyonya family customs in Tanjung Bungah was top tier, plus fast and efficient table turnover.",5,positive,0
"Makanan tak sedap dan servis sangat lambat, kami tunggu hampir sejam.",1,negative,0
"Overhyped tourist stop in Little India. The hand-drawn street art murals and vibrant artisan crafts was cold, and we had to endure confusing ordering process.",1,negative,0
"not disappointed with the visit, everything was great and tasty",5,positive,0
Incredible food experience in Bukit Mertajam! The engaging docents explaining Baba Nyonya family customs had unmatched authentic flavors and generous portion sizes.,5,positive,0
Terrible service,1,negative,0
"Staf sangat biadab dan tempat kotor berdebu, tandas tidak dibersihkan.",1,negative,0
"Waited 45 mins just for one plate of fried noodles, never again!",1,negative,0
"tak bagus, servis lambat gila dan tempat berbau hapak",1,negative,0
Poorly maintained heritage street mural spot in Bayan Lepas. Encountered grossly overpriced tourist trap pricing and rude and arrogant staff attitudes.,1,negative,0
"Makanan sangat sedap dan staf peramah, layanan terbaik tiada tandingan!",5,positive,0
Incredible historical landmark in Teluk Bahang. We appreciated the reasonable and transparent prices and freshly prepared hot food. Highly recommended!,5,positive,0
"Food boleh la, but service a bit slow during weekend rush.",3,neutral,0
An average stop in Air Itam featuring a simple and functional seating layout. Nothing particularly extraordinary but acceptable.,3,neutral,0
"Cendol pulut terbaik di George Town, manis berlemak santan segar.",5,positive,0
Super nice,5,positive,0
"A must-try culinary gem in Balik Pulau. The authentic Peranakan Nyonya Laksa was fresh and delicious, accompanied by fast and efficient table turnover.",5,positive,0
Standard experience in Tanjung Bungah. Food and service had basic informative signage. Convenient for a short rest.,4,neutral,0
"Overhyped tourist stop in Teluk Bahang. The hand-drawn street art murals and vibrant artisan crafts was cold, and we had to endure unclear information and lack of signages.",4,negative,1
"Keropok lekor panas gebu, sos pencicah manis pedas memang ngam.",5,positive,0
"not bad at all, really enjoyed the heritage atmosphere and friendly guide",4,positive,0
Claim your free 500 dollar hotel voucher at http://scam-promo.com right now!,4,neutral,1
"Makanan sangat sedap dan staf peramah, layanan terbaik tiada tandingan!",5,positive,0
The crispy Roti Canai with aromatic dhal and mutton curry was tasteless and overpriced. The poor crowd management and disorganised queues made the dining experience unbearable.,1,negative,0
"not an ordinary meal, truly sensational flavors and great hospitality",5,positive,0
asdf qwer zxcv lorem ipsum random review text asdf zxcv,5,neutral,1
"Pengurusan sangat lemah, beratur panjang tanpa penerangan jelas.",1,negative,0
"Pengalaman yang sangat memuaskan, tempat warisan terpelihara dengan indah.",5,positive,0
"The tea house was decent. There was a moderate selection of local dishes, although a moderate selection of local dishes could be improved.",2,neutral,0
娘惹糕点色彩缤纷口感细腻，椰香十足，必吃推荐！,5,positive,0
Disappointing visit to this heritage restaurant. Felt neglected with poor crowd management and disorganised queues and very poor visitor guidance.,1,negative,0
A breathtaking cultural stop in Teluk Bahang! The crispy Roti Canai with aromatic dhal and mutton curry and friendly and attentive service made it deeply memorable.,5,positive,0
"tak bagus, servis lambat gila dan tempat berbau hapak",1,negative,0
"Okay la, not bad and not super good either. Standard standard.",3,neutral,0
Incredible food experience in Chinatown! The authentic Peranakan Nyonya Laksa had unmatched authentic flavors and reasonable and transparent prices.,4,positive,0
"Place nice gila, staff very friendly and polite throughout our visit.",5,positive,0
"Hancur mood, cashier buat muka masam and rude when taking orders.",1,negative,0
管理混乱，排队毫无秩序，态度极其恶劣差劲。,1,negative,0
Best stop for local food lovers. The piping hot Kuih Akok and traditional keropok lekor exceeded expectations with truly memorable and enriching experience. Will come back!,5,positive,0
The authentic Peranakan Nyonya Laksa was tasteless and overpriced. The rude and arrogant staff attitudes made the dining experience unbearable.,4,negative,1
味道一般般，没有网络上吹捧得那么惊艳。,3,neutral,0
tak puas hati dengan layanan pekerja yang pemalas,1,negative,0
"Yam rice soup damn solid bro, salted vege duck soup so comforting!",5,positive,0
The intricate Chinese dragon wood carvings and granite courtyards was tasteless and overpriced. The noisy and stressful environment made the dining experience unbearable.,1,negative,0
"Terrible meal. The freshly steamed Hainanese Kaya butter toast and kampung eggs lacked flavor and freshness, coupled with uncomfortable broken seating and confusing ordering process.",2,negative,0
Disappointing visit to this tea house. Felt neglected with extremely slow and chaotic service and very poor visitor guidance.,4,negative,1
"Nothing special la, can try once if you are walking nearby.",3,neutral,0
"Terrible meal. The engaging docents explaining Baba Nyonya family customs lacked flavor and freshness, coupled with poor crowd management and disorganised queues and cold, greasy and bland food.",1,negative,0
Disappointing visit to this bakery. Felt neglected with poor crowd management and disorganised queues and very poor visitor guidance.,1,negative,0
Claim your free 500 dollar hotel voucher at http://scam-promo.com right now!,2,neutral,1
"Food cold and tasteless, price like 5 star hotel but hawker standard.",1,negative,0
Fair experience overall with basic informative signage. Suits travelers who just want a brief stop.,3,neutral,0
"kurang memuaskan, tempat sesak dan tiada layanan langsung",2,negative,0
Loved every bite of the freshly steamed Hainanese Kaya butter toast and kampung eggs. The beautiful aesthetic presentation and generous portion sizes made our visit thoroughly enjoyable.,1,positive,1
Good food,4,positive,0
Incredible historical landmark in Batu Ferringhi. We appreciated the friendly and attentive service and beautiful aesthetic presentation. Highly recommended!,2,positive,1
"Senibina klasik Baba Nyonya yang memukau, banyak sudut bergambar menarik.",5,positive,0
Disappointing visit to this satay stall. Felt neglected with cramped and poorly ventilated space and very poor visitor guidance.,2,negative,0
"not bad at all, really enjoyed the heritage atmosphere and friendly guide",4,positive,0
Pekerja bermasam muka dan berkira bila minta sudu tambahan.,1,negative,0
非常失望，排队一个多小时结果食物是冷的而且很难吃。,1,negative,0
Loved every bite of the freshly steamed Hainanese Kaya butter toast and kampung eggs. The convenient location and easy accessibility and freshly prepared hot food made our visit thoroughly enjoyable.,4,positive,0
Standard experience in Butterworth. Food and service had average waiting times during rush hour. Convenient for a short rest.,3,neutral,0
Very disappointed with the UNESCO heritage indigo courtyards and feng shui architecture at this satay stall in Bukit Mertajam. We encountered confusing ordering process and poor crowd management and disorganised queues.,1,negative,0
Standard experience in Batu Ferringhi. Food and service had standard kopitiam ambiance. Convenient for a short rest.,3,neutral,0
卫生条件很差，桌子油腻腻的，服务态度傲慢无礼。,1,negative,0
Incredible historical landmark in Butterworth. We appreciated the friendly and attentive service and rich authentic flavors. Highly recommended!,2,positive,1
"Lekor panas-panas, best gila wei! Must try if you come here!",5,positive,0
The fragrant BM Yam Rice with salted vegetable duck soup at this street mural spot in Little India was absolutely outstanding! Loved the well organised tour activities and very helpful and accommodating staff.,2,positive,1
"Overhyped tourist stop in Bukit Mertajam. The spiced Nasi Kandar with dark squid curry and fried chicken was cold, and we had to endure dirty sticky tables and unwashed utensils.",1,negative,0
"Not worth the entrance fee or trip to Air Itam. The main issue was cramped and poorly ventilated space with cold, greasy and bland food.",4,negative,1
The UNESCO heritage indigo courtyards and feng shui architecture at this craft studio in Gurney was absolutely outstanding! Loved the well organised tour activities and truly memorable and enriching experience.,5,positive,0
"Cendol okay je, nothing much to shout about but cools you down.",3,neutral,0
"Mantap gila place, very instagrammable and peaceful to chill out.",4,positive,0
"did not like it, very confusing and disorganized place",1,negative,0
Disappointing visit to this baba nyonya mansion. Felt neglected with grossly overpriced tourist trap pricing and very poor visitor guidance.,4,negative,1
"Lekor panas-panas, best gila wei! Must try if you come here!",5,positive,0
非常棒的体验，东西很好吃，分量足且性价比很高。,5,positive,0
"Tandas kotor dan bau busuk menyengat, makanan pun rasa basi.",1,negative,0
A breathtaking cultural stop in George Town! The engaging docents explaining Baba Nyonya family customs and clean and well-maintained environment made it deeply memorable.,4,positive,0
"Authentic Malaysian taste at its best! The authentic Peranakan Nyonya Laksa in Campbell Street was top tier, plus fascinating cultural details and architecture.",2,positive,1
"Super nice heritage vibes, staff helpful gila and knowledgeable.",5,positive,0
食物新鲜美味，老板很热情好客，五星好评！,5,positive,0
"went without any problems, staff was super helpful and caring",5,positive,0
Tempat yang cantik dan sangat berbaloi untuk dikunjungi bersama keluarga.,5,positive,0
非常棒的体验，东西很好吃，分量足且性价比很高。,5,positive,0
Such a serene and educational experience at the rooftop lounge. Impressed by fascinating cultural details and architecture and beautiful aesthetic presentation.,5,positive,0
"Overhyped tourist stop in Jelutong. The UNESCO heritage indigo courtyards and feng shui architecture was cold, and we had to endure over an hour waiting time for simple orders.",5,negative,1
"The kopitiam was decent. There was a moderate selection of local dishes, although basic informative signage could be improved.",4,neutral,0
A breathtaking cultural stop in Batu Ferringhi! The Char Kway Teow with duck egg and wok hei and convenient location and easy accessibility made it deeply memorable.,4,positive,0
中规中矩，无功无过，适合路过时简单吃个便饭。,3,neutral,0
Rugi duit,1,negative,0
"Cendol pulut terbaik di George Town, manis berlemak santan segar.",5,positive,0
Poorly maintained heritage heritage restaurant in Little India. Encountered cramped and poorly ventilated space and poor crowd management and disorganised queues.,4,negative,1
The creamy Cendol with fresh coconut milk and Gula Melaka at this heritage restaurant in Butterworth was absolutely outstanding! Loved the rich authentic flavors and generous portion sizes.,5,positive,0
Standard experience in Balik Pulau. Food and service had a simple and functional seating layout. Convenient for a short rest.,4,neutral,0
马马虎虎，算是一个普通的打卡景点吧，顺路可以看看。,3,neutral,0
A breathtaking cultural stop in Bayan Lepas! The hand-drawn street art murals and vibrant artisan crafts and very helpful and accommodating staff made it deeply memorable.,5,positive,0
asdf qwer zxcv lorem ipsum random review text asdf zxcv,4,neutral,1
Loved every bite of the succulent satay skewers with thick peanut gravy. The generous portion sizes and fast and efficient table turnover made our visit thoroughly enjoyable.,1,positive,1
"A must-try culinary gem in Jelutong. The intricate Chinese dragon wood carvings and granite courtyards was fresh and delicious, accompanied by clear and engaging historical explanations.",5,positive,0
"Food cold and tasteless, price like 5 star hotel but hawker standard.",1,negative,0
"it wasn't terrible, actually quite decent and pleasant for lunch",4,positive,0
"Wait so long for cold food, totally tak worth it and bad mood.",1,negative,0
Claim your free 500 dollar hotel voucher at http://scam-promo.com right now!,5,neutral,1
"Nasi lemak bungkus sambal padu, aroma daun pisang wangian asli.",5,positive,0
Visited this bakery in Chinatown. It offered decent place for a quick photo stop. An okay stop overall if you are nearby.,3,neutral,0
Disappointing visit to this clan jetty. Felt neglected with rude and arrogant staff attitudes and very poor visitor guidance.,2,negative,0
Bad bad bad bad bad bad bad bad bad bad bad,1,negative,1
"tidak mengecewakan, tempat bersejarah yang menarik dan bersih",4,positive,0
Servis teruk,1,negative,0
"Place nice gila, staff very friendly and polite throughout our visit.",5,positive,0
Disappointing visit to this cultural gallery. Felt neglected with over an hour waiting time for simple orders and very poor visitor guidance.,1,negative,0
"Super nice heritage vibes, staff helpful gila and knowledgeable.",5,positive,0
Disappointing visit to this satay stall. Felt neglected with noisy and stressful environment and very poor visitor guidance.,1,negative,0
"Suasana bersih, tenang dan selesa. Pasti akan datang lagi bila ke sini.",5,positive,0
Poorly maintained heritage night market bazaar in Gurney. Encountered limited food options with many items out of stock and unclear information and lack of signages.,1,negative,0
"was not terrible at all, worth a visit when in Penang",4,positive,0
"Biasa sahaja, makanan boleh tahan tapi tiada yang begitu istimewa.",3,neutral,0
"Terrible meal. The authentic Peranakan Nyonya Laksa lacked flavor and freshness, coupled with unclear information and lack of signages and cold, greasy and bland food.",2,negative,0
Visited this kopitiam in Bayan Lepas. It offered acceptable food quality for the price. An okay stop overall if you are nearby.,3,neutral,0
Hancur,1,negative,0
"Food boleh la, but service a bit slow during weekend rush.",3,neutral,0
"Rugi masa datang sini, langsung tiada apa yang menarik seperti diiklan.",1,negative,0
asdf qwer zxcv lorem ipsum random review text asdf zxcv,2,neutral,1
Delicious food,5,positive,0
Loved every bite of the freshly steamed Hainanese Kaya butter toast and kampung eggs. The convenient location and easy accessibility and very helpful and accommodating staff made our visit thoroughly enjoyable.,4,positive,0
"Terrible meal. The steamed Nasi Dagang with tender tuna gulai lacked flavor and freshness, coupled with unclear information and lack of signages and uncomfortable broken seating.",1,negative,0
not worth the price or the long queue under the hot sun,1,negative,0
Follow my telegram channel and message me for the best promotion code today on whatsapp,4,neutral,1
The creamy Cendol with fresh coconut milk and Gula Melaka at this colonial fort in Bukit Mertajam was absolutely outstanding! Loved the clean and well-maintained environment and freshly prepared hot food.,1,positive,1
差评,1,negative,0
"Makan not nice, price mahal gila and staff sombong nak mampus.",1,negative,0
Very disappointed with the Char Kway Teow with duck egg and wok hei at this coastal cafe in Gurney. We encountered confusing ordering process and dirty sticky tables and unwashed utensils.,4,negative,1
The fragrant BM Yam Rice with salted vegetable duck soup was tasteless and overpriced. The poor crowd management and disorganised queues made the dining experience unbearable.,1,negative,0
Incredible food experience in Bayan Lepas! The freshly steamed Hainanese Kaya butter toast and kampung eggs had unmatched authentic flavors and beautiful aesthetic presentation.,5,positive,0
Disappointing visit to this nature trail. Felt neglected with unclear information and lack of signages and very poor visitor guidance.,4,negative,1
Super nice,5,positive,0
"Biasa sahaja, makanan boleh tahan tapi tiada yang begitu istimewa.",3,neutral,0
The crispy Roti Canai with aromatic dhal and mutton curry at this nasi kandar stall in Tanjung Bungah was absolutely outstanding! Loved the well organised tour activities and beautiful aesthetic presentation.,5,positive,0
"Char kway teow padu gila, duck egg yolk so creamy and lots of cockles!",5,positive,0
"tidak mengecewakan langsung, suasana sangat cantik dan tenang",5,positive,0
Rich in tradition and heritage. Exploring the curated museum with fascinating cultural details and architecture was the highlight of our trip.,5,positive,0
Pekerja bermasam muka dan berkira bila minta sudu tambahan.,1,negative,0
"Nasi lemak bungkus sambal padu, aroma daun pisang wangian asli.",5,positive,0
"Lekor panas-panas, best gila wei! Must try if you come here!",5,positive,0
Free bitcoin giveaway click http://crypto-win.xyz fast before ended,4,neutral,1
又贵又难吃，环境脏乱差，给一颗星都嫌多！,1,negative,0
食物新鲜美味，老板很热情好客，五星好评！,5,positive,0
食物新鲜美味，老板很热情好客，五星好评！,5,positive,0
"tidak bersih dan meja melekit, rasa loya nak makan",1,negative,0
Not worth the entrance fee or trip to Tanjung Bungah. The main issue was poor crowd management and disorganised queues with rude and arrogant staff attitudes.,5,negative,1
很喜欢,5,positive,0
"Very disappointed with the Char Kway Teow with duck egg and wok hei at this rooftop lounge in Chinatown. We encountered cold, greasy and bland food and stale ingredients lacking freshness.",5,negative,1
"Cendol okay je, nothing much to shout about but cools you down.",3,neutral,0
Incredible food experience in Campbell Street! The engaging docents explaining Baba Nyonya family customs had unmatched authentic flavors and authentic traditional recipes.,4,positive,0
Pekerja bermasam muka dan berkira bila minta sudu tambahan.,1,negative,0
The engaging docents explaining Baba Nyonya family customs was tasteless and overpriced. The rude and arrogant staff attitudes made the dining experience unbearable.,1,negative,0
Wonderful preservation of Malaysian culture in Air Itam. Noticed the reasonable and transparent prices and freshly prepared hot food.,5,positive,0
The majestic 272 steps and cathedral limestone caves was tasteless and overpriced. The limited food options with many items out of stock made the dining experience unbearable.,5,negative,1
Such a serene and educational experience at the street mural spot. Impressed by clean and well-maintained environment and truly memorable and enriching experience.,1,positive,1
Disappointing visit to this nasi kandar stall. Felt neglected with rude and arrogant staff attitudes and very poor visitor guidance.,4,negative,1
Loved every bite of the serene coastal breeze and golden sunset views. The clear and engaging historical explanations and friendly and attentive service made our visit thoroughly enjoyable.,5,positive,0
推荐,5,positive,0
体验非常糟糕，管理混乱，完全不值得花费时间和金钱。,1,negative,0
Tempat okay tapi agak sesak dengan pelancong pada hujung minggu.,3,neutral,0
Harga cekik darah! Kena caj tersembunyi yang langsung tak masuk akal.,1,negative,0
"do not hate it, pretty good food and nice staff",4,positive,0
Incredible historical landmark in Batu Ferringhi. We appreciated the fascinating cultural details and architecture and convenient location and easy accessibility. Highly recommended!,5,positive,0
Sedap gila,5,positive,0
"tak pernah rasa cendol sesedap ini, santan pekat manis sedang elok",5,positive,0
"Wait so long for cold food, totally tak worth it and bad mood.",1,negative,0
食物很难吃，服务员态度极差，完全不推荐大家来踩雷！,1,negative,0
"was not impressed, disappointing quality and stale meat",2,negative,0
"Nasi kandar padu, kuah campur pekat dan ayam goreng berempah rangup!",5,positive,0
Excellent service,5,positive,0
Not worth the entrance fee or trip to Campbell Street. The main issue was extremely slow and chaotic service with limited food options with many items out of stock.,1,negative,0
Loved every bite of the authentic Peranakan Nyonya Laksa. The friendly and attentive service and beautiful aesthetic presentation made our visit thoroughly enjoyable.,4,positive,0
中规中矩，无功无过，适合路过时简单吃个便饭。,3,neutral,0
"Senibina klasik Baba Nyonya yang memukau, banyak sudut bergambar menarik.",5,positive,0
"Servis sangat pantas dan mesra, makanan panas dan segar dari dapur.",5,positive,0
Best stop for local food lovers. The steamed Nasi Dagang with tender tuna gulai exceeded expectations with beautiful aesthetic presentation. Will come back!,5,positive,0
Visit my website https://example-deals.com for cheap packages and free gifts,4,neutral,1
"Cendol memang mantap, authentic Penang taste so syok and refreshing!",5,positive,0
The intricate Chinese dragon wood carvings and granite courtyards was tasteless and overpriced. The over an hour waiting time for simple orders made the dining experience unbearable.,1,negative,0
Sangat berpuas hati dengan kebersihan dan keramahan pekerja di sini.,5,positive,0
"Pengalaman standard, harga sederhana dan servis bersahaja.",3,neutral,0
太脏了,1,negative,0
Boleh diterima tetapi perlukan penambahbaikan dari segi kemudahan awam.,3,neutral,0
"Rasa makanan biasa, harga berpatutan dengan saiz hidangan.",3,neutral,0
Visited this nasi kandar stall in George Town. It offered an ordinary tourist stop without surprises. An okay stop overall if you are nearby.,2,neutral,0
The crispy Roti Canai with aromatic dhal and mutton curry at this clan jetty in Jelutong was absolutely outstanding! Loved the freshly prepared hot food and comfortable air-conditioned seating.,5,positive,0
Visit my website https://example-deals.com for cheap packages and free gifts,4,neutral,1
"Makanan enak dan harga sangat berpatutan, porsi banyak dan mengenyangkan.",5,positive,0
"Sederhana sahaja, sesuai untuk singgah sebentar jika lalu di kawasan ini.",3,neutral,0
"Staf sangat biadab dan tempat kotor berdebu, tandas tidak dibersihkan.",1,negative,0
又贵又难吃，环境脏乱差，给一颗星都嫌多！,1,negative,0
Rich in tradition and heritage. Exploring the clan jetty with comfortable air-conditioned seating was the highlight of our trip.,4,positive,0
Fair experience overall with standard basic facilities. Suits travelers who just want a brief stop.,4,neutral,0
Disappointing visit to this street mural spot. Felt neglected with poor crowd management and disorganised queues and very poor visitor guidance.,1,negative,0
价格昂贵但质量很差，完全是坑游客的黑店，千万别来。,1,negative,0
"Sangat teruk, tak akan syorkan kepada sesiapa pun untuk datang.",1,negative,0
Incredible food experience in Batu Ferringhi! The piping hot Kuih Akok and traditional keropok lekor had unmatched authentic flavors and very helpful and accommodating staff.,4,positive,0
The spiced Nasi Kandar with dark squid curry and fried chicken at this colonial fort in Campbell Street was absolutely outstanding! Loved the freshly prepared hot food and very helpful and accommodating staff.,5,positive,0
"Tandas kotor dan bau busuk menyengat, makanan pun rasa basi.",1,negative,0
"Terrible meal. The piping hot Kuih Akok and traditional keropok lekor lacked flavor and freshness, coupled with grossly overpriced tourist trap pricing and over an hour waiting time for simple orders.",2,negative,0
Loved every bite of the fragrant BM Yam Rice with salted vegetable duck soup. The fast and efficient table turnover and clear and engaging historical explanations made our visit thoroughly enjoyable.,5,positive,0
Friendly staff,5,positive,0
"Makan not nice, price mahal gila and staff sombong nak mampus.",1,negative,0
"Poorly maintained heritage rooftop lounge in George Town. Encountered cold, greasy and bland food and limited food options with many items out of stock.",1,negative,0
"Wait so long for cold food, totally tak worth it and bad mood.",1,negative,0
又贵又难吃，环境脏乱差，给一颗星都嫌多！,1,negative,0
Very disappointed with the succulent satay skewers with thick peanut gravy at this satay stall in George Town. We encountered noisy and stressful environment and uncomfortable broken seating.,2,negative,0
又贵又难吃，环境脏乱差，给一颗星都嫌多！,1,negative,0
炒粿条镬气十足，鸭蛋香味浓郁，虾肉新鲜弹牙！,5,positive,0
Visited this heritage restaurant in Bukit Mertajam. It offered a relatively brief walking tour. An okay stop overall if you are nearby.,3,neutral,0
Expected rich cultural insights but was met with noisy and stressful environment and unclear information and lack of signages. Would not recommend.,4,negative,1
"Pengalaman yang sangat memuaskan, tempat warisan terpelihara dengan indah.",5,positive,0
Tempat yang cantik dan sangat berbaloi untuk dikunjungi bersama keluarga.,5,positive,0
Free bitcoin giveaway click http://crypto-win.xyz fast before ended,1,neutral,1
"Food cold and tasteless, price like 5 star hotel but hawker standard.",1,negative,0
Best stop for local food lovers. The authentic Peranakan Nyonya Laksa exceeded expectations with convenient location and easy accessibility. Will come back!,2,positive,1
Disappointing visit to this colonial fort. Felt neglected with stale ingredients lacking freshness and very poor visitor guidance.,1,negative,0
Incredible historical landmark in Teluk Bahang. We appreciated the generous portion sizes and rich authentic flavors. Highly recommended!,5,positive,0
Visit my website https://example-deals.com for cheap packages and free gifts,4,neutral,1
"Authentic Malaysian taste at its best! The succulent satay skewers with thick peanut gravy in Campbell Street was top tier, plus very helpful and accommodating staff.",5,positive,0
"tidak bagus langsung, pengalaman sangat mengecewakan kami",1,negative,0
食物新鲜美味，老板很热情好客，五星好评！,5,positive,0
食物不新鲜，吃完回去肚子不舒服，卫生令人担忧。,1,negative,0
Terrible,1,negative,0
"Terrible meal. The engaging docents explaining Baba Nyonya family customs lacked flavor and freshness, coupled with uncomfortable broken seating and limited food options with many items out of stock.",4,negative,1
"never had any issue here, consistently delicious and fresh",5,positive,0
Loved every bite of the fragrant BM Yam Rice with salted vegetable duck soup. The beautiful aesthetic presentation and freshly prepared hot food made our visit thoroughly enjoyable.,5,positive,0
Good food,4,positive,0
Loved every bite of the freshly steamed Hainanese Kaya butter toast and kampung eggs. The fascinating cultural details and architecture and well organised tour activities made our visit thoroughly enjoyable.,2,positive,1
Would not return to this nasi kandar stall. The hand-drawn street art murals and vibrant artisan crafts was disappointing and the over an hour waiting time for simple orders ruined our mood.,2,negative,0
"Yam rice soup damn solid bro, salted vege duck soup so comforting!",5,positive,0
Best stop for local food lovers. The piping hot Kuih Akok and traditional keropok lekor exceeded expectations with well organised tour activities. Will come back!,5,positive,0
管理混乱，排队毫无秩序，态度极其恶劣差劲。,1,negative,0
"Roti canai crispy gila, kuah kari pekat sedap terangkat!",5,positive,0
食物很难吃，服务员态度极差，完全不推荐大家来踩雷！,1,negative,0
Mantap,5,positive,0
"Lekor panas-panas, best gila wei! Must try if you come here!",5,positive,0
管理混乱，排队毫无秩序，态度极其恶劣差劲。,1,negative,0
Get unlimited followers and likes fast dm on instagram @promo_bot_now,4,neutral,1
11111111111 222222222 33333333333 discount call now,1,neutral,1
"no customer care at all, ignored by waiters for 40 minutes",1,negative,0
Visited this craft studio in Jelutong. It offered standard basic facilities. An okay stop overall if you are nearby.,3,neutral,0
难吃,1,negative,0
The majestic 272 steps and cathedral limestone caves at this rooftop lounge in Gurney was absolutely outstanding! Loved the friendly and attentive service and freshly prepared hot food.,5,positive,0
asdf qwer zxcv lorem ipsum random review text asdf zxcv,3,neutral,1
"Sederhana sahaja, sesuai untuk singgah sebentar jika lalu di kawasan ini.",3,neutral,0
The spiced Nasi Kandar with dark squid curry and fried chicken at this bakery in Bayan Lepas was absolutely outstanding! Loved the freshly prepared hot food and generous portion sizes.,5,positive,0
Very disappointed with the hand-drawn street art murals and vibrant artisan crafts at this tea house in Jelutong. We encountered rude and arrogant staff attitudes and grossly overpriced tourist trap pricing.,5,negative,1
"tidak mengecewakan langsung, suasana sangat cantik dan tenang",5,positive,0
干净卫生，上菜速度快，整体用餐体验非常满意。,4,positive,0
Tak sedap,1,negative,0
Avoid this,1,negative,0
Buy now limited offer discount discount discount contact me for free vouchers,2,neutral,1
Visited this nature trail in Campbell Street. It offered a relatively brief walking tour. An okay stop overall if you are nearby.,3,neutral,0
"Very disappointed with the majestic 272 steps and cathedral limestone caves at this craft studio in Gurney. We encountered grossly overpriced tourist trap pricing and cold, greasy and bland food.",5,negative,1
"Place nice gila, staff very friendly and polite throughout our visit.",5,positive,0
"Food sedap gila and the ambience was top notch, totally recommended!",5,positive,0
"tak menghampakan, memang berbaloi singgah sini makan malam",5,positive,0
"Terrible meal. The freshly steamed Hainanese Kaya butter toast and kampung eggs lacked flavor and freshness, coupled with noisy and stressful environment and dirty sticky tables and unwashed utensils.",1,negative,0
"A must-try culinary gem in Teluk Bahang. The spiced Nasi Kandar with dark squid curry and fried chicken was fresh and delicious, accompanied by authentic traditional recipes.",5,positive,0
"Pilihan kuih agak terhad waktu petang, tetapi rasanya boleh dimakan.",3,neutral,0
"tak segar langsung lauk pauk, rasa macam makanan semalam",1,negative,0
Such a serene and educational experience at the rooftop lounge. Impressed by fascinating cultural details and architecture and beautiful aesthetic presentation.,2,positive,1
"Poorly maintained heritage bakery in Gurney. Encountered cold, greasy and bland food and over an hour waiting time for simple orders.",2,negative,0
"Poorly maintained heritage temple garden in Air Itam. Encountered extremely slow and chaotic service and cold, greasy and bland food.",1,negative,0
"Rasa makanan biasa, harga berpatutan dengan saiz hidangan.",3,neutral,0
The spiced Nasi Kandar with dark squid curry and fried chicken at this heritage restaurant in Bukit Mertajam was absolutely outstanding! Loved the generous portion sizes and friendly and attentive service.,5,positive,0
"tak menyesal datang sini, semuanya terbaik dan memuaskan",5,positive,0
Terrible service,1,negative,0
Standard experience in Armenian Street. Food and service had a moderate selection of local dishes. Convenient for a short rest.,3,neutral,0
Rude staff,1,negative,0
"Service damn slow, food pun biasa je and overpriced for tourists.",1,negative,0
Service tip top and food comes super fast. Truly steady la!,5,positive,0
Expected rich cultural insights but was met with confusing ordering process and unclear information and lack of signages. Would not recommend.,4,negative,1
Sangat mengecewakan dan tidak berbaloi dengan harga tiket yang mahal.,1,negative,0
"Authentic Malaysian taste at its best! The authentic Peranakan Nyonya Laksa in Campbell Street was top tier, plus beautiful aesthetic presentation.",5,positive,0
"Overhyped tourist stop in Teluk Bahang. The hand-drawn street art murals and vibrant artisan crafts was cold, and we had to endure unclear information and lack of signages.",1,negative,0
Great experience,5,positive,0
食物很难吃，服务员态度极差，完全不推荐大家来踩雷！,1,negative,0
Standard experience in Bukit Mertajam. Food and service had standard kopitiam ambiance. Convenient for a short rest.,2,neutral,0
推荐,5,positive,0
"tak mesra langsung, staf buat muka masam dan campak menu",1,negative,0
"Cendol pulut terbaik di George Town, manis berlemak santan segar.",5,positive,0
整体还行，周末游客比较多，稍微有点拥挤。,3,neutral,0
Wonderful preservation of Malaysian culture in George Town. Noticed the beautiful aesthetic presentation and reasonable and transparent prices.,1,positive,1
Delicious food,5,positive,0
Incredible food experience in Armenian Street! The majestic 272 steps and cathedral limestone caves had unmatched authentic flavors and well organised tour activities.,4,positive,0
A breathtaking cultural stop in Chinatown! The authentic Peranakan Nyonya Laksa and freshly prepared hot food made it deeply memorable.,5,positive,0
Incredible food experience in Bukit Mertajam! The engaging docents explaining Baba Nyonya family customs had unmatched authentic flavors and comfortable air-conditioned seating.,5,positive,0
又贵又难吃，环境脏乱差，给一颗星都嫌多！,1,negative,0
"not an ordinary meal, truly sensational flavors and great hospitality",5,positive,0
Servis mantap,5,positive,0
"Pilihan kuih agak terhad waktu petang, tetapi rasanya boleh dimakan.",3,neutral,0
Rich in tradition and heritage. Exploring the clan jetty with friendly and attentive service was the highlight of our trip.,1,positive,1
Tempat yang cantik dan sangat berbaloi untuk dikunjungi bersama keluarga.,5,positive,0
Not worth the entrance fee or trip to Bayan Lepas. The main issue was uncomfortable broken seating with noisy and stressful environment.,5,negative,1
"Terrible meal. The authentic Peranakan Nyonya Laksa lacked flavor and freshness, coupled with cramped and poorly ventilated space and uncomfortable broken seating.",2,negative,0
11111111111 222222222 33333333333 discount call now,4,neutral,1
"Sederhana sahaja, sesuai untuk singgah sebentar jika lalu di kawasan ini.",3,neutral,0
煎蕊红豆绵密，椰糖香浓正宗，正宗槟城老字号风味！,5,positive,0
太脏了,1,negative,0
"Nasi kandar padu, kuah campur pekat dan ayam goreng berempah rangup!",5,positive,0
煎蕊红豆绵密，椰糖香浓正宗，正宗槟城老字号风味！,5,positive,0
"Pilihan kuih agak terhad waktu petang, tetapi rasanya boleh dimakan.",3,neutral,0
Wonderful preservation of Malaysian culture in Campbell Street. Noticed the friendly and attentive service and generous portion sizes.,4,positive,0
"Rasa makanan biasa, harga berpatutan dengan saiz hidangan.",3,neutral,0
Sangat mengecewakan dan tidak berbaloi dengan harga tiket yang mahal.,1,negative,0
Very disappointing,1,negative,0
"Authentic Malaysian taste at its best! The engaging docents explaining Baba Nyonya family customs in Chinatown was top tier, plus truly memorable and enriching experience.",5,positive,0
The succulent satay skewers with thick peanut gravy was tasteless and overpriced. The unclear information and lack of signages made the dining experience unbearable.,2,negative,0
"Food sedap gila and the ambience was top notch, totally recommended!",5,positive,0
"not bad, quite liked the food and friendly service",4,positive,0
Fair experience overall with a moderate selection of local dishes. Suits travelers who just want a brief stop.,2,neutral,0
Such a serene and educational experience at the nasi kandar stall. Impressed by very helpful and accommodating staff and generous portion sizes.,2,positive,1
"A must-try culinary gem in Butterworth. The intricate Chinese dragon wood carvings and granite courtyards was fresh and delicious, accompanied by clean and well-maintained environment.",4,positive,0
Rich in tradition and heritage. Exploring the bakery with rich authentic flavors was the highlight of our trip.,5,positive,0
"Okay la, not bad and not super good either. Standard standard.",3,neutral,0
干净卫生，上菜速度快，整体用餐体验非常满意。,4,positive,0
Best stop for local food lovers. The majestic 272 steps and cathedral limestone caves exceeded expectations with authentic traditional recipes. Will come back!,5,positive,0
"Layanan buruk, pekerja malas dan tempat tidak terurus langsung.",1,negative,0
"Makanan tak sedap dan servis sangat lambat, kami tunggu hampir sejam.",1,negative,0
Best stop for local food lovers. The succulent satay skewers with thick peanut gravy exceeded expectations with comfortable air-conditioned seating. Will come back!,5,positive,0
卫生条件很差，桌子油腻腻的，服务态度傲慢无礼。,1,negative,0
"The coastal cafe was decent. There was a relatively brief walking tour, although acceptable food quality for the price could be improved.",2,neutral,0
"tidak rugi datang sini, sangat berbaloi dengan harganya",5,positive,0
The freshly steamed Hainanese Kaya butter toast and kampung eggs was tasteless and overpriced. The confusing ordering process made the dining experience unbearable.,2,negative,0
"Hancur mood, cashier buat muka masam and rude when taking orders.",1,negative,0
not worth the price or the long queue under the hot sun,1,negative,0
Dirty place,1,negative,0
"Food boleh la, but service a bit slow during weekend rush.",3,neutral,0
asdf qwer zxcv lorem ipsum random review text asdf zxcv,1,neutral,1
非常棒的古迹景点，建筑与壁画保存得非常完善。,5,positive,0
娘惹糕点色彩缤纷口感细腻，椰香十足，必吃推荐！,5,positive,0
"Terrible meal. The authentic Peranakan Nyonya Laksa lacked flavor and freshness, coupled with limited food options with many items out of stock and noisy and stressful environment.",1,negative,0
Very tasty,5,positive,0
Poorly maintained heritage night market bazaar in Butterworth. Encountered limited food options with many items out of stock and over an hour waiting time for simple orders.,5,negative,1
A breathtaking cultural stop in Balik Pulau! The engaging docents explaining Baba Nyonya family customs and truly memorable and enriching experience made it deeply memorable.,1,positive,1
Incredible food experience in Tanjung Bungah! The steamed Nasi Dagang with tender tuna gulai had unmatched authentic flavors and reasonable and transparent prices.,4,positive,0
Such a serene and educational experience at the night market bazaar. Impressed by beautiful aesthetic presentation and very helpful and accommodating staff.,5,positive,0
食物普通，环境还可以，价格算中规中矩。,3,neutral,0
"Mantap gila place, very instagrammable and peaceful to chill out.",4,positive,0
文化底蕴深厚，讲解员解说很清楚，很有收获的文化之旅。,5,positive,0
Buy now limited offer discount discount discount contact me for free vouchers,3,neutral,1
Visited this clan jetty in Teluk Bahang. It offered a relatively brief walking tour. An okay stop overall if you are nearby.,3,neutral,0
Rich in tradition and heritage. Exploring the temple garden with very helpful and accommodating staff was the highlight of our trip.,4,positive,0
Not worth the entrance fee or trip to Batu Ferringhi. The main issue was dirty sticky tables and unwashed utensils with noisy and stressful environment.,1,negative,0
An average stop in Gurney featuring acceptable food quality for the price. Nothing particularly extraordinary but acceptable.,3,neutral,0
Such a serene and educational experience at the colonial fort. Impressed by generous portion sizes and rich authentic flavors.,4,positive,0
"Terrible meal. The spiced Nasi Kandar with dark squid curry and fried chicken lacked flavor and freshness, coupled with over an hour waiting time for simple orders and poor crowd management and disorganised queues.",5,negative,1
"Pengalaman yang sangat memuaskan, tempat warisan terpelihara dengan indah.",5,positive,0
"Overhyped tourist stop in Campbell Street. The Char Kway Teow with duck egg and wok hei was cold, and we had to endure over an hour waiting time for simple orders.",1,negative,0
Would not return to this tea house. The engaging docents explaining Baba Nyonya family customs was disappointing and the uncomfortable broken seating ruined our mood.,1,negative,0
"Authentic Malaysian taste at its best! The serene coastal breeze and golden sunset views in Jelutong was top tier, plus beautiful aesthetic presentation.",4,positive,0
"Yam rice soup damn solid bro, salted vege duck soup so comforting!",5,positive,0
Standard experience in Air Itam. Food and service had a moderate selection of local dishes. Convenient for a short rest.,3,neutral,0
Boleh diterima tetapi perlukan penambahbaikan dari segi kemudahan awam.,3,neutral,0
Sangat mengecewakan dan tidak berbaloi dengan harga tiket yang mahal.,1,negative,0
Such a serene and educational experience at the curated museum. Impressed by clean and well-maintained environment and well organised tour activities.,5,positive,0
Loved every bite of the succulent satay skewers with thick peanut gravy. The fascinating cultural details and architecture and truly memorable and enriching experience made our visit thoroughly enjoyable.,5,positive,0
"Makanan sangat sedap dan staf peramah, layanan terbaik tiada tandingan!",5,positive,0
"Not worth the entrance fee or trip to Campbell Street. The main issue was limited food options with many items out of stock with cold, greasy and bland food.",1,negative,0
"not good, very rude staff and dirty tables everywhere",1,negative,0
Friendly staff,5,positive,0
Pemandangan indah dan staf banyak membantu memberi penerangan sejarah.,5,positive,0
Best stop for local food lovers. The intricate Chinese dragon wood carvings and granite courtyards exceeded expectations with well organised tour activities. Will come back!,5,positive,0
Expected rich cultural insights but was met with limited food options with many items out of stock and cramped and poorly ventilated space. Would not recommend.,1,negative,0
Incredible historical landmark in Gurney. We appreciated the fascinating cultural details and architecture and well organised tour activities. Highly recommended!,4,positive,0
干净卫生，上菜速度快，整体用餐体验非常满意。,4,positive,0
"not good, very rude staff and dirty tables everywhere",1,negative,0
"Char kway teow padu gila, duck egg yolk so creamy and lots of cockles!",5,positive,0
"Terrible meal. The engaging docents explaining Baba Nyonya family customs lacked flavor and freshness, coupled with cold, greasy and bland food and uncomfortable broken seating.",1,negative,0
Service tip top and food comes super fast. Truly steady la!,5,positive,0
干净卫生，上菜速度快，整体用餐体验非常满意。,4,positive,0
"Overrated gila, queue one hour for tasteless cendol and rude cashier.",1,negative,0
Delicious food,5,positive,0
"Senibina klasik Baba Nyonya yang memukau, banyak sudut bergambar menarik.",5,positive,0
Would not return to this craft studio. The steamed Nasi Dagang with tender tuna gulai was disappointing and the extremely slow and chaotic service ruined our mood.,2,negative,0
"Murah and sedap, really worth the visit for genuine foodies.",5,positive,0
"Sangat teruk, tak akan syorkan kepada sesiapa pun untuk datang.",1,negative,0
"Terrible meal. The spiced Nasi Kandar with dark squid curry and fried chicken lacked flavor and freshness, coupled with unclear information and lack of signages and cold, greasy and bland food.",1,negative,0
tak berbaloi dengan harga yang mahal dan porsi sedikit,1,negative,0
"Staf sangat biadab dan tempat kotor berdebu, tandas tidak dibersihkan.",1,negative,0
Servis mantap,5,positive,0
Such a serene and educational experience at the rooftop lounge. Impressed by reasonable and transparent prices and fast and efficient table turnover.,4,positive,0
"Cendol okay je, nothing much to shout about but cools you down.",3,neutral,0
Tempat warisan bersejarah yang sangat bermakna dan dijaga dengan rapi.,5,positive,0
"Place nice gila, staff very friendly and polite throughout our visit.",5,positive,0
Incredible historical landmark in Little India. We appreciated the freshly prepared hot food and convenient location and easy accessibility. Highly recommended!,5,positive,0
体验非常糟糕，管理混乱，完全不值得花费时间和金钱。,1,negative,0
非常棒的体验，东西很好吃，分量足且性价比很高。,5,positive,0
Incredible food experience in Balik Pulau! The UNESCO heritage indigo courtyards and feng shui architecture had unmatched authentic flavors and reasonable and transparent prices.,5,positive,0
Visited this night market bazaar in Air Itam. It offered standard basic facilities. An okay stop overall if you are nearby.,3,neutral,0
"was not terrible at all, worth a visit when in Penang",4,positive,0
Such a serene and educational experience at the bakery. Impressed by reasonable and transparent prices and fascinating cultural details and architecture.,4,positive,0
Such a serene and educational experience at the curated museum. Impressed by well organised tour activities and friendly and attentive service.,4,positive,0
Wonderful preservation of Malaysian culture in Batu Ferringhi. Noticed the very helpful and accommodating staff and truly memorable and enriching experience.,5,positive,0
"The heritage restaurant was decent. There was a relatively brief walking tour, although a moderate selection of local dishes could be improved.",3,neutral,0
"never had any issue here, consistently delicious and fresh",5,positive,0
Visited this cultural gallery in Armenian Street. It offered basic informative signage. An okay stop overall if you are nearby.,2,neutral,0
"Cendol memang mantap, authentic Penang taste so syok and refreshing!",5,positive,0
Rich in tradition and heritage. Exploring the heritage restaurant with convenient location and easy accessibility was the highlight of our trip.,1,positive,1
"was not terrible at all, worth a visit when in Penang",4,positive,0
"Authentic Malaysian taste at its best! The succulent satay skewers with thick peanut gravy in Jelutong was top tier, plus friendly and attentive service.",4,positive,0
"Food boleh la, but service a bit slow during weekend rush.",3,neutral,0
Standard experience in Butterworth. Food and service had standard basic facilities. Convenient for a short rest.,4,neutral,0
Terbaik,5,positive,0
Puas hati,5,positive,0
Such a serene and educational experience at the spice garden. Impressed by clear and engaging historical explanations and comfortable air-conditioned seating.,5,positive,0
"Biasa sahaja, makanan boleh tahan tapi tiada yang begitu istimewa.",3,neutral,0
"Average taste la, standard tourist price and normal portion size.",3,neutral,0
很棒,5,positive,0
"Food sedap gila and the ambience was top notch, totally recommended!",5,positive,0
Expected rich cultural insights but was met with extremely slow and chaotic service and uncomfortable broken seating. Would not recommend.,2,negative,0
Standard experience in Gurney. Food and service had average waiting times during rush hour. Convenient for a short rest.,3,neutral,0
"Makanan enak dan harga sangat berpatutan, porsi banyak dan mengenyangkan.",5,positive,0
"Authentic Malaysian taste at its best! The piping hot Kuih Akok and traditional keropok lekor in Chinatown was top tier, plus clear and engaging historical explanations.",5,positive,0
An average stop in Teluk Bahang featuring standard basic facilities. Nothing particularly extraordinary but acceptable.,2,neutral,0
"Layanan cemerlang, rasa masakan asli turun-temurun sangat mengagumkan!",5,positive,0
"kurang memuaskan, tempat sesak dan tiada layanan langsung",2,negative,0
"Terrible meal. The steamed Nasi Dagang with tender tuna gulai lacked flavor and freshness, coupled with dirty sticky tables and unwashed utensils and noisy and stressful environment.",1,negative,0
干净卫生，上菜速度快，整体用餐体验非常满意。,4,positive,0
A breathtaking cultural stop in Bukit Mertajam! The engaging docents explaining Baba Nyonya family customs and truly memorable and enriching experience made it deeply memorable.,5,positive,0
Expected rich cultural insights but was met with dirty sticky tables and unwashed utensils and noisy and stressful environment. Would not recommend.,2,negative,0
Follow my telegram channel and message me for the best promotion code today on whatsapp,5,neutral,1
价格昂贵但质量很差，完全是坑游客的黑店，千万别来。,1,negative,0
Loved every bite of the intricate Chinese dragon wood carvings and granite courtyards. The freshly prepared hot food and convenient location and easy accessibility made our visit thoroughly enjoyable.,5,positive,0
价格昂贵但质量很差，完全是坑游客的黑店，千万别来。,1,negative,0
中规中矩，无功无过，适合路过时简单吃个便饭。,3,neutral,0
Get unlimited followers and likes fast dm on instagram @promo_bot_now,1,neutral,1
Wonderful preservation of Malaysian culture in Balik Pulau. Noticed the friendly and attentive service and rich authentic flavors.,4,positive,0
Wonderful preservation of Malaysian culture in Chinatown. Noticed the truly memorable and enriching experience and clear and engaging historical explanations.,5,positive,0
"tidak bagus langsung, pengalaman sangat mengecewakan kami",1,negative,0
卫生条件很差，桌子油腻腻的，服务态度傲慢无礼。,1,negative,0
食物新鲜美味，老板很热情好客，五星好评！,5,positive,0
Wonderful preservation of Malaysian culture in Chinatown. Noticed the reasonable and transparent prices and comfortable air-conditioned seating.,2,positive,1
tak puas hati dengan layanan pekerja yang pemalas,1,negative,0
"tidak bersih dan meja melekit, rasa loya nak makan",1,negative,0
"Makanan sangat sedap dan staf peramah, layanan terbaik tiada tandingan!",5,positive,0
The hand-drawn street art murals and vibrant artisan crafts was tasteless and overpriced. The limited food options with many items out of stock made the dining experience unbearable.,1,negative,0
马马虎虎，算是一个普通的打卡景点吧，顺路可以看看。,3,neutral,0
Get unlimited followers and likes fast dm on instagram @promo_bot_now,2,neutral,1
Such a serene and educational experience at the bakery. Impressed by convenient location and easy accessibility and authentic traditional recipes.,5,positive,0
Excellent service,5,positive,0
"Authentic Malaysian taste at its best! The steamed Nasi Dagang with tender tuna gulai in Little India was top tier, plus friendly and attentive service.",1,positive,1
"Murah and sedap, really worth the visit for genuine foodies.",5,positive,0
"A must-try culinary gem in Air Itam. The piping hot Kuih Akok and traditional keropok lekor was fresh and delicious, accompanied by reasonable and transparent prices.",5,positive,0
Place quite nice for photos but parking susah gila around here.,3,neutral,0
Not worth the entrance fee or trip to Little India. The main issue was rude and arrogant staff attitudes with extremely slow and chaotic service.,4,negative,1
"Kuah kari cair dan tawar, nasi keras macam tak masak elok.",1,negative,0
Visit my website https://example-deals.com for cheap packages and free gifts,2,neutral,1
Get unlimited followers and likes fast dm on instagram @promo_bot_now,5,neutral,1
"Tempat panas dan tidak selesa, kipas rosak dan staf buat endah tak endah.",1,negative,0
tidak sedap dan staf sangat biadab bila pelanggan tanya,1,negative,0
"Staf sangat biadab dan tempat kotor berdebu, tandas tidak dibersihkan.",1,negative,0
Rich in tradition and heritage. Exploring the coastal cafe with generous portion sizes was the highlight of our trip.,5,positive,0
not worth the price or the long queue under the hot sun,1,negative,0
Lokasi strategik dan tempat menarik untuk pelancong yang sukakan seni warisan.,4,positive,0
Rich in tradition and heritage. Exploring the kopitiam with clean and well-maintained environment was the highlight of our trip.,5,positive,0
Loved every bite of the Char Kway Teow with duck egg and wok hei. The beautiful aesthetic presentation and reasonable and transparent prices made our visit thoroughly enjoyable.,5,positive,0
味道一般般，没有网络上吹捧得那么惊艳。,3,neutral,0
"Mantap gila place, very instagrammable and peaceful to chill out.",4,positive,0
"Servis sangat pantas dan mesra, makanan panas dan segar dari dapur.",5,positive,0
Buy now limited offer discount discount discount contact me for free vouchers,4,neutral,1
"Kuah kari cair dan tawar, nasi keras macam tak masak elok.",1,negative,0
"tak sedap langsung, makanan sejuk dan masin melampau",1,negative,0
"Terrible meal. The engaging docents explaining Baba Nyonya family customs lacked flavor and freshness, coupled with noisy and stressful environment and uncomfortable broken seating.",1,negative,0
"Authentic Malaysian taste at its best! The UNESCO heritage indigo courtyards and feng shui architecture in Bukit Mertajam was top tier, plus fascinating cultural details and architecture.",4,positive,0
"Murah and sedap, really worth the visit for genuine foodies.",5,positive,0
Buy now limited offer discount discount discount contact me for free vouchers,5,neutral,1
Rich in tradition and heritage. Exploring the nasi kandar stall with friendly and attentive service was the highlight of our trip.,5,positive,0
Sangat mengecewakan dan tidak berbaloi dengan harga tiket yang mahal.,1,negative,0
"The baba nyonya mansion was decent. There was standard kopitiam ambiance, although acceptable food quality for the price could be improved.",4,neutral,0
"Food boleh la, but service a bit slow during weekend rush.",3,neutral,0
非常棒的体验，东西很好吃，分量足且性价比很高。,5,positive,0
"Yam rice soup damn solid bro, salted vege duck soup so comforting!",5,positive,0
Loved every bite of the freshly steamed Hainanese Kaya butter toast and kampung eggs. The beautiful aesthetic presentation and reasonable and transparent prices made our visit thoroughly enjoyable.,5,positive,0
"Service damn slow, food pun biasa je and overpriced for tourists.",1,negative,0
体验非常糟糕，管理混乱，完全不值得花费时间和金钱。,1,negative,0
Very disappointed with the Char Kway Teow with duck egg and wok hei at this street mural spot in Chinatown. We encountered grossly overpriced tourist trap pricing and noisy and stressful environment.,4,negative,1
Poorly maintained heritage kopitiam in Tanjung Bungah. Encountered grossly overpriced tourist trap pricing and noisy and stressful environment.,1,negative,0
食物不新鲜，吃完回去肚子不舒服，卫生令人担忧。,1,negative,0
Visited this baba nyonya mansion in Batu Ferringhi. It offered a relatively brief walking tour. An okay stop overall if you are nearby.,2,neutral,0
"Wait so long for cold food, totally tak worth it and bad mood.",1,negative,0
Tempat warisan bersejarah yang sangat bermakna dan dijaga dengan rapi.,5,positive,0
asdf qwer zxcv lorem ipsum random review text asdf zxcv,3,neutral,1
The freshly steamed Hainanese Kaya butter toast and kampung eggs at this kopitiam in Butterworth was absolutely outstanding! Loved the very helpful and accommodating staff and convenient location and easy accessibility.,5,positive,0
Visited this bakery in Bayan Lepas. It offered standard kopitiam ambiance. An okay stop overall if you are nearby.,3,neutral,0
"Overrated gila, queue one hour for tasteless cendol and rude cashier.",1,negative,0
A breathtaking cultural stop in Gurney! The freshly steamed Hainanese Kaya butter toast and kampung eggs and convenient location and easy accessibility made it deeply memorable.,4,positive,0
Wonderful preservation of Malaysian culture in Butterworth. Noticed the friendly and attentive service and well organised tour activities.,2,positive,1
Disappointing visit to this kopitiam. Felt neglected with dirty sticky tables and unwashed utensils and very poor visitor guidance.,5,negative,1
Sangat mengecewakan dan tidak berbaloi dengan harga tiket yang mahal.,1,negative,0
卫生条件很差，桌子油腻腻的，服务态度傲慢无礼。,1,negative,0
"Nothing special la, can try once if you are walking nearby.",3,neutral,0
Incredible food experience in George Town! The piping hot Kuih Akok and traditional keropok lekor had unmatched authentic flavors and authentic traditional recipes.,2,positive,1
"Mantap gila place, very instagrammable and peaceful to chill out.",4,positive,0
Hancur,1,negative,0
Disappointing visit to this rooftop lounge. Felt neglected with noisy and stressful environment and very poor visitor guidance.,2,negative,0
环境优美古色古香，员工很有礼貌，值得带家人再来。,5,positive,0
炒粿条镬气十足，鸭蛋香味浓郁，虾肉新鲜弹牙！,5,positive,0
Hancur,1,negative,0
Expected rich cultural insights but was met with stale ingredients lacking freshness and unclear information and lack of signages. Would not recommend.,2,negative,0
The majestic 272 steps and cathedral limestone caves at this street mural spot in Armenian Street was absolutely outstanding! Loved the comfortable air-conditioned seating and very helpful and accommodating staff.,5,positive,0
"tak rugi langsung cuba laksa nyonya kat sini, sedap terangkat",5,positive,0
又贵又难吃，环境脏乱差，给一颗星都嫌多！,1,negative,0
Get unlimited followers and likes fast dm on instagram @promo_bot_now,3,neutral,1
Terrible,1,negative,0
食物普通，环境还可以，价格算中规中矩。,3,neutral,0
Such a serene and educational experience at the satay stall. Impressed by clear and engaging historical explanations and well organised tour activities.,1,positive,1
"Pengurusan sangat lemah, beratur panjang tanpa penerangan jelas.",1,negative,0
"Pilihan kuih agak terhad waktu petang, tetapi rasanya boleh dimakan.",3,neutral,0
Amazing amazing amazing amazing amazing amazing amazing amazing,5,positive,1
"The colonial fort was decent. There was average waiting times during rush hour, although decent place for a quick photo stop could be improved.",2,neutral,0
Expected rich cultural insights but was met with unclear information and lack of signages and over an hour waiting time for simple orders. Would not recommend.,2,negative,0
"Expected rich cultural insights but was met with cold, greasy and bland food and dirty sticky tables and unwashed utensils. Would not recommend.",2,negative,0
Expected rich cultural insights but was met with over an hour waiting time for simple orders and poor crowd management and disorganised queues. Would not recommend.,1,negative,0
食物普通，环境还可以，价格算中规中矩。,3,neutral,0
"not acceptable hygiene, found flies in the dining area",1,negative,0
"tidak mengecewakan, tempat bersejarah yang menarik dan bersih",4,positive,0
"Makanan sangat sedap dan staf peramah, layanan terbaik tiada tandingan!",5,positive,0
非常失望，排队一个多小时结果食物是冷的而且很难吃。,1,negative,0
Worst meal,1,negative,0
Claim your free 500 dollar hotel voucher at http://scam-promo.com right now!,1,neutral,1
卫生条件很差，桌子油腻腻的，服务态度傲慢无礼。,1,negative,0
Expected rich cultural insights but was met with poor crowd management and disorganised queues and grossly overpriced tourist trap pricing. Would not recommend.,1,negative,0
"Overhyped tourist stop in Teluk Bahang. The authentic Peranakan Nyonya Laksa was cold, and we had to endure unclear information and lack of signages.",2,negative,0
Wonderful preservation of Malaysian culture in Balik Pulau. Noticed the friendly and attentive service and authentic traditional recipes.,4,positive,0
"Lekor panas-panas, best gila wei! Must try if you come here!",5,positive,0
Sangat berpuas hati dengan kebersihan dan keramahan pekerja di sini.,5,positive,0
"Cendol memang mantap, authentic Penang taste so syok and refreshing!",5,positive,0
Very good place,5,positive,0
"tak pernah rasa cendol sesedap ini, santan pekat manis sedang elok",5,positive,0
"Senibina klasik Baba Nyonya yang memukau, banyak sudut bergambar menarik.",5,positive,0
Fair experience overall with an ordinary tourist stop without surprises. Suits travelers who just want a brief stop.,3,neutral,0
A breathtaking cultural stop in Tanjung Bungah! The spiced Nasi Kandar with dark squid curry and fried chicken and beautiful aesthetic presentation made it deeply memorable.,4,positive,0
Not worth the entrance fee or trip to Jelutong. The main issue was confusing ordering process with dirty sticky tables and unwashed utensils.,1,negative,0
难吃,1,negative,0
"Mantap gila place, very instagrammable and peaceful to chill out.",4,positive,0
"Sederhana sahaja, sesuai untuk singgah sebentar jika lalu di kawasan ini.",3,neutral,0
Standard experience in Bayan Lepas. Food and service had standard kopitiam ambiance. Convenient for a short rest.,3,neutral,0
"Sederhana sahaja, sesuai untuk singgah sebentar jika lalu di kawasan ini.",3,neutral,0
"tak pernah rasa cendol sesedap ini, santan pekat manis sedang elok",5,positive,0
"Waited 45 mins just for one plate of fried noodles, never again!",1,negative,0
Loved every bite of the spiced Nasi Kandar with dark squid curry and fried chicken. The rich authentic flavors and convenient location and easy accessibility made our visit thoroughly enjoyable.,4,positive,0
"Pengalaman standard, harga sederhana dan servis bersahaja.",3,neutral,0
非常棒的体验，东西很好吃，分量足且性价比很高。,5,positive,0
Wonderful preservation of Malaysian culture in Armenian Street. Noticed the clear and engaging historical explanations and comfortable air-conditioned seating.,4,positive,0
Lokasi strategik dan tempat menarik untuk pelancong yang sukakan seni warisan.,4,positive,0
"Pilihan kuih agak terhad waktu petang, tetapi rasanya boleh dimakan.",3,neutral,0
"Pengalaman standard, harga sederhana dan servis bersahaja.",3,neutral,0
A breathtaking cultural stop in Armenian Street! The authentic Peranakan Nyonya Laksa and clean and well-maintained environment made it deeply memorable.,5,positive,0
"Poorly maintained heritage curated museum in George Town. Encountered stale ingredients lacking freshness and cold, greasy and bland food.",1,negative,0
"Dirty tables everywhere, damn disgusting experience and smelly toilet.",1,negative,0
"tidak selesa dan sangat bising, pengurusan teruk",2,negative,0
Loved every bite of the spiced Nasi Kandar with dark squid curry and fried chicken. The authentic traditional recipes and freshly prepared hot food made our visit thoroughly enjoyable.,4,positive,0
Free bitcoin giveaway click http://crypto-win.xyz fast before ended,3,neutral,1
Service tip top and food comes super fast. Truly steady la!,5,positive,0
"Nasi lemak bungkus sambal padu, aroma daun pisang wangian asli.",5,positive,0
Such a serene and educational experience at the bakery. Impressed by beautiful aesthetic presentation and authentic traditional recipes.,5,positive,0
An average stop in Campbell Street featuring an ordinary tourist stop without surprises. Nothing particularly extraordinary but acceptable.,3,neutral,0
极其恶劣的体验，千万别来浪费宝贵的旅游假期。,1,negative,0
Tempat yang cantik dan sangat berbaloi untuk dikunjungi bersama keluarga.,5,positive,0
Terrible,1,negative,0
"Overhyped tourist stop in Butterworth. The freshly steamed Hainanese Kaya butter toast and kampung eggs was cold, and we had to endure noisy and stressful environment.",1,negative,0
Poorly maintained heritage kopitiam in George Town. Encountered extremely slow and chaotic service and grossly overpriced tourist trap pricing.,1,negative,0
态度差,1,negative,0
A breathtaking cultural stop in Bukit Mertajam! The majestic 272 steps and cathedral limestone caves and beautiful aesthetic presentation made it deeply memorable.,5,positive,0
"Terrible meal. The intricate Chinese dragon wood carvings and granite courtyards lacked flavor and freshness, coupled with noisy and stressful environment and stale ingredients lacking freshness.",4,negative,1
"kurang memuaskan, tempat sesak dan tiada layanan langsung",2,negative,0
"tidak selesa dan sangat bising, pengurusan teruk",2,negative,0
"Biasa sahaja, makanan boleh tahan tapi tiada yang begitu istimewa.",3,neutral,0
"Very bad experience la, rugi duit and time wasted sitting there.",1,negative,0
Standard experience in Gurney. Food and service had acceptable food quality for the price. Convenient for a short rest.,2,neutral,0
"Makan not nice, price mahal gila and staff sombong nak mampus.",1,negative,0
"Murah and sedap, really worth the visit for genuine foodies.",5,positive,0
食物很难吃，服务员态度极差，完全不推荐大家来踩雷！,1,negative,0
tak berbaloi dengan harga yang mahal dan porsi sedikit,1,negative,0
马马虎虎，算是一个普通的打卡景点吧，顺路可以看看。,3,neutral,0
非常棒的古迹景点，建筑与壁画保存得非常完善。,5,positive,0
整体还行，周末游客比较多，稍微有点拥挤。,3,neutral,0
Harga mahal melampau tapi kualiti teruk dan mengecewakan selera.,1,negative,0
Bad bad bad bad bad bad bad bad bad bad bad,4,negative,1
"Staff very rude, tempat kotor gila potong stim bila nak makan.",1,negative,0
"Staf sangat biadab dan tempat kotor berdebu, tandas tidak dibersihkan.",1,negative,0
"tak mengecewakan, makanan sedap dan servis bagus sangat",5,positive,0
Expected rich cultural insights but was met with extremely slow and chaotic service and unclear information and lack of signages. Would not recommend.,4,negative,1
"Overhyped tourist stop in Teluk Bahang. The authentic Peranakan Nyonya Laksa was cold, and we had to endure unclear information and lack of signages.",5,negative,1
11111111111 222222222 33333333333 discount call now,3,neutral,1
非常棒的体验，东西很好吃，分量足且性价比很高。,5,positive,0
"A must-try culinary gem in Teluk Bahang. The crispy Roti Canai with aromatic dhal and mutton curry was fresh and delicious, accompanied by beautiful aesthetic presentation.",5,positive,0
"Terrible meal. The steamed Nasi Dagang with tender tuna gulai lacked flavor and freshness, coupled with extremely slow and chaotic service and grossly overpriced tourist trap pricing.",1,negative,0
"Pengurusan sangat lemah, beratur panjang tanpa penerangan jelas.",1,negative,0
Best stop for local food lovers. The fragrant BM Yam Rice with salted vegetable duck soup exceeded expectations with generous portion sizes. Will come back!,5,positive,0
Harga cekik darah! Kena caj tersembunyi yang langsung tak masuk akal.,1,negative,0
"Okay la, not bad and not super good either. Standard standard.",3,neutral,0
"A must-try culinary gem in Bukit Mertajam. The serene coastal breeze and golden sunset views was fresh and delicious, accompanied by clear and engaging historical explanations.",2,positive,1
Bad bad bad bad bad bad bad bad bad bad bad,5,negative,1
"I don't hate it, in fact the experience was quite good and authentic",4,positive,0
极其恶劣的体验，千万别来浪费宝贵的旅游假期。,1,negative,0
"Pengalaman yang sangat memuaskan, tempat warisan terpelihara dengan indah.",5,positive,0
Incredible historical landmark in Bukit Mertajam. We appreciated the fast and efficient table turnover and friendly and attentive service. Highly recommended!,5,positive,0
非常棒的古迹景点，建筑与壁画保存得非常完善。,5,positive,0
"tak best langsung, rugi masa dan duit datang jauh-jauh",1,negative,0
"Staff very rude, tempat kotor gila potong stim bila nak makan.",1,negative,0
Loved every bite of the hand-drawn street art murals and vibrant artisan crafts. The fast and efficient table turnover and beautiful aesthetic presentation made our visit thoroughly enjoyable.,4,positive,0
Puas hati,5,positive,0
Harga mahal melampau tapi kualiti teruk dan mengecewakan selera.,1,negative,0
"tidak rugi datang sini, sangat berbaloi dengan harganya",5,positive,0
"Sangat teruk, tak akan syorkan kepada sesiapa pun untuk datang.",1,negative,0
"Keropok lekor panas gebu, sos pencicah manis pedas memang ngam.",5,positive,0
Visited this nasi kandar stall in Gurney. It offered standard kopitiam ambiance. An okay stop overall if you are nearby.,3,neutral,0
Very disappointed with the piping hot Kuih Akok and traditional keropok lekor at this bakery in Air Itam. We encountered confusing ordering process and extremely slow and chaotic service.,2,negative,0
太脏了,1,negative,0
Excellent service,5,positive,0
"tidak menghampakan, layanan staf sangat mesra dan prihatin",5,positive,0
Terbaik,5,positive,0
Such a serene and educational experience at the heritage restaurant. Impressed by clear and engaging historical explanations and reasonable and transparent prices.,4,positive,0
Pemandangan indah dan staf banyak membantu memberi penerangan sejarah.,5,positive,0
Bad bad bad bad bad bad bad bad bad bad bad,3,negative,1
"A must-try culinary gem in George Town. The Char Kway Teow with duck egg and wok hei was fresh and delicious, accompanied by friendly and attentive service.",5,positive,0
"Authentic Malaysian taste at its best! The fragrant BM Yam Rice with salted vegetable duck soup in Butterworth was top tier, plus well organised tour activities.",4,positive,0
物超所值，值得推荐给所有来马来西亚旅游的朋友。,5,positive,0
"Tempat panas dan tidak selesa, kipas rosak dan staf buat endah tak endah.",1,negative,0
"Pengalaman standard, harga sederhana dan servis bersahaja.",3,neutral,0
"Super nice heritage vibes, staff helpful gila and knowledgeable.",5,positive,0
Very good place,5,positive,0
Tempat cantik,5,positive,0
中规中矩，无功无过，适合路过时简单吃个便饭。,3,neutral,0
Get unlimited followers and likes fast dm on instagram @promo_bot_now,2,neutral,1
"Kuah kari cair dan tawar, nasi keras macam tak masak elok.",1,negative,0
Buy now limited offer discount discount discount contact me for free vouchers,3,neutral,1
"The rooftop lounge was decent. There was acceptable food quality for the price, although basic informative signage could be improved.",3,neutral,0
Fair experience overall with a moderate selection of local dishes. Suits travelers who just want a brief stop.,3,neutral,0
The engaging docents explaining Baba Nyonya family customs at this heritage restaurant in Chinatown was absolutely outstanding! Loved the rich authentic flavors and generous portion sizes.,1,positive,1
"Expected rich cultural insights but was met with cold, greasy and bland food and poor crowd management and disorganised queues. Would not recommend.",5,negative,1
价格昂贵但质量很差，完全是坑游客的黑店，千万别来。,1,negative,0
"Makanan tak sedap dan servis sangat lambat, kami tunggu hampir sejam.",1,negative,0
Standard experience in Jelutong. Food and service had average waiting times during rush hour. Convenient for a short rest.,3,neutral,0
"not acceptable hygiene, found flies in the dining area",1,negative,0
"Kuah kari cair dan tawar, nasi keras macam tak masak elok.",1,negative,0
Loved every bite of the intricate Chinese dragon wood carvings and granite courtyards. The clean and well-maintained environment and comfortable air-conditioned seating made our visit thoroughly enjoyable.,4,positive,0
Would not return to this bakery. The crispy Roti Canai with aromatic dhal and mutton curry was disappointing and the stale ingredients lacking freshness ruined our mood.,5,negative,1
Free bitcoin giveaway click http://crypto-win.xyz fast before ended,1,neutral,1
食物普通，环境还可以，价格算中规中矩。,3,neutral,0
Very disappointed with the piping hot Kuih Akok and traditional keropok lekor at this baba nyonya mansion in Campbell Street. We encountered unclear information and lack of signages and poor crowd management and disorganised queues.,5,negative,1
Lokasi strategik dan tempat menarik untuk pelancong yang sukakan seni warisan.,4,positive,0
"Nasi lemak bungkus sambal padu, aroma daun pisang wangian asli.",5,positive,0
Mantap,5,positive,0
干净卫生，上菜速度快，整体用餐体验非常满意。,4,positive,0
"A must-try culinary gem in Chinatown. The Char Kway Teow with duck egg and wok hei was fresh and delicious, accompanied by clean and well-maintained environment.",5,positive,0
"Sederhana sahaja, sesuai untuk singgah sebentar jika lalu di kawasan ini.",3,neutral,0
Loved every bite of the piping hot Kuih Akok and traditional keropok lekor. The freshly prepared hot food and fast and efficient table turnover made our visit thoroughly enjoyable.,5,positive,0
Get unlimited followers and likes fast dm on instagram @promo_bot_now,1,neutral,1
"Makanan tak sedap dan servis sangat lambat, kami tunggu hampir sejam.",1,negative,0
"Food boleh la, but service a bit slow during weekend rush.",3,neutral,0
Would not return to this nature trail. The serene coastal breeze and golden sunset views was disappointing and the grossly overpriced tourist trap pricing ruined our mood.,2,negative,0
食物非常好吃，服务态度很亲切，非常推荐大家来尝试！,5,positive,0
Very disappointing,1,negative,0
Loved the view,5,positive,0
"tak mesra langsung, staf buat muka masam dan campak menu",1,negative,0
11111111111 222222222 33333333333 discount call now,2,neutral,1
Loved every bite of the hand-drawn street art murals and vibrant artisan crafts. The reasonable and transparent prices and rich authentic flavors made our visit thoroughly enjoyable.,5,positive,0
物超所值，值得推荐给所有来马来西亚旅游的朋友。,5,positive,0
推荐,5,positive,0
非常棒的体验，东西很好吃，分量足且性价比很高。,5,positive,0
Super nice,5,positive,0
"Layanan cemerlang, rasa masakan asli turun-temurun sangat mengagumkan!",5,positive,0
"not bad la, food sedap and price okay for family",4,positive,0
"Authentic Malaysian taste at its best! The engaging docents explaining Baba Nyonya family customs in Air Itam was top tier, plus rich authentic flavors.",5,positive,0
Tempat kotor,1,negative,0
"Dirty tables everywhere, damn disgusting experience and smelly toilet.",1,negative,0
Very tasty,5,positive,0
Terbaik,5,positive,0
Incredible food experience in Teluk Bahang! The creamy Cendol with fresh coconut milk and Gula Melaka had unmatched authentic flavors and well organised tour activities.,5,positive,0
"Not worth the entrance fee or trip to Jelutong. The main issue was cold, greasy and bland food with confusing ordering process.",5,negative,1
Sangat mengecewakan dan tidak berbaloi dengan harga tiket yang mahal.,1,negative,0
Tempat yang cantik dan sangat berbaloi untuk dikunjungi bersama keluarga.,5,positive,0
食物不新鲜，吃完回去肚子不舒服，卫生令人担忧。,1,negative,0
"Place nice gila, staff very friendly and polite throughout our visit.",5,positive,0
Lokasi strategik dan tempat menarik untuk pelancong yang sukakan seni warisan.,4,positive,0
Wonderful preservation of Malaysian culture in Batu Ferringhi. Noticed the very helpful and accommodating staff and beautiful aesthetic presentation.,4,positive,0
not worth the price or the long queue under the hot sun,1,negative,0
Standard experience in Jelutong. Food and service had an ordinary tourist stop without surprises. Convenient for a short rest.,3,neutral,0
非常棒的古迹景点，建筑与壁画保存得非常完善。,5,positive,0
Loved every bite of the engaging docents explaining Baba Nyonya family customs. The convenient location and easy accessibility and beautiful aesthetic presentation made our visit thoroughly enjoyable.,1,positive,1
"Nasi lemak bungkus sambal padu, aroma daun pisang wangian asli.",5,positive,0
Expected rich cultural insights but was met with unclear information and lack of signages and dirty sticky tables and unwashed utensils. Would not recommend.,1,negative,0
"Cendol okay je, nothing much to shout about but cools you down.",3,neutral,0
A breathtaking cultural stop in Gurney! The fragrant BM Yam Rice with salted vegetable duck soup and authentic traditional recipes made it deeply memorable.,5,positive,0
Best stop for local food lovers. The majestic 272 steps and cathedral limestone caves exceeded expectations with freshly prepared hot food. Will come back!,5,positive,0
The crispy Roti Canai with aromatic dhal and mutton curry at this nasi kandar stall in Teluk Bahang was absolutely outstanding! Loved the clear and engaging historical explanations and reasonable and transparent prices.,4,positive,0
"tidak bagus langsung, pengalaman sangat mengecewakan kami",1,negative,0
Buy now limited offer discount discount discount contact me for free vouchers,5,neutral,1
Amazing amazing amazing amazing amazing amazing amazing amazing,2,positive,1
Expected rich cultural insights but was met with poor crowd management and disorganised queues and noisy and stressful environment. Would not recommend.,4,negative,1
tak berbaloi dengan harga yang mahal dan porsi sedikit,1,negative,0
"tidak bersih dan meja melekit, rasa loya nak makan",1,negative,0
中规中矩，无功无过，适合路过时简单吃个便饭。,3,neutral,0
"Murah and sedap, really worth the visit for genuine foodies.",5,positive,0
Incredible historical landmark in Little India. We appreciated the convenient location and easy accessibility and truly memorable and enriching experience. Highly recommended!,5,positive,0
"Biasa sahaja, makanan boleh tahan tapi tiada yang begitu istimewa.",3,neutral,0
价格昂贵但质量很差，完全是坑游客的黑店，千万别来。,1,negative,0
Wonderful preservation of Malaysian culture in Batu Ferringhi. Noticed the friendly and attentive service and clean and well-maintained environment.,2,positive,1
Service tip top and food comes super fast. Truly steady la!,5,positive,0
"A must-try culinary gem in Gurney. The creamy Cendol with fresh coconut milk and Gula Melaka was fresh and delicious, accompanied by convenient location and easy accessibility.",4,positive,0
Overpriced and slow,1,negative,0
差评,1,negative,0
Rich in tradition and heritage. Exploring the temple garden with fast and efficient table turnover was the highlight of our trip.,5,positive,0
"Overhyped tourist stop in Jelutong. The authentic Peranakan Nyonya Laksa was cold, and we had to endure cold, greasy and bland food.",1,negative,0
"Makanan enak dan harga sangat berpatutan, porsi banyak dan mengenyangkan.",5,positive,0
Not worth the entrance fee or trip to Armenian Street. The main issue was noisy and stressful environment with uncomfortable broken seating.,2,negative,0
"kurang memuaskan, tempat sesak dan tiada layanan langsung",2,negative,0
"no customer care at all, ignored by waiters for 40 minutes",1,negative,0
"Keropok lekor panas gebu, sos pencicah manis pedas memang ngam.",5,positive,0
"bukan sedap sangat pun, harga cekik darah untuk pelancong",1,negative,0
极其恶劣的体验，千万别来浪费宝贵的旅游假期。,1,negative,0
"Senibina klasik Baba Nyonya yang memukau, banyak sudut bergambar menarik.",5,positive,0
"tidak mengecewakan langsung, suasana sangat cantik dan tenang",5,positive,0
Wonderful preservation of Malaysian culture in Armenian Street. Noticed the rich authentic flavors and convenient location and easy accessibility.,4,positive,0
"it wasn't terrible, actually quite decent and pleasant for lunch",4,positive,0
11111111111 222222222 33333333333 discount call now,4,neutral,1
食物新鲜美味，老板很热情好客，五星好评！,5,positive,0
Sangat mengecewakan dan tidak berbaloi dengan harga tiket yang mahal.,1,negative,0
Not worth the entrance fee or trip to Batu Ferringhi. The main issue was stale ingredients lacking freshness with limited food options with many items out of stock.,1,negative,0
Incredible food experience in Little India! The majestic 272 steps and cathedral limestone caves had unmatched authentic flavors and rich authentic flavors.,5,positive,0
Expected rich cultural insights but was met with uncomfortable broken seating and rude and arrogant staff attitudes. Would not recommend.,2,negative,0
"Char kway teow padu gila, duck egg yolk so creamy and lots of cockles!",5,positive,0
Wonderful preservation of Malaysian culture in Teluk Bahang. Noticed the rich authentic flavors and authentic traditional recipes.,5,positive,0
Must visit,5,positive,0
"A must-try culinary gem in Jelutong. The engaging docents explaining Baba Nyonya family customs was fresh and delicious, accompanied by fast and efficient table turnover.",5,positive,0
"Sederhana sahaja, sesuai untuk singgah sebentar jika lalu di kawasan ini.",3,neutral,0
"Pengalaman standard, harga sederhana dan servis bersahaja.",3,neutral,0
"Food sedap gila and the ambience was top notch, totally recommended!",5,positive,0
Friendly staff,5,positive,0
Great experience,5,positive,0
Place quite nice for photos but parking susah gila around here.,3,neutral,0
"tidak menghampakan, layanan staf sangat mesra dan prihatin",5,positive,0
Visited this coastal cafe in Campbell Street. It offered a relatively brief walking tour. An okay stop overall if you are nearby.,4,neutral,0
"Overhyped tourist stop in Bukit Mertajam. The engaging docents explaining Baba Nyonya family customs was cold, and we had to endure confusing ordering process.",5,negative,1
文化底蕴深厚，讲解员解说很清楚，很有收获的文化之旅。,5,positive,0
"Biasa sahaja, makanan boleh tahan tapi tiada yang begitu istimewa.",3,neutral,0
"tak bagus, servis lambat gila dan tempat berbau hapak",1,negative,0
"Pengalaman standard, harga sederhana dan servis bersahaja.",3,neutral,0
管理混乱，排队毫无秩序，态度极其恶劣差劲。,1,negative,0
炒粿条镬气十足，鸭蛋香味浓郁，虾肉新鲜弹牙！,5,positive,0
Would not return to this bakery. The majestic 272 steps and cathedral limestone caves was disappointing and the grossly overpriced tourist trap pricing ruined our mood.,2,negative,0
"Cendol pulut terbaik di George Town, manis berlemak santan segar.",5,positive,0
"Roti canai crispy gila, kuah kari pekat sedap terangkat!",5,positive,0
"Wait so long for cold food, totally tak worth it and bad mood.",1,negative,0
Loved every bite of the intricate Chinese dragon wood carvings and granite courtyards. The friendly and attentive service and truly memorable and enriching experience made our visit thoroughly enjoyable.,4,positive,0
味道一般般，没有网络上吹捧得那么惊艳。,3,neutral,0
"Roti canai crispy gila, kuah kari pekat sedap terangkat!",5,positive,0
"Nasi lemak bungkus sambal padu, aroma daun pisang wangian asli.",5,positive,0
Fair experience overall with standard basic facilities. Suits travelers who just want a brief stop.,3,neutral,0
Incredible food experience in Chinatown! The intricate Chinese dragon wood carvings and granite courtyards had unmatched authentic flavors and freshly prepared hot food.,5,positive,0
The piping hot Kuih Akok and traditional keropok lekor was tasteless and overpriced. The over an hour waiting time for simple orders made the dining experience unbearable.,1,negative,0
Incredible historical landmark in Bukit Mertajam. We appreciated the comfortable air-conditioned seating and freshly prepared hot food. Highly recommended!,5,positive,0
Visit my website https://example-deals.com for cheap packages and free gifts,2,neutral,1
煎蕊红豆绵密，椰糖香浓正宗，正宗槟城老字号风味！,5,positive,0
"Service damn slow, food pun biasa je and overpriced for tourists.",1,negative,0
Bad food,1,negative,0
"Terrible meal. The UNESCO heritage indigo courtyards and feng shui architecture lacked flavor and freshness, coupled with poor crowd management and disorganised queues and unclear information and lack of signages.",1,negative,0
Visited this spice garden in Chinatown. It offered an ordinary tourist stop without surprises. An okay stop overall if you are nearby.,3,neutral,0
Tempat yang cantik dan sangat berbaloi untuk dikunjungi bersama keluarga.,5,positive,0
Service tip top and food comes super fast. Truly steady la!,5,positive,0
"Roti canai crispy gila, kuah kari pekat sedap terangkat!",5,positive,0
"Very disappointed with the fragrant BM Yam Rice with salted vegetable duck soup at this nasi kandar stall in Bayan Lepas. We encountered cold, greasy and bland food and dirty sticky tables and unwashed utensils.",2,negative,0
中规中矩，无功无过，适合路过时简单吃个便饭。,3,neutral,0
"tak segar langsung lauk pauk, rasa macam makanan semalam",1,negative,0
Tak sedap,1,negative,0
Claim your free 500 dollar hotel voucher at http://scam-promo.com right now!,2,neutral,1
Loved every bite of the spiced Nasi Kandar with dark squid curry and fried chicken. The beautiful aesthetic presentation and convenient location and easy accessibility made our visit thoroughly enjoyable.,4,positive,0
"Pilihan kuih agak terhad waktu petang, tetapi rasanya boleh dimakan.",3,neutral,0
Follow my telegram channel and message me for the best promotion code today on whatsapp,4,neutral,1
Very tasty,5,positive,0
Avoid this,1,negative,0
A breathtaking cultural stop in Campbell Street! The serene coastal breeze and golden sunset views and authentic traditional recipes made it deeply memorable.,5,positive,0
Worst meal,1,negative,0
Incredible food experience in Gurney! The freshly steamed Hainanese Kaya butter toast and kampung eggs had unmatched authentic flavors and convenient location and easy accessibility.,4,positive,0
"Overhyped tourist stop in Campbell Street. The majestic 272 steps and cathedral limestone caves was cold, and we had to endure extremely slow and chaotic service.",1,negative,0
"not good, very rude staff and dirty tables everywhere",1,negative,0
"Layanan buruk, pekerja malas dan tempat tidak terurus langsung.",1,negative,0
11111111111 222222222 33333333333 discount call now,2,neutral,1
"Mantap gila place, very instagrammable and peaceful to chill out.",4,positive,0
Visited this craft studio in Armenian Street. It offered a relatively brief walking tour. An okay stop overall if you are nearby.,4,neutral,0
The piping hot Kuih Akok and traditional keropok lekor at this temple garden in Balik Pulau was absolutely outstanding! Loved the comfortable air-conditioned seating and beautiful aesthetic presentation.,2,positive,1
"Terrible meal. The spiced Nasi Kandar with dark squid curry and fried chicken lacked flavor and freshness, coupled with grossly overpriced tourist trap pricing and unclear information and lack of signages.",2,negative,0
Loved the view,5,positive,0
"Overhyped tourist stop in Bayan Lepas. The piping hot Kuih Akok and traditional keropok lekor was cold, and we had to endure cramped and poorly ventilated space.",2,negative,0
"Staf sangat biadab dan tempat kotor berdebu, tandas tidak dibersihkan.",1,negative,0
"Layanan cemerlang, rasa masakan asli turun-temurun sangat mengagumkan!",5,positive,0
Best stop for local food lovers. The serene coastal breeze and golden sunset views exceeded expectations with truly memorable and enriching experience. Will come back!,4,positive,0
"Okay la, not bad and not super good either. Standard standard.",3,neutral,0
非常棒的古迹景点，建筑与壁画保存得非常完善。,5,positive,0
"Very bad experience la, rugi duit and time wasted sitting there.",1,negative,0
A breathtaking cultural stop in Armenian Street! The authentic Peranakan Nyonya Laksa and clean and well-maintained environment made it deeply memorable.,4,positive,0
"Overhyped tourist stop in Balik Pulau. The UNESCO heritage indigo courtyards and feng shui architecture was cold, and we had to endure poor crowd management and disorganised queues.",4,negative,1
"Lekor panas-panas, best gila wei! Must try if you come here!",5,positive,0
"tidak bagus langsung, pengalaman sangat mengecewakan kami",1,negative,0
Visited this temple garden in Butterworth. It offered a relatively brief walking tour. An okay stop overall if you are nearby.,3,neutral,0
Fair experience overall with an ordinary tourist stop without surprises. Suits travelers who just want a brief stop.,3,neutral,0
"Kuah kari cair dan tawar, nasi keras macam tak masak elok.",1,negative,0
Harga cekik darah! Kena caj tersembunyi yang langsung tak masuk akal.,1,negative,0
Disappointing visit to this bakery. Felt neglected with confusing ordering process and very poor visitor guidance.,1,negative,0
"tidak ada masalah, urusan sangat lancar dan puas hati",5,positive,0
管理混乱，排队毫无秩序，态度极其恶劣差劲。,1,negative,0
"Waited 45 mins just for one plate of fried noodles, never again!",1,negative,0
"Keropok lekor panas gebu, sos pencicah manis pedas memang ngam.",5,positive,0
"not good, very rude staff and dirty tables everywhere",1,negative,0
服务非常慢，等了快一个小时都没人理，催单还给脸色看。,1,negative,0
"Food sedap gila and the ambience was top notch, totally recommended!",5,positive,0
asdf qwer zxcv lorem ipsum random review text asdf zxcv,4,neutral,1
"Suasana bersih, tenang dan selesa. Pasti akan datang lagi bila ke sini.",5,positive,0
Visited this tea house in Bayan Lepas. It offered a relatively brief walking tour. An okay stop overall if you are nearby.,3,neutral,0
"Tempat panas dan tidak selesa, kipas rosak dan staf buat endah tak endah.",1,negative,0
"Pilihan kuih agak terhad waktu petang, tetapi rasanya boleh dimakan.",3,neutral,0
"Overhyped tourist stop in Batu Ferringhi. The succulent satay skewers with thick peanut gravy was cold, and we had to endure cramped and poorly ventilated space.",1,negative,0
环境优美古色古香，员工很有礼貌，值得带家人再来。,5,positive,0
"tak menghampakan, memang berbaloi singgah sini makan malam",5,positive,0
食物很难吃，服务员态度极差，完全不推荐大家来踩雷！,1,negative,0
Standard experience in George Town. Food and service had standard kopitiam ambiance. Convenient for a short rest.,3,neutral,0
中规中矩，无功无过，适合路过时简单吃个便饭。,3,neutral,0
"Food sedap gila and the ambience was top notch, totally recommended!",5,positive,0
"tak menyesal datang sini, semuanya terbaik dan memuaskan",5,positive,0
Get unlimited followers and likes fast dm on instagram @promo_bot_now,3,neutral,1
The piping hot Kuih Akok and traditional keropok lekor was tasteless and overpriced. The dirty sticky tables and unwashed utensils made the dining experience unbearable.,1,negative,0
Not worth the entrance fee or trip to Balik Pulau. The main issue was dirty sticky tables and unwashed utensils with noisy and stressful environment.,2,negative,0
A breathtaking cultural stop in Armenian Street! The intricate Chinese dragon wood carvings and granite courtyards and very helpful and accommodating staff made it deeply memorable.,5,positive,0
Follow my telegram channel and message me for the best promotion code today on whatsapp,3,neutral,1
Boleh diterima tetapi perlukan penambahbaikan dari segi kemudahan awam.,3,neutral,0
Must visit,5,positive,0
"Hancur mood, cashier buat muka masam and rude when taking orders.",1,negative,0
"not bad, quite liked the food and friendly service",4,positive,0
环境优美古色古香，员工很有礼貌，值得带家人再来。,5,positive,0
Loved every bite of the Char Kway Teow with duck egg and wok hei. The clean and well-maintained environment and clear and engaging historical explanations made our visit thoroughly enjoyable.,1,positive,1
"was not bad, pretty nice spot for afternoon tea and dessert",4,positive,0
Contact +60123456789 for instant cashback and crypto promo discount vouchers,1,neutral,1
"tak sedap langsung, makanan sejuk dan masin melampau",1,negative,0
"A must-try culinary gem in Tanjung Bungah. The serene coastal breeze and golden sunset views was fresh and delicious, accompanied by convenient location and easy accessibility.",4,positive,0
"Service damn slow, food pun biasa je and overpriced for tourists.",1,negative,0
"Suasana bersih, tenang dan selesa. Pasti akan datang lagi bila ke sini.",5,positive,0
Poorly maintained heritage baba nyonya mansion in Balik Pulau. Encountered limited food options with many items out of stock and rude and arrogant staff attitudes.,1,negative,0
Very tasty,5,positive,0
Sangat berpuas hati dengan kebersihan dan keramahan pekerja di sini.,5,positive,0
Wonderful preservation of Malaysian culture in Jelutong. Noticed the clear and engaging historical explanations and reasonable and transparent prices.,4,positive,0
"Authentic Malaysian taste at its best! The UNESCO heritage indigo courtyards and feng shui architecture in Gurney was top tier, plus rich authentic flavors.",4,positive,0
马马虎虎，算是一个普通的打卡景点吧，顺路可以看看。,3,neutral,0
"Pengalaman yang sangat memuaskan, tempat warisan terpelihara dengan indah.",5,positive,0
The succulent satay skewers with thick peanut gravy at this street mural spot in Armenian Street was absolutely outstanding! Loved the comfortable air-conditioned seating and clean and well-maintained environment.,5,positive,0
非常棒的体验，东西很好吃，分量足且性价比很高。,5,positive,0
Must visit,5,positive,0
又贵又难吃，环境脏乱差，给一颗星都嫌多！,1,negative,0
Poorly maintained heritage kopitiam in Jelutong. Encountered uncomfortable broken seating and extremely slow and chaotic service.,5,negative,1
Sangat mengecewakan dan tidak berbaloi dengan harga tiket yang mahal.,1,negative,0
"Super nice heritage vibes, staff helpful gila and knowledgeable.",5,positive,0
"tidak menyesal melawat tempat ini, pengalaman menarik dan berilmu",5,positive,0
"The satay stall was decent. There was decent place for a quick photo stop, although standard kopitiam ambiance could be improved.",3,neutral,0
Not worth the entrance fee or trip to Teluk Bahang. The main issue was unclear information and lack of signages with stale ingredients lacking freshness.,1,negative,0
"A must-try culinary gem in Teluk Bahang. The hand-drawn street art murals and vibrant artisan crafts was fresh and delicious, accompanied by clean and well-maintained environment.",5,positive,0
Get unlimited followers and likes fast dm on instagram @promo_bot_now,5,neutral,1
"Expected rich cultural insights but was met with cold, greasy and bland food and extremely slow and chaotic service. Would not recommend.",1,negative,0
Best stop for local food lovers. The serene coastal breeze and golden sunset views exceeded expectations with reasonable and transparent prices. Will come back!,4,positive,0
"Cendol pulut terbaik di George Town, manis berlemak santan segar.",5,positive,0
11111111111 222222222 33333333333 discount call now,3,neutral,1
Would not return to this kopitiam. The crispy Roti Canai with aromatic dhal and mutton curry was disappointing and the uncomfortable broken seating ruined our mood.,1,negative,0
Such a serene and educational experience at the bakery. Impressed by beautiful aesthetic presentation and fast and efficient table turnover.,5,positive,0
味道一般般，没有网络上吹捧得那么惊艳。,3,neutral,0
Best stop for local food lovers. The creamy Cendol with fresh coconut milk and Gula Melaka exceeded expectations with authentic traditional recipes. Will come back!,5,positive,0
马马虎虎，算是一个普通的打卡景点吧，顺路可以看看。,3,neutral,0
Best stop for local food lovers. The UNESCO heritage indigo courtyards and feng shui architecture exceeded expectations with beautiful aesthetic presentation. Will come back!,1,positive,1
"tak best langsung, rugi masa dan duit datang jauh-jauh",1,negative,0
"A must-try culinary gem in Air Itam. The majestic 272 steps and cathedral limestone caves was fresh and delicious, accompanied by freshly prepared hot food.",2,positive,1
"Terrible meal. The creamy Cendol with fresh coconut milk and Gula Melaka lacked flavor and freshness, coupled with grossly overpriced tourist trap pricing and cold, greasy and bland food.",1,negative,0
Lokasi strategik dan tempat menarik untuk pelancong yang sukakan seni warisan.,4,positive,0
"Tandas kotor dan bau busuk menyengat, makanan pun rasa basi.",1,negative,0
"tak bagus, servis lambat gila dan tempat berbau hapak",1,negative,0
非常失望，排队一个多小时结果食物是冷的而且很难吃。,1,negative,0
"Kuah kari cair dan tawar, nasi keras macam tak masak elok.",1,negative,0
Pemandangan indah dan staf banyak membantu memberi penerangan sejarah.,5,positive,0
"was not terrible at all, worth a visit when in Penang",4,positive,0
"Waited 45 mins just for one plate of fried noodles, never again!",1,negative,0
Terrible,1,negative,0
"Authentic Malaysian taste at its best! The steamed Nasi Dagang with tender tuna gulai in Tanjung Bungah was top tier, plus reasonable and transparent prices.",4,positive,0
The majestic 272 steps and cathedral limestone caves was tasteless and overpriced. The rude and arrogant staff attitudes made the dining experience unbearable.,1,negative,0
An average stop in George Town featuring a relatively brief walking tour. Nothing particularly extraordinary but acceptable.,2,neutral,0
Rich in tradition and heritage. Exploring the spice garden with friendly and attentive service was the highlight of our trip.,4,positive,0
"Expected rich cultural insights but was met with cold, greasy and bland food and dirty sticky tables and unwashed utensils. Would not recommend.",1,negative,0
Lokasi strategik dan tempat menarik untuk pelancong yang sukakan seni warisan.,4,positive,0
"tak menghampakan, memang berbaloi singgah sini makan malam",5,positive,0
Loved every bite of the piping hot Kuih Akok and traditional keropok lekor. The authentic traditional recipes and fascinating cultural details and architecture made our visit thoroughly enjoyable.,4,positive,0
"tak mengecewakan, makanan sedap dan servis bagus sangat",5,positive,0
Wonderful preservation of Malaysian culture in Bukit Mertajam. Noticed the friendly and attentive service and beautiful aesthetic presentation.,4,positive,0
"Suasana bersih, tenang dan selesa. Pasti akan datang lagi bila ke sini.",5,positive,0
Would not return to this cultural gallery. The majestic 272 steps and cathedral limestone caves was disappointing and the poor crowd management and disorganised queues ruined our mood.,2,negative,0
价格昂贵但质量很差，完全是坑游客的黑店，千万别来。,1,negative,0
管理混乱，排队毫无秩序，态度极其恶劣差劲。,1,negative,0
Overpriced and slow,1,negative,0
"tidak menghampakan, layanan staf sangat mesra dan prihatin",5,positive,0
The creamy Cendol with fresh coconut milk and Gula Melaka at this craft studio in Gurney was absolutely outstanding! Loved the fast and efficient table turnover and well organised tour activities.,4,positive,0
"Overrated gila, queue one hour for tasteless cendol and rude cashier.",1,negative,0
Such a serene and educational experience at the curated museum. Impressed by fascinating cultural details and architecture and very helpful and accommodating staff.,4,positive,0
Rich in tradition and heritage. Exploring the night market bazaar with friendly and attentive service was the highlight of our trip.,4,positive,0
Place quite nice for photos but parking susah gila around here.,3,neutral,0
"Makan not nice, price mahal gila and staff sombong nak mampus.",1,negative,0
Incredible food experience in Little India! The Char Kway Teow with duck egg and wok hei had unmatched authentic flavors and very helpful and accommodating staff.,5,positive,0
Wonderful preservation of Malaysian culture in Tanjung Bungah. Noticed the clean and well-maintained environment and reasonable and transparent prices.,5,positive,0
Boleh diterima tetapi perlukan penambahbaikan dari segi kemudahan awam.,3,neutral,0
Service tip top and food comes super fast. Truly steady la!,5,positive,0
"tak mesra langsung, staf buat muka masam dan campak menu",1,negative,0
Visited this kopitiam in Little India. It offered a moderate selection of local dishes. An okay stop overall if you are nearby.,4,neutral,0
"Terrible meal. The fragrant BM Yam Rice with salted vegetable duck soup lacked flavor and freshness, coupled with over an hour waiting time for simple orders and poor crowd management and disorganised queues.",2,negative,0
Loved every bite of the hand-drawn street art murals and vibrant artisan crafts. The freshly prepared hot food and fast and efficient table turnover made our visit thoroughly enjoyable.,4,positive,0
An average stop in Teluk Bahang featuring a relatively brief walking tour. Nothing particularly extraordinary but acceptable.,3,neutral,0
"went without any problems, staff was super helpful and caring",5,positive,0
"went without any problems, staff was super helpful and caring",5,positive,0
The serene coastal breeze and golden sunset views at this heritage restaurant in Jelutong was absolutely outstanding! Loved the truly memorable and enriching experience and reasonable and transparent prices.,5,positive,0
"Yam rice soup damn solid bro, salted vege duck soup so comforting!",5,positive,0
Incredible food experience in Bukit Mertajam! The creamy Cendol with fresh coconut milk and Gula Melaka had unmatched authentic flavors and generous portion sizes.,4,positive,0
Best stop for local food lovers. The UNESCO heritage indigo courtyards and feng shui architecture exceeded expectations with clear and engaging historical explanations. Will come back!,1,positive,1
Loved every bite of the succulent satay skewers with thick peanut gravy. The freshly prepared hot food and reasonable and transparent prices made our visit thoroughly enjoyable.,5,positive,0
"The temple garden was decent. There was basic informative signage, although a simple and functional seating layout could be improved.",2,neutral,0
推荐,5,positive,0
"tidak selesa dan sangat bising, pengurusan teruk",2,negative,0
Rich in tradition and heritage. Exploring the rooftop lounge with clear and engaging historical explanations was the highlight of our trip.,4,positive,0
太脏了,1,negative,0
The majestic 272 steps and cathedral limestone caves was tasteless and overpriced. The stale ingredients lacking freshness made the dining experience unbearable.,1,negative,0
Would not return to this coastal cafe. The Char Kway Teow with duck egg and wok hei was disappointing and the rude and arrogant staff attitudes ruined our mood.,1,negative,0
服务非常慢，等了快一个小时都没人理，催单还给脸色看。,1,negative,0
Loved every bite of the piping hot Kuih Akok and traditional keropok lekor. The freshly prepared hot food and rich authentic flavors made our visit thoroughly enjoyable.,4,positive,0
"Tandas kotor dan bau busuk menyengat, makanan pun rasa basi.",1,negative,0
Such a serene and educational experience at the tea house. Impressed by friendly and attentive service and very helpful and accommodating staff.,5,positive,0
Sangat berpuas hati dengan kebersihan dan keramahan pekerja di sini.,5,positive,0
Servis teruk,1,negative,0
Such a serene and educational experience at the temple garden. Impressed by generous portion sizes and clear and engaging historical explanations.,5,positive,0
Loved every bite of the freshly steamed Hainanese Kaya butter toast and kampung eggs. The rich authentic flavors and comfortable air-conditioned seating made our visit thoroughly enjoyable.,5,positive,0
Best stop for local food lovers. The steamed Nasi Dagang with tender tuna gulai exceeded expectations with clean and well-maintained environment. Will come back!,4,positive,0
Claim your free 500 dollar hotel voucher at http://scam-promo.com right now!,4,neutral,1
Harga cekik darah! Kena caj tersembunyi yang langsung tak masuk akal.,1,negative,0
"not worth visiting, totally overrated and overpriced tourist trap",1,negative,0
"Overhyped tourist stop in Balik Pulau. The engaging docents explaining Baba Nyonya family customs was cold, and we had to endure uncomfortable broken seating.",5,negative,1
体验非常糟糕，管理混乱，完全不值得花费时间和金钱。,1,negative,0
"Pilihan kuih agak terhad waktu petang, tetapi rasanya boleh dimakan.",3,neutral,0
Tempat warisan bersejarah yang sangat bermakna dan dijaga dengan rapi.,5,positive,0
Such a serene and educational experience at the night market bazaar. Impressed by clean and well-maintained environment and authentic traditional recipes.,1,positive,1
Rich in tradition and heritage. Exploring the clan jetty with clean and well-maintained environment was the highlight of our trip.,5,positive,0
"tak bagus, servis lambat gila dan tempat berbau hapak",1,negative,0
物超所值，值得推荐给所有来马来西亚旅游的朋友。,5,positive,0
Loved every bite of the serene coastal breeze and golden sunset views. The rich authentic flavors and friendly and attentive service made our visit thoroughly enjoyable.,4,positive,0
"Waited 45 mins just for one plate of fried noodles, never again!",1,negative,0
"Cendol memang mantap, authentic Penang taste so syok and refreshing!",5,positive,0
"Cendol okay je, nothing much to shout about but cools you down.",3,neutral,0
"Food sedap gila and the ambience was top notch, totally recommended!",5,positive,0
Would not return to this spice garden. The authentic Peranakan Nyonya Laksa was disappointing and the grossly overpriced tourist trap pricing ruined our mood.,4,negative,1
"Overhyped tourist stop in Bayan Lepas. The engaging docents explaining Baba Nyonya family customs was cold, and we had to endure extremely slow and chaotic service.",2,negative,0
"Sederhana sahaja, sesuai untuk singgah sebentar jika lalu di kawasan ini.",3,neutral,0
The fragrant BM Yam Rice with salted vegetable duck soup at this colonial fort in Chinatown was absolutely outstanding! Loved the rich authentic flavors and convenient location and easy accessibility.,4,positive,0
Poorly maintained heritage colonial fort in Teluk Bahang. Encountered cramped and poorly ventilated space and uncomfortable broken seating.,4,negative,1
Follow my telegram channel and message me for the best promotion code today on whatsapp,4,neutral,1
Standard experience in Tanjung Bungah. Food and service had decent place for a quick photo stop. Convenient for a short rest.,3,neutral,0
非常棒的古迹景点，建筑与壁画保存得非常完善。,5,positive,0
Fair experience overall with average waiting times during rush hour. Suits travelers who just want a brief stop.,2,neutral,0
A breathtaking cultural stop in Gurney! The fragrant BM Yam Rice with salted vegetable duck soup and clear and engaging historical explanations made it deeply memorable.,5,positive,0
"went without any problems, staff was super helpful and caring",5,positive,0
Not recommended,1,negative,0
文化底蕴深厚，讲解员解说很清楚，很有收获的文化之旅。,5,positive,0
Sangat mengecewakan dan tidak berbaloi dengan harga tiket yang mahal.,1,negative,0
Loved the view,5,positive,0
"Not worth the entrance fee or trip to Chinatown. The main issue was cold, greasy and bland food with grossly overpriced tourist trap pricing.",2,negative,0
"Makanan sangat sedap dan staf peramah, layanan terbaik tiada tandingan!",5,positive,0
Rich in tradition and heritage. Exploring the rooftop lounge with beautiful aesthetic presentation was the highlight of our trip.,5,positive,0
食物不新鲜，吃完回去肚子不舒服，卫生令人担忧。,1,negative,0
"Place nice gila, staff very friendly and polite throughout our visit.",5,positive,0
Standard experience in Air Itam. Food and service had a moderate selection of local dishes. Convenient for a short rest.,3,neutral,0
不推荐,1,negative,0
"Makan not nice, price mahal gila and staff sombong nak mampus.",1,negative,0
The freshly steamed Hainanese Kaya butter toast and kampung eggs was tasteless and overpriced. The limited food options with many items out of stock made the dining experience unbearable.,2,negative,0
风景很美，拍照很好看，全家人都很喜欢这个历史古迹。,5,positive,0
Worth visiting,5,positive,0
体验非常糟糕，管理混乱，完全不值得花费时间和金钱。,1,negative,0
asdf qwer zxcv lorem ipsum random review text asdf zxcv,1,neutral,1
"Overrated gila, queue one hour for tasteless cendol and rude cashier.",1,negative,0
"Food boleh la, but service a bit slow during weekend rush.",3,neutral,0
Poorly maintained heritage satay stall in Armenian Street. Encountered rude and arrogant staff attitudes and confusing ordering process.,5,negative,1
"Biasa sahaja, makanan boleh tahan tapi tiada yang begitu istimewa.",3,neutral,0
"not acceptable hygiene, found flies in the dining area",1,negative,0
Standard experience in Balik Pulau. Food and service had standard basic facilities. Convenient for a short rest.,4,neutral,0
"Pilihan kuih agak terhad waktu petang, tetapi rasanya boleh dimakan.",3,neutral,0
A breathtaking cultural stop in Armenian Street! The fragrant BM Yam Rice with salted vegetable duck soup and well organised tour activities made it deeply memorable.,5,positive,0
煎蕊红豆绵密，椰糖香浓正宗，正宗槟城老字号风味！,5,positive,0
Tempat yang cantik dan sangat berbaloi untuk dikunjungi bersama keluarga.,5,positive,0
赞,5,positive,0
马马虎虎，算是一个普通的打卡景点吧，顺路可以看看。,3,neutral,0
"Char kway teow padu gila, duck egg yolk so creamy and lots of cockles!",5,positive,0
Visited this bakery in Butterworth. It offered decent place for a quick photo stop. An okay stop overall if you are nearby.,3,neutral,0
非常失望，排队一个多小时结果食物是冷的而且很难吃。,1,negative,0
"not great at all, waited one hour for cold and soggy food",1,negative,0
"tidak ada masalah, urusan sangat lancar dan puas hati",5,positive,0
Get unlimited followers and likes fast dm on instagram @promo_bot_now,3,neutral,1
"Okay la, not bad and not super good either. Standard standard.",3,neutral,0
"not worth visiting, totally overrated and overpriced tourist trap",1,negative,0
"Cendol okay je, nothing much to shout about but cools you down.",3,neutral,0
Disappointing visit to this rooftop lounge. Felt neglected with rude and arrogant staff attitudes and very poor visitor guidance.,5,negative,1
Claim your free 500 dollar hotel voucher at http://scam-promo.com right now!,5,neutral,1
体验非常糟糕，管理混乱，完全不值得花费时间和金钱。,1,negative,0
"Dirty tables everywhere, damn disgusting experience and smelly toilet.",1,negative,0
A breathtaking cultural stop in Butterworth! The succulent satay skewers with thick peanut gravy and generous portion sizes made it deeply memorable.,5,positive,0
"not bad, quite liked the food and friendly service",4,positive,0
The crispy Roti Canai with aromatic dhal and mutton curry was tasteless and overpriced. The extremely slow and chaotic service made the dining experience unbearable.,2,negative,0
"Terrible meal. The succulent satay skewers with thick peanut gravy lacked flavor and freshness, coupled with grossly overpriced tourist trap pricing and unclear information and lack of signages.",1,negative,0
"Terrible meal. The engaging docents explaining Baba Nyonya family customs lacked flavor and freshness, coupled with stale ingredients lacking freshness and unclear information and lack of signages.",2,negative,0
非常棒的古迹景点，建筑与壁画保存得非常完善。,5,positive,0
A breathtaking cultural stop in Bukit Mertajam! The intricate Chinese dragon wood carvings and granite courtyards and reasonable and transparent prices made it deeply memorable.,5,positive,0
Expected rich cultural insights but was met with dirty sticky tables and unwashed utensils and uncomfortable broken seating. Would not recommend.,1,negative,0
"Nasi lemak bungkus sambal padu, aroma daun pisang wangian asli.",5,positive,0
"Disappointing visit to this street mural spot. Felt neglected with cold, greasy and bland food and very poor visitor guidance.",1,negative,0
Incredible food experience in Bayan Lepas! The succulent satay skewers with thick peanut gravy had unmatched authentic flavors and fast and efficient table turnover.,5,positive,0
"Sangat teruk, tak akan syorkan kepada sesiapa pun untuk datang.",1,negative,0
"not an ordinary meal, truly sensational flavors and great hospitality",5,positive,0
A breathtaking cultural stop in George Town! The freshly steamed Hainanese Kaya butter toast and kampung eggs and well organised tour activities made it deeply memorable.,5,positive,0
Rich in tradition and heritage. Exploring the bakery with fast and efficient table turnover was the highlight of our trip.,1,positive,1
Incredible historical landmark in Campbell Street. We appreciated the generous portion sizes and rich authentic flavors. Highly recommended!,4,positive,0
Rich in tradition and heritage. Exploring the coastal cafe with convenient location and easy accessibility was the highlight of our trip.,4,positive,0
Fair experience overall with a moderate selection of local dishes. Suits travelers who just want a brief stop.,3,neutral,0
"Pengurusan sangat lemah, beratur panjang tanpa penerangan jelas.",1,negative,0
食物普通，环境还可以，价格算中规中矩。,3,neutral,0
极其恶劣的体验，千万别来浪费宝贵的旅游假期。,1,negative,0
"Waited 45 mins just for one plate of fried noodles, never again!",1,negative,0
Fair experience overall with a relatively brief walking tour. Suits travelers who just want a brief stop.,3,neutral,0
The engaging docents explaining Baba Nyonya family customs at this baba nyonya mansion in George Town was absolutely outstanding! Loved the clear and engaging historical explanations and reasonable and transparent prices.,4,positive,0
Fair experience overall with decent place for a quick photo stop. Suits travelers who just want a brief stop.,2,neutral,0
Such a serene and educational experience at the bakery. Impressed by generous portion sizes and reasonable and transparent prices.,5,positive,0
环境优美古色古香，员工很有礼貌，值得带家人再来。,5,positive,0
Fair experience overall with a simple and functional seating layout. Suits travelers who just want a brief stop.,3,neutral,0
Rich in tradition and heritage. Exploring the tea house with convenient location and easy accessibility was the highlight of our trip.,5,positive,0
整体还行，周末游客比较多，稍微有点拥挤。,3,neutral,0
Poorly maintained heritage coastal cafe in Chinatown. Encountered grossly overpriced tourist trap pricing and over an hour waiting time for simple orders.,5,negative,1
风景很美，拍照很好看，全家人都很喜欢这个历史古迹。,5,positive,0
"Servis sangat pantas dan mesra, makanan panas dan segar dari dapur.",5,positive,0
"Average taste la, standard tourist price and normal portion size.",3,neutral,0
Tempat cantik,5,positive,0
"Okay la, not bad and not super good either. Standard standard.",3,neutral,0
"Food cold and tasteless, price like 5 star hotel but hawker standard.",1,negative,0
"Overhyped tourist stop in Jelutong. The spiced Nasi Kandar with dark squid curry and fried chicken was cold, and we had to endure cold, greasy and bland food.",1,negative,0
"Pengurusan sangat lemah, beratur panjang tanpa penerangan jelas.",1,negative,0
"Suasana bersih, tenang dan selesa. Pasti akan datang lagi bila ke sini.",5,positive,0
"Pengalaman yang sangat memuaskan, tempat warisan terpelihara dengan indah.",5,positive,0
"never coming back here again, awful experience from start to end",1,negative,0
"Pengalaman yang sangat memuaskan, tempat warisan terpelihara dengan indah.",5,positive,0
又贵又难吃，环境脏乱差，给一颗星都嫌多！,1,negative,0
"not disappointed with the visit, everything was great and tasty",5,positive,0
Best stop for local food lovers. The engaging docents explaining Baba Nyonya family customs exceeded expectations with convenient location and easy accessibility. Will come back!,4,positive,0
"Makanan enak dan harga sangat berpatutan, porsi banyak dan mengenyangkan.",5,positive,0
"Yam rice soup damn solid bro, salted vege duck soup so comforting!",5,positive,0
The creamy Cendol with fresh coconut milk and Gula Melaka at this satay stall in Gurney was absolutely outstanding! Loved the clean and well-maintained environment and convenient location and easy accessibility.,5,positive,0
The spiced Nasi Kandar with dark squid curry and fried chicken at this curated museum in Little India was absolutely outstanding! Loved the authentic traditional recipes and clear and engaging historical explanations.,4,positive,0
Service tip top and food comes super fast. Truly steady la!,5,positive,0
食物很难吃，服务员态度极差，完全不推荐大家来踩雷！,1,negative,0
马马虎虎，算是一个普通的打卡景点吧，顺路可以看看。,3,neutral,0
The crispy Roti Canai with aromatic dhal and mutton curry at this baba nyonya mansion in Butterworth was absolutely outstanding! Loved the friendly and attentive service and authentic traditional recipes.,2,positive,1
"Overhyped tourist stop in Bukit Mertajam. The succulent satay skewers with thick peanut gravy was cold, and we had to endure noisy and stressful environment.",2,negative,0
"Authentic Malaysian taste at its best! The succulent satay skewers with thick peanut gravy in Little India was top tier, plus friendly and attentive service.",5,positive,0
asdf qwer zxcv lorem ipsum random review text asdf zxcv,5,neutral,1
"went without any problems, staff was super helpful and caring",5,positive,0
"tidak selesa dan sangat bising, pengurusan teruk",2,negative,0
Best stop for local food lovers. The authentic Peranakan Nyonya Laksa exceeded expectations with convenient location and easy accessibility. Will come back!,2,positive,1
Loved every bite of the hand-drawn street art murals and vibrant artisan crafts. The fascinating cultural details and architecture and reasonable and transparent prices made our visit thoroughly enjoyable.,5,positive,0
"tak mesra langsung, staf buat muka masam dan campak menu",1,negative,0
Very disappointed with the steamed Nasi Dagang with tender tuna gulai at this rooftop lounge in Balik Pulau. We encountered grossly overpriced tourist trap pricing and rude and arrogant staff attitudes.,2,negative,0
Loved every bite of the serene coastal breeze and golden sunset views. The clear and engaging historical explanations and authentic traditional recipes made our visit thoroughly enjoyable.,5,positive,0
"A must-try culinary gem in Tanjung Bungah. The succulent satay skewers with thick peanut gravy was fresh and delicious, accompanied by clear and engaging historical explanations.",5,positive,0
Wonderful preservation of Malaysian culture in Little India. Noticed the fast and efficient table turnover and friendly and attentive service.,5,positive,0
A breathtaking cultural stop in Balik Pulau! The creamy Cendol with fresh coconut milk and Gula Melaka and convenient location and easy accessibility made it deeply memorable.,4,positive,0
"not overhyped at all, the char kway teow really delivers top wok hei",5,positive,0
"Average taste la, standard tourist price and normal portion size.",3,neutral,0
Poorly maintained heritage clan jetty in Campbell Street. Encountered grossly overpriced tourist trap pricing and stale ingredients lacking freshness.,1,negative,0
食物很难吃，服务员态度极差，完全不推荐大家来踩雷！,1,negative,0
Claim your free 500 dollar hotel voucher at http://scam-promo.com right now!,1,neutral,1
Poorly maintained heritage coastal cafe in George Town. Encountered uncomfortable broken seating and unclear information and lack of signages.,2,negative,0
Tempat cantik,5,positive,0
Disappointing visit to this coastal cafe. Felt neglected with extremely slow and chaotic service and very poor visitor guidance.,1,negative,0
"Cendol memang mantap, authentic Penang taste so syok and refreshing!",5,positive,0
"Makanan tak sedap dan servis sangat lambat, kami tunggu hampir sejam.",1,negative,0
"The curated museum was decent. There was an ordinary tourist stop without surprises, although standard kopitiam ambiance could be improved.",4,neutral,0
Wonderful preservation of Malaysian culture in Little India. Noticed the friendly and attentive service and authentic traditional recipes.,5,positive,0
Not worth the entrance fee or trip to Bayan Lepas. The main issue was confusing ordering process with cramped and poorly ventilated space.,2,negative,0
An average stop in Chinatown featuring decent place for a quick photo stop. Nothing particularly extraordinary but acceptable.,4,neutral,0
Mengecewakan,1,negative,0
"Not worth the entrance fee or trip to Bayan Lepas. The main issue was uncomfortable broken seating with cold, greasy and bland food.",1,negative,0
The succulent satay skewers with thick peanut gravy was tasteless and overpriced. The dirty sticky tables and unwashed utensils made the dining experience unbearable.,2,negative,0
"Cendol okay je, nothing much to shout about but cools you down.",3,neutral,0
"not acceptable hygiene, found flies in the dining area",1,negative,0
"Tempat panas dan tidak selesa, kipas rosak dan staf buat endah tak endah.",1,negative,0
"Pilihan kuih agak terhad waktu petang, tetapi rasanya boleh dimakan.",3,neutral,0
Pemandangan indah dan staf banyak membantu memberi penerangan sejarah.,5,positive,0
Fair experience overall with an ordinary tourist stop without surprises. Suits travelers who just want a brief stop.,3,neutral,0
"Pengalaman yang sangat memuaskan, tempat warisan terpelihara dengan indah.",5,positive,0
Loved every bite of the freshly steamed Hainanese Kaya butter toast and kampung eggs. The truly memorable and enriching experience and rich authentic flavors made our visit thoroughly enjoyable.,2,positive,1
整体还行，周末游客比较多，稍微有点拥挤。,3,neutral,0
Service tip top and food comes super fast. Truly steady la!,5,positive,0
"not bad at all, really enjoyed the heritage atmosphere and friendly guide",4,positive,0
Very disappointed with the spiced Nasi Kandar with dark squid curry and fried chicken at this kopitiam in Bayan Lepas. We encountered stale ingredients lacking freshness and over an hour waiting time for simple orders.,1,negative,0
"Nasi kandar padu, kuah campur pekat dan ayam goreng berempah rangup!",5,positive,0
Standard experience in Bukit Mertajam. Food and service had standard kopitiam ambiance. Convenient for a short rest.,3,neutral,0
Disappointing visit to this baba nyonya mansion. Felt neglected with poor crowd management and disorganised queues and very poor visitor guidance.,2,negative,0
Poorly maintained heritage kopitiam in Tanjung Bungah. Encountered confusing ordering process and cramped and poorly ventilated space.,1,negative,0
"Pengalaman yang sangat memuaskan, tempat warisan terpelihara dengan indah.",5,positive,0
"tak menyesal datang sini, semuanya terbaik dan memuaskan",5,positive,0
Standard experience in Gurney. Food and service had decent place for a quick photo stop. Convenient for a short rest.,3,neutral,0
Incredible historical landmark in Jelutong. We appreciated the convenient location and easy accessibility and rich authentic flavors. Highly recommended!,4,positive,0
"Suasana bersih, tenang dan selesa. Pasti akan datang lagi bila ke sini.",5,positive,0
"Roti canai crispy gila, kuah kari pekat sedap terangkat!",5,positive,0
"Authentic Malaysian taste at its best! The piping hot Kuih Akok and traditional keropok lekor in Little India was top tier, plus friendly and attentive service.",4,positive,0
Best stop for local food lovers. The intricate Chinese dragon wood carvings and granite courtyards exceeded expectations with comfortable air-conditioned seating. Will come back!,4,positive,0
"Makan not nice, price mahal gila and staff sombong nak mampus.",1,negative,0
"Nasi kandar padu, kuah campur pekat dan ayam goreng berempah rangup!",5,positive,0
"no customer care at all, ignored by waiters for 40 minutes",1,negative,0
"Layanan cemerlang, rasa masakan asli turun-temurun sangat mengagumkan!",5,positive,0
"Hancur mood, cashier buat muka masam and rude when taking orders.",1,negative,0
"definitely not disappointed, fantastic experience with family",5,positive,0
Service tip top and food comes super fast. Truly steady la!,5,positive,0
"Pilihan kuih agak terhad waktu petang, tetapi rasanya boleh dimakan.",3,neutral,0
Poorly maintained heritage colonial fort in Chinatown. Encountered rude and arrogant staff attitudes and dirty sticky tables and unwashed utensils.,1,negative,0
Get unlimited followers and likes fast dm on instagram @promo_bot_now,4,neutral,1
食物不新鲜，吃完回去肚子不舒服，卫生令人担忧。,1,negative,0
"Service damn slow, food pun biasa je and overpriced for tourists.",1,negative,0
Incredible historical landmark in Butterworth. We appreciated the freshly prepared hot food and fast and efficient table turnover. Highly recommended!,5,positive,0
Incredible food experience in Bayan Lepas! The Char Kway Teow with duck egg and wok hei had unmatched authentic flavors and reasonable and transparent prices.,1,positive,1
Bad bad bad bad bad bad bad bad bad bad bad,3,negative,1
"Hancur mood, cashier buat muka masam and rude when taking orders.",1,negative,0
The Char Kway Teow with duck egg and wok hei was tasteless and overpriced. The over an hour waiting time for simple orders made the dining experience unbearable.,5,negative,1
Expected rich cultural insights but was met with poor crowd management and disorganised queues and extremely slow and chaotic service. Would not recommend.,1,negative,0
"Place nice gila, staff very friendly and polite throughout our visit.",5,positive,0
"Expected rich cultural insights but was met with dirty sticky tables and unwashed utensils and cold, greasy and bland food. Would not recommend.",1,negative,0
Pekerja bermasam muka dan berkira bila minta sudu tambahan.,1,negative,0
A breathtaking cultural stop in Campbell Street! The engaging docents explaining Baba Nyonya family customs and truly memorable and enriching experience made it deeply memorable.,5,positive,0
环境优美古色古香，员工很有礼貌，值得带家人再来。,5,positive,0
Not worth the entrance fee or trip to Butterworth. The main issue was grossly overpriced tourist trap pricing with dirty sticky tables and unwashed utensils.,2,negative,0
Fair experience overall with acceptable food quality for the price. Suits travelers who just want a brief stop.,3,neutral,0
Very disappointed with the serene coastal breeze and golden sunset views at this temple garden in Tanjung Bungah. We encountered poor crowd management and disorganised queues and confusing ordering process.,1,negative,0
Visited this nasi kandar stall in Jelutong. It offered standard basic facilities. An okay stop overall if you are nearby.,3,neutral,0
"Yam rice soup damn solid bro, salted vege duck soup so comforting!",5,positive,0
Visited this clan jetty in Batu Ferringhi. It offered standard kopitiam ambiance. An okay stop overall if you are nearby.,2,neutral,0
asdf qwer zxcv lorem ipsum random review text asdf zxcv,1,neutral,1
Wonderful preservation of Malaysian culture in Little India. Noticed the very helpful and accommodating staff and authentic traditional recipes.,4,positive,0
"Tandas kotor dan bau busuk menyengat, makanan pun rasa basi.",1,negative,0
中规中矩，无功无过，适合路过时简单吃个便饭。,3,neutral,0
Sangat mengecewakan dan tidak berbaloi dengan harga tiket yang mahal.,1,negative,0
Sangat mengecewakan dan tidak berbaloi dengan harga tiket yang mahal.,1,negative,0
"Mantap gila place, very instagrammable and peaceful to chill out.",4,positive,0
差评,1,negative,0
Very disappointed with the fragrant BM Yam Rice with salted vegetable duck soup at this temple garden in Teluk Bahang. We encountered confusing ordering process and stale ingredients lacking freshness.,2,negative,0
"was not impressed, disappointing quality and stale meat",2,negative,0
"Layanan cemerlang, rasa masakan asli turun-temurun sangat mengagumkan!",5,positive,0
An average stop in Little India featuring basic informative signage. Nothing particularly extraordinary but acceptable.,3,neutral,0
Visit my website https://example-deals.com for cheap packages and free gifts,2,neutral,1
"not acceptable hygiene, found flies in the dining area",1,negative,0
Rich in tradition and heritage. Exploring the satay stall with reasonable and transparent prices was the highlight of our trip.,5,positive,0
炒粿条镬气十足，鸭蛋香味浓郁，虾肉新鲜弹牙！,5,positive,0
Buy now limited offer discount discount discount contact me for free vouchers,4,neutral,1
An average stop in Tanjung Bungah featuring basic informative signage. Nothing particularly extraordinary but acceptable.,3,neutral,0
asdf qwer zxcv lorem ipsum random review text asdf zxcv,5,neutral,1
tak puas hati dengan layanan pekerja yang pemalas,1,negative,0
风景很美，拍照很好看，全家人都很喜欢这个历史古迹。,5,positive,0
Would not return to this cultural gallery. The majestic 272 steps and cathedral limestone caves was disappointing and the poor crowd management and disorganised queues ruined our mood.,4,negative,1
卫生条件很差，桌子油腻腻的，服务态度傲慢无礼。,1,negative,0
"tidak ada masalah, urusan sangat lancar dan puas hati",5,positive,0
"Makan not nice, price mahal gila and staff sombong nak mampus.",1,negative,0
"not an ordinary meal, truly sensational flavors and great hospitality",5,positive,0
Rich in tradition and heritage. Exploring the nasi kandar stall with beautiful aesthetic presentation was the highlight of our trip.,4,positive,0
物超所值，值得推荐给所有来马来西亚旅游的朋友。,5,positive,0
Puas hati,5,positive,0
Wonderful preservation of Malaysian culture in Air Itam. Noticed the authentic traditional recipes and clear and engaging historical explanations.,5,positive,0
Expected rich cultural insights but was met with noisy and stressful environment and over an hour waiting time for simple orders. Would not recommend.,5,negative,1
Rich in tradition and heritage. Exploring the kopitiam with beautiful aesthetic presentation was the highlight of our trip.,5,positive,0
A breathtaking cultural stop in Teluk Bahang! The succulent satay skewers with thick peanut gravy and authentic traditional recipes made it deeply memorable.,5,positive,0
"Mantap gila place, very instagrammable and peaceful to chill out.",4,positive,0
"Makanan tak sedap dan servis sangat lambat, kami tunggu hampir sejam.",1,negative,0
Pekerja bermasam muka dan berkira bila minta sudu tambahan.,1,negative,0
Not worth the entrance fee or trip to Bayan Lepas. The main issue was confusing ordering process with uncomfortable broken seating.,2,negative,0
Follow my telegram channel and message me for the best promotion code today on whatsapp,3,neutral,1
"Very disappointed with the steamed Nasi Dagang with tender tuna gulai at this kopitiam in Bayan Lepas. We encountered cold, greasy and bland food and stale ingredients lacking freshness.",2,negative,0
Poorly maintained heritage rooftop lounge in George Town. Encountered poor crowd management and disorganised queues and stale ingredients lacking freshness.,1,negative,0
环境优美古色古香，员工很有礼貌，值得带家人再来。,5,positive,0
11111111111 222222222 33333333333 discount call now,2,neutral,1
Would not return to this baba nyonya mansion. The creamy Cendol with fresh coconut milk and Gula Melaka was disappointing and the over an hour waiting time for simple orders ruined our mood.,2,negative,0
Contact +60123456789 for instant cashback and crypto promo discount vouchers,5,neutral,1
Follow my telegram channel and message me for the best promotion code today on whatsapp,1,neutral,1
Rich in tradition and heritage. Exploring the heritage restaurant with fascinating cultural details and architecture was the highlight of our trip.,5,positive,0
"The temple garden was decent. There was a relatively brief walking tour, although average waiting times during rush hour could be improved.",3,neutral,0
"Cendol memang mantap, authentic Penang taste so syok and refreshing!",5,positive,0
物超所值，值得推荐给所有来马来西亚旅游的朋友。,5,positive,0
"no customer care at all, ignored by waiters for 40 minutes",1,negative,0
Visited this street mural spot in Chinatown. It offered average waiting times during rush hour. An okay stop overall if you are nearby.,3,neutral,0
食物很难吃，服务员态度极差，完全不推荐大家来踩雷！,1,negative,0
Harga mahal melampau tapi kualiti teruk dan mengecewakan selera.,1,negative,0
"Cendol pulut terbaik di George Town, manis berlemak santan segar.",5,positive,0
"Overhyped tourist stop in Gurney. The serene coastal breeze and golden sunset views was cold, and we had to endure stale ingredients lacking freshness.",1,negative,0
价格昂贵但质量很差，完全是坑游客的黑店，千万别来。,1,negative,0
"Rasa makanan biasa, harga berpatutan dengan saiz hidangan.",3,neutral,0
Rich in tradition and heritage. Exploring the night market bazaar with fast and efficient table turnover was the highlight of our trip.,4,positive,0
食物很难吃，服务员态度极差，完全不推荐大家来踩雷！,1,negative,0
非常失望，排队一个多小时结果食物是冷的而且很难吃。,1,negative,0
"never had any issue here, consistently delicious and fresh",5,positive,0
"Rasa makanan biasa, harga berpatutan dengan saiz hidangan.",3,neutral,0
Very disappointed with the creamy Cendol with fresh coconut milk and Gula Melaka at this craft studio in Campbell Street. We encountered over an hour waiting time for simple orders and grossly overpriced tourist trap pricing.,1,negative,0
马马虎虎，算是一个普通的打卡景点吧，顺路可以看看。,3,neutral,0
"Char kway teow padu gila, duck egg yolk so creamy and lots of cockles!",5,positive,0
体验非常糟糕，管理混乱，完全不值得花费时间和金钱。,1,negative,0
"Rasa makanan biasa, harga berpatutan dengan saiz hidangan.",3,neutral,0
Fair experience overall with a simple and functional seating layout. Suits travelers who just want a brief stop.,3,neutral,0
风景很美，拍照很好看，全家人都很喜欢这个历史古迹。,5,positive,0
Best stop for local food lovers. The spiced Nasi Kandar with dark squid curry and fried chicken exceeded expectations with clear and engaging historical explanations. Will come back!,4,positive,0
卫生条件很差，桌子油腻腻的，服务态度傲慢无礼。,1,negative,0
"Lekor panas-panas, best gila wei! Must try if you come here!",5,positive,0
A breathtaking cultural stop in Bayan Lepas! The steamed Nasi Dagang with tender tuna gulai and reasonable and transparent prices made it deeply memorable.,4,positive,0
Follow my telegram channel and message me for the best promotion code today on whatsapp,4,neutral,1
Loved every bite of the hand-drawn street art murals and vibrant artisan crafts. The fast and efficient table turnover and friendly and attentive service made our visit thoroughly enjoyable.,5,positive,0
Loved every bite of the UNESCO heritage indigo courtyards and feng shui architecture. The well organised tour activities and freshly prepared hot food made our visit thoroughly enjoyable.,5,positive,0
Wonderful preservation of Malaysian culture in Chinatown. Noticed the beautiful aesthetic presentation and comfortable air-conditioned seating.,5,positive,0
"Lekor panas-panas, best gila wei! Must try if you come here!",5,positive,0
娘惹糕点色彩缤纷口感细腻，椰香十足，必吃推荐！,5,positive,0
"Makan not nice, price mahal gila and staff sombong nak mampus.",1,negative,0
食物不新鲜，吃完回去肚子不舒服，卫生令人担忧。,1,negative,0
Disappointing visit to this night market bazaar. Felt neglected with noisy and stressful environment and very poor visitor guidance.,1,negative,0
"Super nice heritage vibes, staff helpful gila and knowledgeable.",5,positive,0
Fair experience overall with decent place for a quick photo stop. Suits travelers who just want a brief stop.,3,neutral,0
"Service damn slow, food pun biasa je and overpriced for tourists.",1,negative,0
"not bad, quite liked the food and friendly service",4,positive,0
Such a serene and educational experience at the baba nyonya mansion. Impressed by generous portion sizes and fascinating cultural details and architecture.,4,positive,0
Terrible,1,negative,0
"Yam rice soup damn solid bro, salted vege duck soup so comforting!",5,positive,0
Pekerja bermasam muka dan berkira bila minta sudu tambahan.,1,negative,0
Very disappointed with the engaging docents explaining Baba Nyonya family customs at this night market bazaar in Armenian Street. We encountered confusing ordering process and poor crowd management and disorganised queues.,1,negative,0
Sangat mengecewakan dan tidak berbaloi dengan harga tiket yang mahal.,1,negative,0
Incredible historical landmark in Balik Pulau. We appreciated the friendly and attentive service and clean and well-maintained environment. Highly recommended!,5,positive,0
Service tip top and food comes super fast. Truly steady la!,5,positive,0
Tempat yang cantik dan sangat berbaloi untuk dikunjungi bersama keluarga.,5,positive,0
Tempat okay tapi agak sesak dengan pelancong pada hujung minggu.,3,neutral,0
Would not return to this spice garden. The hand-drawn street art murals and vibrant artisan crafts was disappointing and the limited food options with many items out of stock ruined our mood.,4,negative,1
"Pengurusan sangat lemah, beratur panjang tanpa penerangan jelas.",1,negative,0
Wonderful preservation of Malaysian culture in Butterworth. Noticed the convenient location and easy accessibility and fascinating cultural details and architecture.,4,positive,0
"Kuah kari cair dan tawar, nasi keras macam tak masak elok.",1,negative,0
Free bitcoin giveaway click http://crypto-win.xyz fast before ended,2,neutral,1
Good food,4,positive,0
Bad bad bad bad bad bad bad bad bad bad bad,1,negative,1
中规中矩，无功无过，适合路过时简单吃个便饭。,3,neutral,0
Pemandangan indah dan staf banyak membantu memberi penerangan sejarah.,5,positive,0
Incredible food experience in Bayan Lepas! The engaging docents explaining Baba Nyonya family customs had unmatched authentic flavors and freshly prepared hot food.,5,positive,0
"Pilihan kuih agak terhad waktu petang, tetapi rasanya boleh dimakan.",3,neutral,0
"A must-try culinary gem in Campbell Street. The piping hot Kuih Akok and traditional keropok lekor was fresh and delicious, accompanied by fascinating cultural details and architecture.",5,positive,0
Sangat berpuas hati dengan kebersihan dan keramahan pekerja di sini.,5,positive,0
Fair experience overall with acceptable food quality for the price. Suits travelers who just want a brief stop.,4,neutral,0
Delicious food,5,positive,0
Wonderful preservation of Malaysian culture in Campbell Street. Noticed the beautiful aesthetic presentation and well organised tour activities.,4,positive,0
Such a serene and educational experience at the heritage restaurant. Impressed by rich authentic flavors and clear and engaging historical explanations.,1,positive,1
食物新鲜美味，老板很热情好客，五星好评！,5,positive,0
"Staff very rude, tempat kotor gila potong stim bila nak makan.",1,negative,0
Would not return to this clan jetty. The succulent satay skewers with thick peanut gravy was disappointing and the extremely slow and chaotic service ruined our mood.,1,negative,0
Friendly staff,5,positive,0
太脏了,1,negative,0
11111111111 222222222 33333333333 discount call now,4,neutral,1
"tak sedap langsung, makanan sejuk dan masin melampau",1,negative,0
"Pilihan kuih agak terhad waktu petang, tetapi rasanya boleh dimakan.",3,neutral,0
"Poorly maintained heritage baba nyonya mansion in Air Itam. Encountered cold, greasy and bland food and noisy and stressful environment.",1,negative,0
"kurang memuaskan, tempat sesak dan tiada layanan langsung",2,negative,0
Incredible historical landmark in Bayan Lepas. We appreciated the rich authentic flavors and generous portion sizes. Highly recommended!,1,positive,1
Fair experience overall with an ordinary tourist stop without surprises. Suits travelers who just want a brief stop.,3,neutral,0
Not worth the entrance fee or trip to Teluk Bahang. The main issue was cramped and poorly ventilated space with extremely slow and chaotic service.,2,negative,0
Loved every bite of the spiced Nasi Kandar with dark squid curry and fried chicken. The clean and well-maintained environment and comfortable air-conditioned seating made our visit thoroughly enjoyable.,4,positive,0
Incredible food experience in Balik Pulau! The hand-drawn street art murals and vibrant artisan crafts had unmatched authentic flavors and rich authentic flavors.,2,positive,1
Worth visiting,5,positive,0
Lokasi strategik dan tempat menarik untuk pelancong yang sukakan seni warisan.,4,positive,0
"Authentic Malaysian taste at its best! The Char Kway Teow with duck egg and wok hei in Butterworth was top tier, plus clean and well-maintained environment.",5,positive,0
"Average taste la, standard tourist price and normal portion size.",3,neutral,0
风景很美，拍照很好看，全家人都很喜欢这个历史古迹。,5,positive,0
Incredible food experience in George Town! The authentic Peranakan Nyonya Laksa had unmatched authentic flavors and authentic traditional recipes.,5,positive,0
"Not worth the entrance fee or trip to Jelutong. The main issue was extremely slow and chaotic service with cold, greasy and bland food.",1,negative,0
"Terrible meal. The freshly steamed Hainanese Kaya butter toast and kampung eggs lacked flavor and freshness, coupled with dirty sticky tables and unwashed utensils and confusing ordering process.",5,negative,1
Tempat okay tapi agak sesak dengan pelancong pada hujung minggu.,3,neutral,0
Very disappointed with the majestic 272 steps and cathedral limestone caves at this curated museum in Armenian Street. We encountered rude and arrogant staff attitudes and grossly overpriced tourist trap pricing.,1,negative,0
"Wait so long for cold food, totally tak worth it and bad mood.",1,negative,0
"A must-try culinary gem in Armenian Street. The UNESCO heritage indigo courtyards and feng shui architecture was fresh and delicious, accompanied by reasonable and transparent prices.",5,positive,0
"tidak bersih dan meja melekit, rasa loya nak makan",1,negative,0
"Cendol okay je, nothing much to shout about but cools you down.",3,neutral,0
Would not return to this kopitiam. The creamy Cendol with fresh coconut milk and Gula Melaka was disappointing and the extremely slow and chaotic service ruined our mood.,2,negative,0
"Nasi lemak bungkus sambal padu, aroma daun pisang wangian asli.",5,positive,0
"Roti canai crispy gila, kuah kari pekat sedap terangkat!",5,positive,0
物超所值，值得推荐给所有来马来西亚旅游的朋友。,5,positive,0
文化底蕴深厚，讲解员解说很清楚，很有收获的文化之旅。,5,positive,0
Poorly maintained heritage tea house in Gurney. Encountered poor crowd management and disorganised queues and stale ingredients lacking freshness.,2,negative,0
"bukan sedap sangat pun, harga cekik darah untuk pelancong",1,negative,0
"A must-try culinary gem in Tanjung Bungah. The piping hot Kuih Akok and traditional keropok lekor was fresh and delicious, accompanied by reasonable and transparent prices.",4,positive,0
Fair experience overall with decent place for a quick photo stop. Suits travelers who just want a brief stop.,3,neutral,0
"A must-try culinary gem in Air Itam. The creamy Cendol with fresh coconut milk and Gula Melaka was fresh and delicious, accompanied by clear and engaging historical explanations.",4,positive,0
"tidak menyesal melawat tempat ini, pengalaman menarik dan berilmu",5,positive,0
The crispy Roti Canai with aromatic dhal and mutton curry was tasteless and overpriced. The dirty sticky tables and unwashed utensils made the dining experience unbearable.,1,negative,0
"tak segar langsung lauk pauk, rasa macam makanan semalam",1,negative,0
"Sangat teruk, tak akan syorkan kepada sesiapa pun untuk datang.",1,negative,0
环境优美古色古香，员工很有礼貌，值得带家人再来。,5,positive,0
Sangat mengecewakan dan tidak berbaloi dengan harga tiket yang mahal.,1,negative,0
"Terrible meal. The UNESCO heritage indigo courtyards and feng shui architecture lacked flavor and freshness, coupled with uncomfortable broken seating and poor crowd management and disorganised queues.",5,negative,1
"Overrated gila, queue one hour for tasteless cendol and rude cashier.",1,negative,0
Contact +60123456789 for instant cashback and crypto promo discount vouchers,5,neutral,1
Poorly maintained heritage nature trail in Air Itam. Encountered poor crowd management and disorganised queues and confusing ordering process.,2,negative,0
Amazing amazing amazing amazing amazing amazing amazing amazing,2,positive,1
not worth the price or the long queue under the hot sun,1,negative,0
食物非常好吃，服务态度很亲切，非常推荐大家来尝试！,5,positive,0
Such a serene and educational experience at the curated museum. Impressed by reasonable and transparent prices and fast and efficient table turnover.,4,positive,0
"Food sedap gila and the ambience was top notch, totally recommended!",5,positive,0
"Cendol okay je, nothing much to shout about but cools you down.",3,neutral,0
Disappointing visit to this tea house. Felt neglected with over an hour waiting time for simple orders and very poor visitor guidance.,1,negative,0
风景很美，拍照很好看，全家人都很喜欢这个历史古迹。,5,positive,0
Service tip top and food comes super fast. Truly steady la!,5,positive,0
Incredible historical landmark in Batu Ferringhi. We appreciated the convenient location and easy accessibility and very helpful and accommodating staff. Highly recommended!,5,positive,0
Great experience,5,positive,0
食物不新鲜，吃完回去肚子不舒服，卫生令人担忧。,1,negative,0
"A must-try culinary gem in Bukit Mertajam. The crispy Roti Canai with aromatic dhal and mutton curry was fresh and delicious, accompanied by truly memorable and enriching experience.",4,positive,0
"Roti canai crispy gila, kuah kari pekat sedap terangkat!",5,positive,0
Service tip top and food comes super fast. Truly steady la!,5,positive,0
Free bitcoin giveaway click http://crypto-win.xyz fast before ended,3,neutral,1
Harga cekik darah! Kena caj tersembunyi yang langsung tak masuk akal.,1,negative,0
Worst meal,1,negative,0
"Food cold and tasteless, price like 5 star hotel but hawker standard.",1,negative,0
Tempat okay tapi agak sesak dengan pelancong pada hujung minggu.,3,neutral,0
"Makanan sangat sedap dan staf peramah, layanan terbaik tiada tandingan!",5,positive,0
Incredible food experience in Jelutong! The succulent satay skewers with thick peanut gravy had unmatched authentic flavors and comfortable air-conditioned seating.,5,positive,0
Incredible food experience in Batu Ferringhi! The steamed Nasi Dagang with tender tuna gulai had unmatched authentic flavors and generous portion sizes.,5,positive,0
"Cendol okay je, nothing much to shout about but cools you down.",3,neutral,0
"tak mengecewakan, makanan sedap dan servis bagus sangat",5,positive,0
"Super nice heritage vibes, staff helpful gila and knowledgeable.",5,positive,0
食物新鲜美味，老板很热情好客，五星好评！,5,positive,0
Wonderful preservation of Malaysian culture in Campbell Street. Noticed the clear and engaging historical explanations and convenient location and easy accessibility.,4,positive,0
"A must-try culinary gem in Tanjung Bungah. The authentic Peranakan Nyonya Laksa was fresh and delicious, accompanied by well organised tour activities.",2,positive,1
"Authentic Malaysian taste at its best! The serene coastal breeze and golden sunset views in Gurney was top tier, plus authentic traditional recipes.",4,positive,0
"Sangat teruk, tak akan syorkan kepada sesiapa pun untuk datang.",1,negative,0
Incredible historical landmark in George Town. We appreciated the authentic traditional recipes and comfortable air-conditioned seating. Highly recommended!,5,positive,0
Poorly maintained heritage coastal cafe in Gurney. Encountered noisy and stressful environment and uncomfortable broken seating.,1,negative,0
"Not worth the entrance fee or trip to Bayan Lepas. The main issue was cold, greasy and bland food with confusing ordering process.",2,negative,0
"Wait so long for cold food, totally tak worth it and bad mood.",1,negative,0
"no customer care at all, ignored by waiters for 40 minutes",1,negative,0
整体还行，周末游客比较多，稍微有点拥挤。,3,neutral,0
"Dirty tables everywhere, damn disgusting experience and smelly toilet.",1,negative,0
"tak segar langsung lauk pauk, rasa macam makanan semalam",1,negative,0
Loved every bite of the crispy Roti Canai with aromatic dhal and mutton curry. The comfortable air-conditioned seating and very helpful and accommodating staff made our visit thoroughly enjoyable.,5,positive,0
Standard experience in Jelutong. Food and service had average waiting times during rush hour. Convenient for a short rest.,3,neutral,0
"Biasa sahaja, makanan boleh tahan tapi tiada yang begitu istimewa.",3,neutral,0
"Servis sangat pantas dan mesra, makanan panas dan segar dari dapur.",5,positive,0
Hancur,1,negative,0
Incredible historical landmark in Armenian Street. We appreciated the very helpful and accommodating staff and authentic traditional recipes. Highly recommended!,5,positive,0
Visited this bakery in Balik Pulau. It offered a moderate selection of local dishes. An okay stop overall if you are nearby.,3,neutral,0
娘惹糕点色彩缤纷口感细腻，椰香十足，必吃推荐！,5,positive,0
Such a serene and educational experience at the baba nyonya mansion. Impressed by very helpful and accommodating staff and authentic traditional recipes.,1,positive,1
"Kuah kari cair dan tawar, nasi keras macam tak masak elok.",1,negative,0
The hand-drawn street art murals and vibrant artisan crafts at this heritage restaurant in Batu Ferringhi was absolutely outstanding! Loved the generous portion sizes and rich authentic flavors.,5,positive,0
"Authentic Malaysian taste at its best! The engaging docents explaining Baba Nyonya family customs in Butterworth was top tier, plus comfortable air-conditioned seating.",1,positive,1
"The nature trail was decent. There was average waiting times during rush hour, although standard basic facilities could be improved.",2,neutral,0
非常棒的古迹景点，建筑与壁画保存得非常完善。,5,positive,0
Fair experience overall with acceptable food quality for the price. Suits travelers who just want a brief stop.,3,neutral,0
Such a serene and educational experience at the bakery. Impressed by rich authentic flavors and comfortable air-conditioned seating.,5,positive,0
Not recommended,1,negative,0
The authentic Peranakan Nyonya Laksa at this colonial fort in Balik Pulau was absolutely outstanding! Loved the beautiful aesthetic presentation and clear and engaging historical explanations.,5,positive,0
Tempat okay tapi agak sesak dengan pelancong pada hujung minggu.,3,neutral,0
The UNESCO heritage indigo courtyards and feng shui architecture was tasteless and overpriced. The over an hour waiting time for simple orders made the dining experience unbearable.,1,negative,0
服务非常慢，等了快一个小时都没人理，催单还给脸色看。,1,negative,0
"Authentic Malaysian taste at its best! The piping hot Kuih Akok and traditional keropok lekor in Balik Pulau was top tier, plus well organised tour activities.",5,positive,0
Amazing amazing amazing amazing amazing amazing amazing amazing,2,positive,1
Expected rich cultural insights but was met with dirty sticky tables and unwashed utensils and poor crowd management and disorganised queues. Would not recommend.,2,negative,0
"not great at all, waited one hour for cold and soggy food",1,negative,0
Would not return to this night market bazaar. The engaging docents explaining Baba Nyonya family customs was disappointing and the noisy and stressful environment ruined our mood.,1,negative,0
Lokasi strategik dan tempat menarik untuk pelancong yang sukakan seni warisan.,4,positive,0
"bukan sedap sangat pun, harga cekik darah untuk pelancong",1,negative,0
很棒,5,positive,0
Get unlimited followers and likes fast dm on instagram @promo_bot_now,1,neutral,1
Mantap,5,positive,0
"Terrible meal. The spiced Nasi Kandar with dark squid curry and fried chicken lacked flavor and freshness, coupled with stale ingredients lacking freshness and over an hour waiting time for simple orders.",1,negative,0
价格昂贵但质量很差，完全是坑游客的黑店，千万别来。,1,negative,0
"Kuah kari cair dan tawar, nasi keras macam tak masak elok.",1,negative,0
"Cendol okay je, nothing much to shout about but cools you down.",3,neutral,0
Terrible service,1,negative,0
"Wait so long for cold food, totally tak worth it and bad mood.",1,negative,0
"The cultural gallery was decent. There was decent place for a quick photo stop, although a simple and functional seating layout could be improved.",4,neutral,0
"Makanan enak dan harga sangat berpatutan, porsi banyak dan mengenyangkan.",5,positive,0
Lokasi strategik dan tempat menarik untuk pelancong yang sukakan seni warisan.,4,positive,0
Incredible food experience in Teluk Bahang! The spiced Nasi Kandar with dark squid curry and fried chicken had unmatched authentic flavors and fascinating cultural details and architecture.,2,positive,1
Loved every bite of the hand-drawn street art murals and vibrant artisan crafts. The friendly and attentive service and generous portion sizes made our visit thoroughly enjoyable.,4,positive,0
Pekerja bermasam muka dan berkira bila minta sudu tambahan.,1,negative,0
Rugi duit,1,negative,0
Such a serene and educational experience at the tea house. Impressed by authentic traditional recipes and clean and well-maintained environment.,4,positive,0
Get unlimited followers and likes fast dm on instagram @promo_bot_now,1,neutral,1
Service tip top and food comes super fast. Truly steady la!,5,positive,0
asdf qwer zxcv lorem ipsum random review text asdf zxcv,3,neutral,1
物超所值，值得推荐给所有来马来西亚旅游的朋友。,5,positive,0
"Place nice gila, staff very friendly and polite throughout our visit.",5,positive,0
Such a serene and educational experience at the satay stall. Impressed by reasonable and transparent prices and beautiful aesthetic presentation.,2,positive,1
"not bad, quite liked the food and friendly service",4,positive,0
食物新鲜美味，老板很热情好客，五星好评！,5,positive,0
Very tasty,5,positive,0
食物不新鲜，吃完回去肚子不舒服，卫生令人担忧。,1,negative,0
Free bitcoin giveaway click http://crypto-win.xyz fast before ended,1,neutral,1
Standard experience in Gurney. Food and service had a moderate selection of local dishes. Convenient for a short rest.,3,neutral,0
asdf qwer zxcv lorem ipsum random review text asdf zxcv,2,neutral,1
Get unlimited followers and likes fast dm on instagram @promo_bot_now,4,neutral,1
Sangat mengecewakan dan tidak berbaloi dengan harga tiket yang mahal.,1,negative,0
"tidak menyesal melawat tempat ini, pengalaman menarik dan berilmu",5,positive,0
"not overhyped at all, the char kway teow really delivers top wok hei",5,positive,0
Wonderful preservation of Malaysian culture in Butterworth. Noticed the very helpful and accommodating staff and well organised tour activities.,4,positive,0
Poorly maintained heritage clan jetty in Bukit Mertajam. Encountered uncomfortable broken seating and poor crowd management and disorganised queues.,5,negative,1
"definitely not recommended, horrible service and bad attitude",1,negative,0
Lokasi strategik dan tempat menarik untuk pelancong yang sukakan seni warisan.,4,positive,0
"Cendol memang mantap, authentic Penang taste so syok and refreshing!",5,positive,0
Contact +60123456789 for instant cashback and crypto promo discount vouchers,1,neutral,1
Expected rich cultural insights but was met with uncomfortable broken seating and rude and arrogant staff attitudes. Would not recommend.,1,negative,0
Standard experience in Campbell Street. Food and service had decent place for a quick photo stop. Convenient for a short rest.,3,neutral,0
"Authentic Malaysian taste at its best! The hand-drawn street art murals and vibrant artisan crafts in Bukit Mertajam was top tier, plus convenient location and easy accessibility.",5,positive,0
Rude staff,1,negative,0
"I don't hate it, in fact the experience was quite good and authentic",4,positive,0
"Overrated gila, queue one hour for tasteless cendol and rude cashier.",1,negative,0
An average stop in Butterworth featuring an ordinary tourist stop without surprises. Nothing particularly extraordinary but acceptable.,3,neutral,0
Standard experience in George Town. Food and service had a simple and functional seating layout. Convenient for a short rest.,4,neutral,0
"tak rugi langsung cuba laksa nyonya kat sini, sedap terangkat",5,positive,0
Visited this nature trail in Balik Pulau. It offered a relatively brief walking tour. An okay stop overall if you are nearby.,4,neutral,0
Loved every bite of the creamy Cendol with fresh coconut milk and Gula Melaka. The clear and engaging historical explanations and fast and efficient table turnover made our visit thoroughly enjoyable.,4,positive,0
Would not return to this curated museum. The authentic Peranakan Nyonya Laksa was disappointing and the limited food options with many items out of stock ruined our mood.,1,negative,0
"tak menyesal datang sini, semuanya terbaik dan memuaskan",5,positive,0
Such a serene and educational experience at the spice garden. Impressed by rich authentic flavors and generous portion sizes.,5,positive,0
"Rasa makanan biasa, harga berpatutan dengan saiz hidangan.",3,neutral,0
"Food boleh la, but service a bit slow during weekend rush.",3,neutral,0
Not worth the entrance fee or trip to Bayan Lepas. The main issue was unclear information and lack of signages with limited food options with many items out of stock.,2,negative,0
Visited this cultural gallery in George Town. It offered standard basic facilities. An okay stop overall if you are nearby.,4,neutral,0
"Cendol memang mantap, authentic Penang taste so syok and refreshing!",5,positive,0
The majestic 272 steps and cathedral limestone caves at this curated museum in Armenian Street was absolutely outstanding! Loved the reasonable and transparent prices and generous portion sizes.,2,positive,1
Buy now limited offer discount discount discount contact me for free vouchers,4,neutral,1
"Overrated gila, queue one hour for tasteless cendol and rude cashier.",1,negative,0
Service tip top and food comes super fast. Truly steady la!,5,positive,0
asdf qwer zxcv lorem ipsum random review text asdf zxcv,1,neutral,1
The UNESCO heritage indigo courtyards and feng shui architecture was tasteless and overpriced. The uncomfortable broken seating made the dining experience unbearable.,1,negative,0
The steamed Nasi Dagang with tender tuna gulai was tasteless and overpriced. The cramped and poorly ventilated space made the dining experience unbearable.,1,negative,0
"not worth visiting, totally overrated and overpriced tourist trap",1,negative,0
Tempat okay tapi agak sesak dengan pelancong pada hujung minggu.,3,neutral,0
"Terrible meal. The freshly steamed Hainanese Kaya butter toast and kampung eggs lacked flavor and freshness, coupled with grossly overpriced tourist trap pricing and noisy and stressful environment.",2,negative,0
"Char kway teow padu gila, duck egg yolk so creamy and lots of cockles!",5,positive,0
Incredible food experience in Jelutong! The serene coastal breeze and golden sunset views had unmatched authentic flavors and reasonable and transparent prices.,2,positive,1
"Servis sangat pantas dan mesra, makanan panas dan segar dari dapur.",5,positive,0
Visited this nasi kandar stall in Teluk Bahang. It offered a simple and functional seating layout. An okay stop overall if you are nearby.,4,neutral,0
Very disappointed with the spiced Nasi Kandar with dark squid curry and fried chicken at this nasi kandar stall in Bukit Mertajam. We encountered cramped and poorly ventilated space and limited food options with many items out of stock.,1,negative,0
味道一般般，没有网络上吹捧得那么惊艳。,3,neutral,0
asdf qwer zxcv lorem ipsum random review text asdf zxcv,3,neutral,1
Very disappointing,1,negative,0
The UNESCO heritage indigo courtyards and feng shui architecture was tasteless and overpriced. The confusing ordering process made the dining experience unbearable.,5,negative,1
Rich in tradition and heritage. Exploring the rooftop lounge with rich authentic flavors was the highlight of our trip.,5,positive,0
Tempat kotor,1,negative,0
Servis teruk,1,negative,0
"Overhyped tourist stop in Bukit Mertajam. The engaging docents explaining Baba Nyonya family customs was cold, and we had to endure poor crowd management and disorganised queues.",2,negative,0
Tempat kotor,1,negative,0
Visited this nature trail in Gurney. It offered acceptable food quality for the price. An okay stop overall if you are nearby.,3,neutral,0
"Lekor panas-panas, best gila wei! Must try if you come here!",5,positive,0
The piping hot Kuih Akok and traditional keropok lekor was tasteless and overpriced. The limited food options with many items out of stock made the dining experience unbearable.,2,negative,0
The UNESCO heritage indigo courtyards and feng shui architecture was tasteless and overpriced. The cramped and poorly ventilated space made the dining experience unbearable.,2,negative,0
Standard experience in Gurney. Food and service had a moderate selection of local dishes. Convenient for a short rest.,3,neutral,0
Tak sedap,1,negative,0
The creamy Cendol with fresh coconut milk and Gula Melaka was tasteless and overpriced. The over an hour waiting time for simple orders made the dining experience unbearable.,1,negative,0
"Kuah kari cair dan tawar, nasi keras macam tak masak elok.",1,negative,0
"A must-try culinary gem in Bayan Lepas. The succulent satay skewers with thick peanut gravy was fresh and delicious, accompanied by well organised tour activities.",4,positive,0
"Pilihan kuih agak terhad waktu petang, tetapi rasanya boleh dimakan.",3,neutral,0
又贵又难吃，环境脏乱差，给一颗星都嫌多！,1,negative,0
Expected rich cultural insights but was met with poor crowd management and disorganised queues and noisy and stressful environment. Would not recommend.,2,negative,0
差评,1,negative,0
Standard experience in Batu Ferringhi. Food and service had a relatively brief walking tour. Convenient for a short rest.,2,neutral,0
"Cendol memang mantap, authentic Penang taste so syok and refreshing!",5,positive,0
食物非常好吃，服务态度很亲切，非常推荐大家来尝试！,5,positive,0
"A must-try culinary gem in George Town. The crispy Roti Canai with aromatic dhal and mutton curry was fresh and delicious, accompanied by rich authentic flavors.",5,positive,0
"Very disappointed with the steamed Nasi Dagang with tender tuna gulai at this night market bazaar in Armenian Street. We encountered cold, greasy and bland food and grossly overpriced tourist trap pricing.",4,negative,1
"Place nice gila, staff very friendly and polite throughout our visit.",5,positive,0
极其恶劣的体验，千万别来浪费宝贵的旅游假期。,1,negative,0
"The heritage restaurant was decent. There was acceptable food quality for the price, although a relatively brief walking tour could be improved.",2,neutral,0
风景很美，拍照很好看，全家人都很喜欢这个历史古迹。,5,positive,0
Nice place,4,positive,0
asdf qwer zxcv lorem ipsum random review text asdf zxcv,4,neutral,1
"Okay la, not bad and not super good either. Standard standard.",3,neutral,0
"not bad la, food sedap and price okay for family",4,positive,0
"was not terrible at all, worth a visit when in Penang",4,positive,0
Incredible food experience in Campbell Street! The Char Kway Teow with duck egg and wok hei had unmatched authentic flavors and clean and well-maintained environment.,5,positive,0
"definitely not recommended, horrible service and bad attitude",1,negative,0
Bad bad bad bad bad bad bad bad bad bad bad,5,negative,1
"Nasi kandar padu, kuah campur pekat dan ayam goreng berempah rangup!",5,positive,0
Disappointing visit to this colonial fort. Felt neglected with dirty sticky tables and unwashed utensils and very poor visitor guidance.,1,negative,0
"Overhyped tourist stop in Batu Ferringhi. The authentic Peranakan Nyonya Laksa was cold, and we had to endure dirty sticky tables and unwashed utensils.",4,negative,1
"Nasi lemak bungkus sambal padu, aroma daun pisang wangian asli.",5,positive,0
"definitely not disappointed, fantastic experience with family",5,positive,0
煎蕊红豆绵密，椰糖香浓正宗，正宗槟城老字号风味！,5,positive,0
"Service damn slow, food pun biasa je and overpriced for tourists.",1,negative,0
Super nice,5,positive,0
"Makanan enak dan harga sangat berpatutan, porsi banyak dan mengenyangkan.",5,positive,0
Very disappointed with the intricate Chinese dragon wood carvings and granite courtyards at this kopitiam in George Town. We encountered poor crowd management and disorganised queues and confusing ordering process.,1,negative,0
食物新鲜美味，老板很热情好客，五星好评！,5,positive,0
Great experience,5,positive,0
"Dirty tables everywhere, damn disgusting experience and smelly toilet.",1,negative,0
"Roti canai crispy gila, kuah kari pekat sedap terangkat!",5,positive,0
"Authentic Malaysian taste at its best! The intricate Chinese dragon wood carvings and granite courtyards in Air Itam was top tier, plus comfortable air-conditioned seating.",4,positive,0
Such a serene and educational experience at the nasi kandar stall. Impressed by fast and efficient table turnover and fascinating cultural details and architecture.,1,positive,1
"Mantap gila place, very instagrammable and peaceful to chill out.",4,positive,0
Visited this satay stall in Gurney. It offered an ordinary tourist stop without surprises. An okay stop overall if you are nearby.,4,neutral,0
"Overhyped tourist stop in Balik Pulau. The steamed Nasi Dagang with tender tuna gulai was cold, and we had to endure stale ingredients lacking freshness.",1,negative,0
"Poorly maintained heritage bakery in George Town. Encountered cold, greasy and bland food and unclear information and lack of signages.",1,negative,0
Loved every bite of the intricate Chinese dragon wood carvings and granite courtyards. The convenient location and easy accessibility and clear and engaging historical explanations made our visit thoroughly enjoyable.,5,positive,0
"Very bad experience la, rugi duit and time wasted sitting there.",1,negative,0
Claim your free 500 dollar hotel voucher at http://scam-promo.com right now!,5,neutral,1
"I don't hate it, in fact the experience was quite good and authentic",4,positive,0
Expected rich cultural insights but was met with cramped and poorly ventilated space and confusing ordering process. Would not recommend.,4,negative,1
"tidak menyesal melawat tempat ini, pengalaman menarik dan berilmu",5,positive,0
"Average taste la, standard tourist price and normal portion size.",3,neutral,0
Tak sedap,1,negative,0
"Terrible meal. The engaging docents explaining Baba Nyonya family customs lacked flavor and freshness, coupled with noisy and stressful environment and rude and arrogant staff attitudes.",2,negative,0
Claim your free 500 dollar hotel voucher at http://scam-promo.com right now!,2,neutral,1
"not an ordinary meal, truly sensational flavors and great hospitality",5,positive,0
"Nasi kandar padu, kuah campur pekat dan ayam goreng berempah rangup!",5,positive,0
The majestic 272 steps and cathedral limestone caves was tasteless and overpriced. The unclear information and lack of signages made the dining experience unbearable.,5,negative,1
"A must-try culinary gem in Bayan Lepas. The hand-drawn street art murals and vibrant artisan crafts was fresh and delicious, accompanied by friendly and attentive service.",5,positive,0
Disappointing visit to this colonial fort. Felt neglected with grossly overpriced tourist trap pricing and very poor visitor guidance.,1,negative,0
Best stop for local food lovers. The intricate Chinese dragon wood carvings and granite courtyards exceeded expectations with freshly prepared hot food. Will come back!,5,positive,0
Best stop for local food lovers. The piping hot Kuih Akok and traditional keropok lekor exceeded expectations with fast and efficient table turnover. Will come back!,4,positive,0
"Expected rich cultural insights but was met with confusing ordering process and cold, greasy and bland food. Would not recommend.",1,negative,0
"Dirty tables everywhere, damn disgusting experience and smelly toilet.",1,negative,0
An average stop in Gurney featuring average waiting times during rush hour. Nothing particularly extraordinary but acceptable.,3,neutral,0
"Food cold and tasteless, price like 5 star hotel but hawker standard.",1,negative,0
"I don't hate it, in fact the experience was quite good and authentic",4,positive,0
"Wait so long for cold food, totally tak worth it and bad mood.",1,negative,0
A breathtaking cultural stop in Bukit Mertajam! The engaging docents explaining Baba Nyonya family customs and well organised tour activities made it deeply memorable.,5,positive,0
"Roti canai crispy gila, kuah kari pekat sedap terangkat!",5,positive,0
The steamed Nasi Dagang with tender tuna gulai was tasteless and overpriced. The poor crowd management and disorganised queues made the dining experience unbearable.,1,negative,0
"tak best langsung, rugi masa dan duit datang jauh-jauh",1,negative,0
"never coming back here again, awful experience from start to end",1,negative,0
Follow my telegram channel and message me for the best promotion code today on whatsapp,1,neutral,1
"Terrible meal. The hand-drawn street art murals and vibrant artisan crafts lacked flavor and freshness, coupled with rude and arrogant staff attitudes and cramped and poorly ventilated space.",1,negative,0
差评,1,negative,0
Tempat yang cantik dan sangat berbaloi untuk dikunjungi bersama keluarga.,5,positive,0
"Very disappointed with the Char Kway Teow with duck egg and wok hei at this bakery in Campbell Street. We encountered cold, greasy and bland food and over an hour waiting time for simple orders.",2,negative,0
Standard experience in Tanjung Bungah. Food and service had a simple and functional seating layout. Convenient for a short rest.,2,neutral,0
Buy now limited offer discount discount discount contact me for free vouchers,3,neutral,1
Incredible historical landmark in Balik Pulau. We appreciated the fascinating cultural details and architecture and authentic traditional recipes. Highly recommended!,5,positive,0
Tempat yang cantik dan sangat berbaloi untuk dikunjungi bersama keluarga.,5,positive,0
"The cultural gallery was decent. There was basic informative signage, although a relatively brief walking tour could be improved.",2,neutral,0
Very disappointed with the serene coastal breeze and golden sunset views at this colonial fort in Gurney. We encountered confusing ordering process and stale ingredients lacking freshness.,1,negative,0
Contact +60123456789 for instant cashback and crypto promo discount vouchers,5,neutral,1
Incredible historical landmark in Bukit Mertajam. We appreciated the convenient location and easy accessibility and reasonable and transparent prices. Highly recommended!,5,positive,0
"Senibina klasik Baba Nyonya yang memukau, banyak sudut bergambar menarik.",5,positive,0
环境优美古色古香，员工很有礼貌，值得带家人再来。,5,positive,0
"Char kway teow padu gila, duck egg yolk so creamy and lots of cockles!",5,positive,0
Get unlimited followers and likes fast dm on instagram @promo_bot_now,2,neutral,1
"not disappointed with the visit, everything was great and tasty",5,positive,0
Boleh diterima tetapi perlukan penambahbaikan dari segi kemudahan awam.,3,neutral,0
Incredible food experience in Butterworth! The piping hot Kuih Akok and traditional keropok lekor had unmatched authentic flavors and fast and efficient table turnover.,4,positive,0
Wonderful preservation of Malaysian culture in Campbell Street. Noticed the comfortable air-conditioned seating and clear and engaging historical explanations.,5,positive,0
"Authentic Malaysian taste at its best! The engaging docents explaining Baba Nyonya family customs in Tanjung Bungah was top tier, plus generous portion sizes.",5,positive,0
"Authentic Malaysian taste at its best! The piping hot Kuih Akok and traditional keropok lekor in Gurney was top tier, plus freshly prepared hot food.",5,positive,0
风景很美，拍照很好看，全家人都很喜欢这个历史古迹。,5,positive,0
"Waited 45 mins just for one plate of fried noodles, never again!",1,negative,0
Get unlimited followers and likes fast dm on instagram @promo_bot_now,3,neutral,1
Such a serene and educational experience at the heritage restaurant. Impressed by reasonable and transparent prices and fascinating cultural details and architecture.,5,positive,0
"Terrible meal. The intricate Chinese dragon wood carvings and granite courtyards lacked flavor and freshness, coupled with stale ingredients lacking freshness and unclear information and lack of signages.",5,negative,1
食物新鲜美味，老板很热情好客，五星好评！,5,positive,0
Tempat yang cantik dan sangat berbaloi untuk dikunjungi bersama keluarga.,5,positive,0
Amazing amazing amazing amazing amazing amazing amazing amazing,5,positive,1
食物普通，环境还可以，价格算中规中矩。,3,neutral,0
Tempat kotor,1,negative,0
The majestic 272 steps and cathedral limestone caves at this temple garden in Bukit Mertajam was absolutely outstanding! Loved the truly memorable and enriching experience and comfortable air-conditioned seating.,5,positive,0
Buy now limited offer discount discount discount contact me for free vouchers,1,neutral,1
Incredible historical landmark in George Town. We appreciated the clear and engaging historical explanations and very helpful and accommodating staff. Highly recommended!,5,positive,0
卫生条件很差，桌子油腻腻的，服务态度傲慢无礼。,1,negative,0
Incredible food experience in Bukit Mertajam! The crispy Roti Canai with aromatic dhal and mutton curry had unmatched authentic flavors and fascinating cultural details and architecture.,4,positive,0
The piping hot Kuih Akok and traditional keropok lekor at this baba nyonya mansion in Campbell Street was absolutely outstanding! Loved the very helpful and accommodating staff and convenient location and easy accessibility.,4,positive,0
"Nothing special la, can try once if you are walking nearby.",3,neutral,0
Poorly maintained heritage nature trail in Bayan Lepas. Encountered uncomfortable broken seating and cramped and poorly ventilated space.,2,negative,0
Such a serene and educational experience at the nasi kandar stall. Impressed by comfortable air-conditioned seating and truly memorable and enriching experience.,5,positive,0
Incredible food experience in Bukit Mertajam! The intricate Chinese dragon wood carvings and granite courtyards had unmatched authentic flavors and reasonable and transparent prices.,5,positive,0
"A must-try culinary gem in Teluk Bahang. The crispy Roti Canai with aromatic dhal and mutton curry was fresh and delicious, accompanied by very helpful and accommodating staff.",5,positive,0
Boleh diterima tetapi perlukan penambahbaikan dari segi kemudahan awam.,3,neutral,0
"Makanan tak sedap dan servis sangat lambat, kami tunggu hampir sejam.",1,negative,0
"Terrible meal. The crispy Roti Canai with aromatic dhal and mutton curry lacked flavor and freshness, coupled with confusing ordering process and stale ingredients lacking freshness.",2,negative,0
"Expected rich cultural insights but was met with cold, greasy and bland food and unclear information and lack of signages. Would not recommend.",2,negative,0
Mantap,5,positive,0
"Nasi kandar padu, kuah campur pekat dan ayam goreng berempah rangup!",5,positive,0
"A must-try culinary gem in Bukit Mertajam. The piping hot Kuih Akok and traditional keropok lekor was fresh and delicious, accompanied by well organised tour activities.",1,positive,1
A breathtaking cultural stop in Teluk Bahang! The fragrant BM Yam Rice with salted vegetable duck soup and comfortable air-conditioned seating made it deeply memorable.,5,positive,0
The succulent satay skewers with thick peanut gravy was tasteless and overpriced. The stale ingredients lacking freshness made the dining experience unbearable.,1,negative,0
"Pengurusan sangat lemah, beratur panjang tanpa penerangan jelas.",1,negative,0
Place quite nice for photos but parking susah gila around here.,3,neutral,0
体验非常糟糕，管理混乱，完全不值得花费时间和金钱。,1,negative,0
A breathtaking cultural stop in Butterworth! The authentic Peranakan Nyonya Laksa and clear and engaging historical explanations made it deeply memorable.,4,positive,0
"Makan not nice, price mahal gila and staff sombong nak mampus.",1,negative,0
"not an ordinary meal, truly sensational flavors and great hospitality",5,positive,0
Wonderful preservation of Malaysian culture in Gurney. Noticed the freshly prepared hot food and comfortable air-conditioned seating.,2,positive,1
"Pengalaman yang sangat memuaskan, tempat warisan terpelihara dengan indah.",5,positive,0
"Food boleh la, but service a bit slow during weekend rush.",3,neutral,0
11111111111 222222222 33333333333 discount call now,4,neutral,1
A breathtaking cultural stop in Gurney! The engaging docents explaining Baba Nyonya family customs and convenient location and easy accessibility made it deeply memorable.,5,positive,0
Visited this nasi kandar stall in Jelutong. It offered average waiting times during rush hour. An okay stop overall if you are nearby.,4,neutral,0
Sangat berpuas hati dengan kebersihan dan keramahan pekerja di sini.,5,positive,0
Standard experience in Campbell Street. Food and service had an ordinary tourist stop without surprises. Convenient for a short rest.,3,neutral,0
The intricate Chinese dragon wood carvings and granite courtyards at this street mural spot in Tanjung Bungah was absolutely outstanding! Loved the clear and engaging historical explanations and fast and efficient table turnover.,5,positive,0
"Suasana bersih, tenang dan selesa. Pasti akan datang lagi bila ke sini.",5,positive,0
Bad bad bad bad bad bad bad bad bad bad bad,4,negative,1
"Hancur mood, cashier buat muka masam and rude when taking orders.",1,negative,0
11111111111 222222222 33333333333 discount call now,4,neutral,1
Rude staff,1,negative,0
Tempat kotor,1,negative,0
Incredible historical landmark in Chinatown. We appreciated the clean and well-maintained environment and beautiful aesthetic presentation. Highly recommended!,5,positive,0
"Tandas kotor dan bau busuk menyengat, makanan pun rasa basi.",1,negative,0
"Terrible meal. The serene coastal breeze and golden sunset views lacked flavor and freshness, coupled with grossly overpriced tourist trap pricing and cold, greasy and bland food.",1,negative,0
Buy now limited offer discount discount discount contact me for free vouchers,2,neutral,1
Service tip top and food comes super fast. Truly steady la!,5,positive,0
11111111111 222222222 33333333333 discount call now,3,neutral,1
"Wait so long for cold food, totally tak worth it and bad mood.",1,negative,0
炒粿条镬气十足，鸭蛋香味浓郁，虾肉新鲜弹牙！,5,positive,0
"Service damn slow, food pun biasa je and overpriced for tourists.",1,negative,0
Best stop for local food lovers. The majestic 272 steps and cathedral limestone caves exceeded expectations with fascinating cultural details and architecture. Will come back!,5,positive,0
Poorly maintained heritage street mural spot in Tanjung Bungah. Encountered confusing ordering process and uncomfortable broken seating.,2,negative,0
A breathtaking cultural stop in Jelutong! The freshly steamed Hainanese Kaya butter toast and kampung eggs and comfortable air-conditioned seating made it deeply memorable.,5,positive,0
"Cendol memang mantap, authentic Penang taste so syok and refreshing!",5,positive,0
Very disappointed with the fragrant BM Yam Rice with salted vegetable duck soup at this colonial fort in Balik Pulau. We encountered unclear information and lack of signages and confusing ordering process.,1,negative,0
Wonderful preservation of Malaysian culture in George Town. Noticed the fascinating cultural details and architecture and convenient location and easy accessibility.,4,positive,0
又贵又难吃，环境脏乱差，给一颗星都嫌多！,1,negative,0
"Makan not nice, price mahal gila and staff sombong nak mampus.",1,negative,0
Best stop for local food lovers. The piping hot Kuih Akok and traditional keropok lekor exceeded expectations with generous portion sizes. Will come back!,5,positive,0
"The satay stall was decent. There was standard basic facilities, although a relatively brief walking tour could be improved.",4,neutral,0
"Char kway teow padu gila, duck egg yolk so creamy and lots of cockles!",5,positive,0
整体还行，周末游客比较多，稍微有点拥挤。,3,neutral,0
The succulent satay skewers with thick peanut gravy was tasteless and overpriced. The dirty sticky tables and unwashed utensils made the dining experience unbearable.,2,negative,0
Wonderful preservation of Malaysian culture in Little India. Noticed the truly memorable and enriching experience and rich authentic flavors.,5,positive,0
文化底蕴深厚，讲解员解说很清楚，很有收获的文化之旅。,5,positive,0
Bad bad bad bad bad bad bad bad bad bad bad,1,negative,1
"Overhyped tourist stop in George Town. The fragrant BM Yam Rice with salted vegetable duck soup was cold, and we had to endure limited food options with many items out of stock.",2,negative,0
不推荐,1,negative,0
Nice place,4,positive,0
差评,1,negative,0
A breathtaking cultural stop in George Town! The succulent satay skewers with thick peanut gravy and clean and well-maintained environment made it deeply memorable.,5,positive,0
Rich in tradition and heritage. Exploring the bakery with beautiful aesthetic presentation was the highlight of our trip.,1,positive,1
Amazing amazing amazing amazing amazing amazing amazing amazing,1,positive,1
Incredible historical landmark in Chinatown. We appreciated the authentic traditional recipes and convenient location and easy accessibility. Highly recommended!,4,positive,0
"Cendol memang mantap, authentic Penang taste so syok and refreshing!",5,positive,0
Not recommended,1,negative,0
Place quite nice for photos but parking susah gila around here.,3,neutral,0
Rich in tradition and heritage. Exploring the street mural spot with convenient location and easy accessibility was the highlight of our trip.,5,positive,0
"Food sedap gila and the ambience was top notch, totally recommended!",5,positive,0
Harga cekik darah! Kena caj tersembunyi yang langsung tak masuk akal.,1,negative,0
"Servis sangat pantas dan mesra, makanan panas dan segar dari dapur.",5,positive,0
Buy now limited offer discount discount discount contact me for free vouchers,1,neutral,1
Expected rich cultural insights but was met with poor crowd management and disorganised queues and cramped and poorly ventilated space. Would not recommend.,4,negative,1
An average stop in Butterworth featuring average waiting times during rush hour. Nothing particularly extraordinary but acceptable.,4,neutral,0
"Servis sangat pantas dan mesra, makanan panas dan segar dari dapur.",5,positive,0
"Cendol memang mantap, authentic Penang taste so syok and refreshing!",5,positive,0
Would not return to this colonial fort. The spiced Nasi Kandar with dark squid curry and fried chicken was disappointing and the rude and arrogant staff attitudes ruined our mood.,2,negative,0
好吃,5,positive,0
Incredible historical landmark in Bayan Lepas. We appreciated the very helpful and accommodating staff and friendly and attentive service. Highly recommended!,4,positive,0
Best stop for local food lovers. The UNESCO heritage indigo courtyards and feng shui architecture exceeded expectations with clear and engaging historical explanations. Will come back!,5,positive,0
Poorly maintained heritage night market bazaar in Chinatown. Encountered cramped and poorly ventilated space and grossly overpriced tourist trap pricing.,2,negative,0
Wonderful preservation of Malaysian culture in Chinatown. Noticed the very helpful and accommodating staff and friendly and attentive service.,4,positive,0
Best stop for local food lovers. The engaging docents explaining Baba Nyonya family customs exceeded expectations with clean and well-maintained environment. Will come back!,2,positive,1
"Authentic Malaysian taste at its best! The fragrant BM Yam Rice with salted vegetable duck soup in Chinatown was top tier, plus very helpful and accommodating staff.",4,positive,0
Great experience,5,positive,0
Disappointing visit to this clan jetty. Felt neglected with rude and arrogant staff attitudes and very poor visitor guidance.,1,negative,0
"A must-try culinary gem in Chinatown. The UNESCO heritage indigo courtyards and feng shui architecture was fresh and delicious, accompanied by truly memorable and enriching experience.",5,positive,0
Free bitcoin giveaway click http://crypto-win.xyz fast before ended,5,neutral,1
Would not return to this baba nyonya mansion. The steamed Nasi Dagang with tender tuna gulai was disappointing and the uncomfortable broken seating ruined our mood.,5,negative,1
非常棒的体验，东西很好吃，分量足且性价比很高。,5,positive,0
A breathtaking cultural stop in Tanjung Bungah! The engaging docents explaining Baba Nyonya family customs and comfortable air-conditioned seating made it deeply memorable.,1,positive,1
"Overhyped tourist stop in Bukit Mertajam. The Char Kway Teow with duck egg and wok hei was cold, and we had to endure rude and arrogant staff attitudes.",5,negative,1
Fair experience overall with a simple and functional seating layout. Suits travelers who just want a brief stop.,4,neutral,0
整体还行，周末游客比较多，稍微有点拥挤。,3,neutral,0
Standard experience in Tanjung Bungah. Food and service had a moderate selection of local dishes. Convenient for a short rest.,3,neutral,0
Very disappointed with the freshly steamed Hainanese Kaya butter toast and kampung eggs at this street mural spot in Campbell Street. We encountered confusing ordering process and noisy and stressful environment.,1,negative,0
Such a serene and educational experience at the rooftop lounge. Impressed by clear and engaging historical explanations and very helpful and accommodating staff.,1,positive,1
tak puas hati dengan layanan pekerja yang pemalas,1,negative,0
"not bad, quite liked the food and friendly service",4,positive,0
食物新鲜美味，老板很热情好客，五星好评！,5,positive,0
"Tandas kotor dan bau busuk menyengat, makanan pun rasa basi.",1,negative,0
"Mantap gila place, very instagrammable and peaceful to chill out.",4,positive,0
整体还行，周末游客比较多，稍微有点拥挤。,3,neutral,0
"Super nice heritage vibes, staff helpful gila and knowledgeable.",5,positive,0
Poorly maintained heritage clan jetty in Bayan Lepas. Encountered unclear information and lack of signages and extremely slow and chaotic service.,2,negative,0
"Terrible meal. The intricate Chinese dragon wood carvings and granite courtyards lacked flavor and freshness, coupled with cold, greasy and bland food and confusing ordering process.",2,negative,0
"Wait so long for cold food, totally tak worth it and bad mood.",1,negative,0
物超所值，值得推荐给所有来马来西亚旅游的朋友。,5,positive,0
Pekerja bermasam muka dan berkira bila minta sudu tambahan.,1,negative,0
"Terrible meal. The serene coastal breeze and golden sunset views lacked flavor and freshness, coupled with poor crowd management and disorganised queues and noisy and stressful environment.",1,negative,0
Poorly maintained heritage baba nyonya mansion in Air Itam. Encountered limited food options with many items out of stock and dirty sticky tables and unwashed utensils.,1,negative,0
11111111111 222222222 33333333333 discount call now,3,neutral,1
卫生条件很差，桌子油腻腻的，服务态度傲慢无礼。,1,negative,0
Wonderful preservation of Malaysian culture in Chinatown. Noticed the convenient location and easy accessibility and fascinating cultural details and architecture.,4,positive,0
Bad bad bad bad bad bad bad bad bad bad bad,3,negative,1
Wonderful preservation of Malaysian culture in Little India. Noticed the truly memorable and enriching experience and reasonable and transparent prices.,5,positive,0
食物非常好吃，服务态度很亲切，非常推荐大家来尝试！,5,positive,0
Poorly maintained heritage nasi kandar stall in George Town. Encountered limited food options with many items out of stock and dirty sticky tables and unwashed utensils.,2,negative,0
"Terrible meal. The spiced Nasi Kandar with dark squid curry and fried chicken lacked flavor and freshness, coupled with uncomfortable broken seating and cold, greasy and bland food.",1,negative,0
Sangat berpuas hati dengan kebersihan dan keramahan pekerja di sini.,5,positive,0
Super nice,5,positive,0
"tidak bersih dan meja melekit, rasa loya nak makan",1,negative,0
Not worth the entrance fee or trip to George Town. The main issue was extremely slow and chaotic service with confusing ordering process.,5,negative,1
"Poorly maintained heritage tea house in Butterworth. Encountered cold, greasy and bland food and over an hour waiting time for simple orders.",1,negative,0
Best stop for local food lovers. The creamy Cendol with fresh coconut milk and Gula Melaka exceeded expectations with generous portion sizes. Will come back!,4,positive,0
Incredible food experience in Butterworth! The crispy Roti Canai with aromatic dhal and mutton curry had unmatched authentic flavors and very helpful and accommodating staff.,4,positive,0
"Keropok lekor panas gebu, sos pencicah manis pedas memang ngam.",5,positive,0
Tempat okay tapi agak sesak dengan pelancong pada hujung minggu.,3,neutral,0
"Terrible meal. The freshly steamed Hainanese Kaya butter toast and kampung eggs lacked flavor and freshness, coupled with cold, greasy and bland food and confusing ordering process.",2,negative,0
"kurang memuaskan, tempat sesak dan tiada layanan langsung",2,negative,0
"Food cold and tasteless, price like 5 star hotel but hawker standard.",1,negative,0
"Rugi masa datang sini, langsung tiada apa yang menarik seperti diiklan.",1,negative,0
"tidak mengecewakan langsung, suasana sangat cantik dan tenang",5,positive,0
"Yam rice soup damn solid bro, salted vege duck soup so comforting!",5,positive,0
"Suasana bersih, tenang dan selesa. Pasti akan datang lagi bila ke sini.",5,positive,0
"not bad la, food sedap and price okay for family",4,positive,0
极其恶劣的体验，千万别来浪费宝贵的旅游假期。,1,negative,0
"Place nice gila, staff very friendly and polite throughout our visit.",5,positive,0
"Terrible meal. The spiced Nasi Kandar with dark squid curry and fried chicken lacked flavor and freshness, coupled with limited food options with many items out of stock and uncomfortable broken seating.",1,negative,0
"Rugi masa datang sini, langsung tiada apa yang menarik seperti diiklan.",1,negative,0
"Lekor panas-panas, best gila wei! Must try if you come here!",5,positive,0
Best stop for local food lovers. The serene coastal breeze and golden sunset views exceeded expectations with clean and well-maintained environment. Will come back!,4,positive,0
tidak sedap dan staf sangat biadab bila pelanggan tanya,1,negative,0
Such a serene and educational experience at the craft studio. Impressed by beautiful aesthetic presentation and clear and engaging historical explanations.,5,positive,0
Would not return to this satay stall. The Char Kway Teow with duck egg and wok hei was disappointing and the extremely slow and chaotic service ruined our mood.,2,negative,0
Very disappointed with the serene coastal breeze and golden sunset views at this street mural spot in Air Itam. We encountered cramped and poorly ventilated space and confusing ordering process.,1,negative,0
Best stop for local food lovers. The succulent satay skewers with thick peanut gravy exceeded expectations with very helpful and accommodating staff. Will come back!,1,positive,1
Rich in tradition and heritage. Exploring the nature trail with beautiful aesthetic presentation was the highlight of our trip.,5,positive,0
风景很美，拍照很好看，全家人都很喜欢这个历史古迹。,5,positive,0
"Dirty tables everywhere, damn disgusting experience and smelly toilet.",1,negative,0
"tak mengecewakan, makanan sedap dan servis bagus sangat",5,positive,0
"was not bad, pretty nice spot for afternoon tea and dessert",4,positive,0
"Staff very rude, tempat kotor gila potong stim bila nak makan.",1,negative,0
Expected rich cultural insights but was met with uncomfortable broken seating and extremely slow and chaotic service. Would not recommend.,1,negative,0
Disappointing visit to this curated museum. Felt neglected with noisy and stressful environment and very poor visitor guidance.,5,negative,1
风景很美，拍照很好看，全家人都很喜欢这个历史古迹。,5,positive,0
"tak menghampakan, memang berbaloi singgah sini makan malam",5,positive,0
Terrible,1,negative,0
The creamy Cendol with fresh coconut milk and Gula Melaka was tasteless and overpriced. The noisy and stressful environment made the dining experience unbearable.,4,negative,1
"Biasa sahaja, makanan boleh tahan tapi tiada yang begitu istimewa.",3,neutral,0
"Lekor panas-panas, best gila wei! Must try if you come here!",5,positive,0
极其恶劣的体验，千万别来浪费宝贵的旅游假期。,1,negative,0
"Overhyped tourist stop in Armenian Street. The fragrant BM Yam Rice with salted vegetable duck soup was cold, and we had to endure unclear information and lack of signages.",1,negative,0
"Layanan buruk, pekerja malas dan tempat tidak terurus langsung.",1,negative,0
"tidak mengecewakan, tempat bersejarah yang menarik dan bersih",4,positive,0
Very disappointed with the creamy Cendol with fresh coconut milk and Gula Melaka at this rooftop lounge in Gurney. We encountered dirty sticky tables and unwashed utensils and cramped and poorly ventilated space.,4,negative,1
"The bakery was decent. There was a moderate selection of local dishes, although decent place for a quick photo stop could be improved.",3,neutral,0
"Authentic Malaysian taste at its best! The succulent satay skewers with thick peanut gravy in Tanjung Bungah was top tier, plus well organised tour activities.",4,positive,0
11111111111 222222222 33333333333 discount call now,3,neutral,1
"Makan not nice, price mahal gila and staff sombong nak mampus.",1,negative,0
"Lekor panas-panas, best gila wei! Must try if you come here!",5,positive,0
好吃,5,positive,0
Best stop for local food lovers. The spiced Nasi Kandar with dark squid curry and fried chicken exceeded expectations with convenient location and easy accessibility. Will come back!,4,positive,0
The UNESCO heritage indigo courtyards and feng shui architecture at this spice garden in Tanjung Bungah was absolutely outstanding! Loved the beautiful aesthetic presentation and generous portion sizes.,5,positive,0
"Senibina klasik Baba Nyonya yang memukau, banyak sudut bergambar menarik.",5,positive,0
"Servis sangat pantas dan mesra, makanan panas dan segar dari dapur.",5,positive,0
"Terrible meal. The serene coastal breeze and golden sunset views lacked flavor and freshness, coupled with dirty sticky tables and unwashed utensils and cold, greasy and bland food.",2,negative,0
"Sangat teruk, tak akan syorkan kepada sesiapa pun untuk datang.",1,negative,0
食物不新鲜，吃完回去肚子不舒服，卫生令人担忧。,1,negative,0
Disappointing visit to this nature trail. Felt neglected with over an hour waiting time for simple orders and very poor visitor guidance.,1,negative,0
食物不新鲜，吃完回去肚子不舒服，卫生令人担忧。,1,negative,0
"not great at all, waited one hour for cold and soggy food",1,negative,0
非常失望，排队一个多小时结果食物是冷的而且很难吃。,1,negative,0
"Authentic Malaysian taste at its best! The Char Kway Teow with duck egg and wok hei in Butterworth was top tier, plus freshly prepared hot food.",4,positive,0
Wonderful preservation of Malaysian culture in Little India. Noticed the reasonable and transparent prices and fascinating cultural details and architecture.,4,positive,0
"A must-try culinary gem in Bayan Lepas. The creamy Cendol with fresh coconut milk and Gula Melaka was fresh and delicious, accompanied by authentic traditional recipes.",4,positive,0
Tempat warisan bersejarah yang sangat bermakna dan dijaga dengan rapi.,5,positive,0
An average stop in Teluk Bahang featuring basic informative signage. Nothing particularly extraordinary but acceptable.,3,neutral,0
Sangat berpuas hati dengan kebersihan dan keramahan pekerja di sini.,5,positive,0
Fair experience overall with standard basic facilities. Suits travelers who just want a brief stop.,3,neutral,0
"Overrated gila, queue one hour for tasteless cendol and rude cashier.",1,negative,0
煎蕊红豆绵密，椰糖香浓正宗，正宗槟城老字号风味！,5,positive,0
Get unlimited followers and likes fast dm on instagram @promo_bot_now,2,neutral,1
Tempat okay tapi agak sesak dengan pelancong pada hujung minggu.,3,neutral,0
"Overhyped tourist stop in Little India. The engaging docents explaining Baba Nyonya family customs was cold, and we had to endure cold, greasy and bland food.",1,negative,0
Expected rich cultural insights but was met with cramped and poorly ventilated space and poor crowd management and disorganised queues. Would not recommend.,2,negative,0
Delicious food,5,positive,0
A breathtaking cultural stop in Tanjung Bungah! The crispy Roti Canai with aromatic dhal and mutton curry and reasonable and transparent prices made it deeply memorable.,5,positive,0
Best stop for local food lovers. The hand-drawn street art murals and vibrant artisan crafts exceeded expectations with clean and well-maintained environment. Will come back!,2,positive,1
The steamed Nasi Dagang with tender tuna gulai at this curated museum in George Town was absolutely outstanding! Loved the truly memorable and enriching experience and friendly and attentive service.,1,positive,1
Contact +60123456789 for instant cashback and crypto promo discount vouchers,1,neutral,1
"Nasi kandar padu, kuah campur pekat dan ayam goreng berempah rangup!",5,positive,0
环境优美古色古香，员工很有礼貌，值得带家人再来。,5,positive,0
"not good, very rude staff and dirty tables everywhere",1,negative,0
Loved every bite of the Char Kway Teow with duck egg and wok hei. The clear and engaging historical explanations and clean and well-maintained environment made our visit thoroughly enjoyable.,4,positive,0
"Layanan cemerlang, rasa masakan asli turun-temurun sangat mengagumkan!",5,positive,0
The intricate Chinese dragon wood carvings and granite courtyards at this nature trail in Bayan Lepas was absolutely outstanding! Loved the freshly prepared hot food and fast and efficient table turnover.,5,positive,0
"tak mengecewakan, makanan sedap dan servis bagus sangat",5,positive,0
"not acceptable hygiene, found flies in the dining area",1,negative,0
Expected rich cultural insights but was met with dirty sticky tables and unwashed utensils and extremely slow and chaotic service. Would not recommend.,2,negative,0
炒粿条镬气十足，鸭蛋香味浓郁，虾肉新鲜弹牙！,5,positive,0
"Food cold and tasteless, price like 5 star hotel but hawker standard.",1,negative,0
"Overhyped tourist stop in Batu Ferringhi. The creamy Cendol with fresh coconut milk and Gula Melaka was cold, and we had to endure poor crowd management and disorganised queues.",1,negative,0
A breathtaking cultural stop in Gurney! The crispy Roti Canai with aromatic dhal and mutton curry and well organised tour activities made it deeply memorable.,1,positive,1
"Overhyped tourist stop in Gurney. The serene coastal breeze and golden sunset views was cold, and we had to endure rude and arrogant staff attitudes.",4,negative,1
"tidak mengecewakan langsung, suasana sangat cantik dan tenang",5,positive,0
"Layanan buruk, pekerja malas dan tempat tidak terurus langsung.",1,negative,0
"tidak ada masalah, urusan sangat lancar dan puas hati",5,positive,0
"Cendol pulut terbaik di George Town, manis berlemak santan segar.",5,positive,0
味道一般般，没有网络上吹捧得那么惊艳。,3,neutral,0
Rich in tradition and heritage. Exploring the bakery with friendly and attentive service was the highlight of our trip.,4,positive,0
Sangat mengecewakan dan tidak berbaloi dengan harga tiket yang mahal.,1,negative,0
The Char Kway Teow with duck egg and wok hei was tasteless and overpriced. The extremely slow and chaotic service made the dining experience unbearable.,4,negative,1
"tak pernah rasa cendol sesedap ini, santan pekat manis sedang elok",5,positive,0
Free bitcoin giveaway click http://crypto-win.xyz fast before ended,4,neutral,1
中规中矩，无功无过，适合路过时简单吃个便饭。,3,neutral,0
Amazing amazing amazing amazing amazing amazing amazing amazing,2,positive,1
Such a serene and educational experience at the craft studio. Impressed by authentic traditional recipes and fascinating cultural details and architecture.,1,positive,1
Visit my website https://example-deals.com for cheap packages and free gifts,2,neutral,1
Fair experience overall with a relatively brief walking tour. Suits travelers who just want a brief stop.,2,neutral,0
环境优美古色古香，员工很有礼貌，值得带家人再来。,5,positive,0
Incredible food experience in Batu Ferringhi! The serene coastal breeze and golden sunset views had unmatched authentic flavors and well organised tour activities.,5,positive,0
Standard experience in Jelutong. Food and service had a simple and functional seating layout. Convenient for a short rest.,2,neutral,0
Amazing amazing amazing amazing amazing amazing amazing amazing,1,positive,1
Disappointing visit to this clan jetty. Felt neglected with extremely slow and chaotic service and very poor visitor guidance.,4,negative,1
非常失望，排队一个多小时结果食物是冷的而且很难吃。,1,negative,0
A breathtaking cultural stop in Chinatown! The crispy Roti Canai with aromatic dhal and mutton curry and rich authentic flavors made it deeply memorable.,5,positive,0
煎蕊红豆绵密，椰糖香浓正宗，正宗槟城老字号风味！,5,positive,0
Overpriced and slow,1,negative,0
Disappointing visit to this curated museum. Felt neglected with extremely slow and chaotic service and very poor visitor guidance.,2,negative,0
Sangat berpuas hati dengan kebersihan dan keramahan pekerja di sini.,5,positive,0
"Overhyped tourist stop in Balik Pulau. The spiced Nasi Kandar with dark squid curry and fried chicken was cold, and we had to endure confusing ordering process.",1,negative,0
Mantap,5,positive,0
"Rugi masa datang sini, langsung tiada apa yang menarik seperti diiklan.",1,negative,0
"Average taste la, standard tourist price and normal portion size.",3,neutral,0
"tak bagus, servis lambat gila dan tempat berbau hapak",1,negative,0
Bad bad bad bad bad bad bad bad bad bad bad,2,negative,1
Visit my website https://example-deals.com for cheap packages and free gifts,5,neutral,1
Wonderful preservation of Malaysian culture in Teluk Bahang. Noticed the fast and efficient table turnover and very helpful and accommodating staff.,5,positive,0
The spiced Nasi Kandar with dark squid curry and fried chicken was tasteless and overpriced. The extremely slow and chaotic service made the dining experience unbearable.,1,negative,0
Standard experience in Balik Pulau. Food and service had standard basic facilities. Convenient for a short rest.,3,neutral,0
价格昂贵但质量很差，完全是坑游客的黑店，千万别来。,1,negative,0
Amazing amazing amazing amazing amazing amazing amazing amazing,3,positive,1
极其恶劣的体验，千万别来浪费宝贵的旅游假期。,1,negative,0
Great experience,5,positive,0
"Makanan enak dan harga sangat berpatutan, porsi banyak dan mengenyangkan.",5,positive,0
"Kuah kari cair dan tawar, nasi keras macam tak masak elok.",1,negative,0
"Murah and sedap, really worth the visit for genuine foodies.",5,positive,0
Good food,4,positive,0
"Terrible meal. The fragrant BM Yam Rice with salted vegetable duck soup lacked flavor and freshness, coupled with over an hour waiting time for simple orders and cramped and poorly ventilated space.",1,negative,0
The UNESCO heritage indigo courtyards and feng shui architecture was tasteless and overpriced. The noisy and stressful environment made the dining experience unbearable.,1,negative,0
Worst meal,1,negative,0
Incredible historical landmark in Balik Pulau. We appreciated the reasonable and transparent prices and well organised tour activities. Highly recommended!,4,positive,0
"Not worth the entrance fee or trip to Jelutong. The main issue was poor crowd management and disorganised queues with cold, greasy and bland food.",1,negative,0
娘惹糕点色彩缤纷口感细腻，椰香十足，必吃推荐！,5,positive,0
"Yam rice soup damn solid bro, salted vege duck soup so comforting!",5,positive,0
Clean and tidy,4,positive,0
Not worth the entrance fee or trip to Jelutong. The main issue was dirty sticky tables and unwashed utensils with rude and arrogant staff attitudes.,1,negative,0
tak puas hati dengan layanan pekerja yang pemalas,1,negative,0
11111111111 222222222 33333333333 discount call now,5,neutral,1
Amazing amazing amazing amazing amazing amazing amazing amazing,5,positive,1
Very disappointed with the crispy Roti Canai with aromatic dhal and mutton curry at this baba nyonya mansion in Chinatown. We encountered extremely slow and chaotic service and noisy and stressful environment.,5,negative,1
Follow my telegram channel and message me for the best promotion code today on whatsapp,4,neutral,1
整体还行，周末游客比较多，稍微有点拥挤。,3,neutral,0
Visit my website https://example-deals.com for cheap packages and free gifts,3,neutral,1
Claim your free 500 dollar hotel voucher at http://scam-promo.com right now!,4,neutral,1
"not an ordinary meal, truly sensational flavors and great hospitality",5,positive,0
Fair experience overall with standard basic facilities. Suits travelers who just want a brief stop.,2,neutral,0
Dirty place,1,negative,0
Visited this tea house in Bukit Mertajam. It offered standard basic facilities. An okay stop overall if you are nearby.,3,neutral,0
Place quite nice for photos but parking susah gila around here.,3,neutral,0
The serene coastal breeze and golden sunset views at this kopitiam in Bayan Lepas was absolutely outstanding! Loved the fast and efficient table turnover and reasonable and transparent prices.,5,positive,0
马马虎虎，算是一个普通的打卡景点吧，顺路可以看看。,3,neutral,0
"A must-try culinary gem in Jelutong. The steamed Nasi Dagang with tender tuna gulai was fresh and delicious, accompanied by clear and engaging historical explanations.",5,positive,0
Sangat berpuas hati dengan kebersihan dan keramahan pekerja di sini.,5,positive,0
"Nasi lemak bungkus sambal padu, aroma daun pisang wangian asli.",5,positive,0
"Disappointing visit to this heritage restaurant. Felt neglected with cold, greasy and bland food and very poor visitor guidance.",1,negative,0
Standard experience in Balik Pulau. Food and service had a relatively brief walking tour. Convenient for a short rest.,3,neutral,0
Such a serene and educational experience at the tea house. Impressed by rich authentic flavors and fast and efficient table turnover.,5,positive,0
Not worth the entrance fee or trip to Teluk Bahang. The main issue was uncomfortable broken seating with over an hour waiting time for simple orders.,5,negative,1
"Cendol memang mantap, authentic Penang taste so syok and refreshing!",5,positive,0
"Terrible meal. The UNESCO heritage indigo courtyards and feng shui architecture lacked flavor and freshness, coupled with stale ingredients lacking freshness and extremely slow and chaotic service.",2,negative,0
"Sangat teruk, tak akan syorkan kepada sesiapa pun untuk datang.",1,negative,0
Loved every bite of the engaging docents explaining Baba Nyonya family customs. The fast and efficient table turnover and fascinating cultural details and architecture made our visit thoroughly enjoyable.,4,positive,0
Rich in tradition and heritage. Exploring the cultural gallery with rich authentic flavors was the highlight of our trip.,4,positive,0
娘惹糕点色彩缤纷口感细腻，椰香十足，必吃推荐！,5,positive,0
Best stop for local food lovers. The succulent satay skewers with thick peanut gravy exceeded expectations with well organised tour activities. Will come back!,4,positive,0
"definitely not disappointed, fantastic experience with family",5,positive,0
"Waited 45 mins just for one plate of fried noodles, never again!",1,negative,0
"Murah and sedap, really worth the visit for genuine foodies.",5,positive,0
煎蕊红豆绵密，椰糖香浓正宗，正宗槟城老字号风味！,5,positive,0
娘惹糕点色彩缤纷口感细腻，椰香十足，必吃推荐！,5,positive,0
A breathtaking cultural stop in Teluk Bahang! The freshly steamed Hainanese Kaya butter toast and kampung eggs and convenient location and easy accessibility made it deeply memorable.,4,positive,0
A breathtaking cultural stop in Balik Pulau! The intricate Chinese dragon wood carvings and granite courtyards and comfortable air-conditioned seating made it deeply memorable.,5,positive,0
Incredible food experience in Batu Ferringhi! The steamed Nasi Dagang with tender tuna gulai had unmatched authentic flavors and comfortable air-conditioned seating.,4,positive,0
"no customer care at all, ignored by waiters for 40 minutes",1,negative,0
"Biasa sahaja, makanan boleh tahan tapi tiada yang begitu istimewa.",3,neutral,0
Disappointing visit to this temple garden. Felt neglected with poor crowd management and disorganised queues and very poor visitor guidance.,1,negative,0
Best stop for local food lovers. The hand-drawn street art murals and vibrant artisan crafts exceeded expectations with freshly prepared hot food. Will come back!,1,positive,1
"Roti canai crispy gila, kuah kari pekat sedap terangkat!",5,positive,0
Expected rich cultural insights but was met with dirty sticky tables and unwashed utensils and unclear information and lack of signages. Would not recommend.,1,negative,0
Visit my website https://example-deals.com for cheap packages and free gifts,1,neutral,1
Tempat okay tapi agak sesak dengan pelancong pada hujung minggu.,3,neutral,0
味道一般般，没有网络上吹捧得那么惊艳。,3,neutral,0
"Makanan enak dan harga sangat berpatutan, porsi banyak dan mengenyangkan.",5,positive,0
物超所值，值得推荐给所有来马来西亚旅游的朋友。,5,positive,0
Incredible food experience in Air Itam! The engaging docents explaining Baba Nyonya family customs had unmatched authentic flavors and beautiful aesthetic presentation.,5,positive,0
Incredible historical landmark in Chinatown. We appreciated the beautiful aesthetic presentation and clear and engaging historical explanations. Highly recommended!,2,positive,1
The creamy Cendol with fresh coconut milk and Gula Melaka at this temple garden in Chinatown was absolutely outstanding! Loved the comfortable air-conditioned seating and authentic traditional recipes.,5,positive,0
文化底蕴深厚，讲解员解说很清楚，很有收获的文化之旅。,5,positive,0
Standard experience in Balik Pulau. Food and service had an ordinary tourist stop without surprises. Convenient for a short rest.,2,neutral,0
Incredible historical landmark in Bukit Mertajam. We appreciated the friendly and attentive service and authentic traditional recipes. Highly recommended!,4,positive,0
Wonderful preservation of Malaysian culture in Bayan Lepas. Noticed the very helpful and accommodating staff and rich authentic flavors.,5,positive,0
Best stop for local food lovers. The crispy Roti Canai with aromatic dhal and mutton curry exceeded expectations with truly memorable and enriching experience. Will come back!,4,positive,0
An average stop in Balik Pulau featuring average waiting times during rush hour. Nothing particularly extraordinary but acceptable.,2,neutral,0
"Pengalaman yang sangat memuaskan, tempat warisan terpelihara dengan indah.",5,positive,0
环境优美古色古香，员工很有礼貌，值得带家人再来。,5,positive,0
Loved every bite of the creamy Cendol with fresh coconut milk and Gula Melaka. The freshly prepared hot food and convenient location and easy accessibility made our visit thoroughly enjoyable.,4,positive,0
味道一般般，没有网络上吹捧得那么惊艳。,3,neutral,0
The creamy Cendol with fresh coconut milk and Gula Melaka at this spice garden in Armenian Street was absolutely outstanding! Loved the clear and engaging historical explanations and clean and well-maintained environment.,1,positive,1
非常失望，排队一个多小时结果食物是冷的而且很难吃。,1,negative,0
The intricate Chinese dragon wood carvings and granite courtyards was tasteless and overpriced. The cramped and poorly ventilated space made the dining experience unbearable.,2,negative,0
"Overhyped tourist stop in Gurney. The majestic 272 steps and cathedral limestone caves was cold, and we had to endure confusing ordering process.",2,negative,0
"Terrible meal. The serene coastal breeze and golden sunset views lacked flavor and freshness, coupled with uncomfortable broken seating and poor crowd management and disorganised queues.",4,negative,1
Overpriced and slow,1,negative,0
Poorly maintained heritage nasi kandar stall in Air Itam. Encountered extremely slow and chaotic service and noisy and stressful environment.,1,negative,0
Wonderful preservation of Malaysian culture in Chinatown. Noticed the very helpful and accommodating staff and rich authentic flavors.,5,positive,0
"Makanan sangat sedap dan staf peramah, layanan terbaik tiada tandingan!",5,positive,0
"Overhyped tourist stop in Air Itam. The Char Kway Teow with duck egg and wok hei was cold, and we had to endure uncomfortable broken seating.",1,negative,0
中规中矩，无功无过，适合路过时简单吃个便饭。,3,neutral,0
Buy now limited offer discount discount discount contact me for free vouchers,4,neutral,1
"A must-try culinary gem in Little India. The spiced Nasi Kandar with dark squid curry and fried chicken was fresh and delicious, accompanied by well organised tour activities.",4,positive,0
Bad food,1,negative,0
The piping hot Kuih Akok and traditional keropok lekor at this baba nyonya mansion in Butterworth was absolutely outstanding! Loved the freshly prepared hot food and beautiful aesthetic presentation.,2,positive,1
"Layanan buruk, pekerja malas dan tempat tidak terurus langsung.",1,negative,0
"Pengalaman standard, harga sederhana dan servis bersahaja.",3,neutral,0
Loved every bite of the authentic Peranakan Nyonya Laksa. The authentic traditional recipes and rich authentic flavors made our visit thoroughly enjoyable.,5,positive,0
"A must-try culinary gem in Bukit Mertajam. The succulent satay skewers with thick peanut gravy was fresh and delicious, accompanied by convenient location and easy accessibility.",4,positive,0
Incredible food experience in Batu Ferringhi! The UNESCO heritage indigo courtyards and feng shui architecture had unmatched authentic flavors and friendly and attentive service.,5,positive,0
"Authentic Malaysian taste at its best! The fragrant BM Yam Rice with salted vegetable duck soup in Butterworth was top tier, plus friendly and attentive service.",5,positive,0
The hand-drawn street art murals and vibrant artisan crafts at this bakery in Butterworth was absolutely outstanding! Loved the clear and engaging historical explanations and comfortable air-conditioned seating.,1,positive,1
The freshly steamed Hainanese Kaya butter toast and kampung eggs was tasteless and overpriced. The poor crowd management and disorganised queues made the dining experience unbearable.,1,negative,0
Tempat warisan bersejarah yang sangat bermakna dan dijaga dengan rapi.,5,positive,0
"Waited 45 mins just for one plate of fried noodles, never again!",1,negative,0
"Waited 45 mins just for one plate of fried noodles, never again!",1,negative,0
Servis teruk,1,negative,0
"did not like it, very confusing and disorganized place",1,negative,0
"tak menghampakan, memang berbaloi singgah sini makan malam",5,positive,0
Very disappointed with the UNESCO heritage indigo courtyards and feng shui architecture at this kopitiam in Gurney. We encountered rude and arrogant staff attitudes and poor crowd management and disorganised queues.,5,negative,1
"Makan not nice, price mahal gila and staff sombong nak mampus.",1,negative,0
物超所值，值得推荐给所有来马来西亚旅游的朋友。,5,positive,0
asdf qwer zxcv lorem ipsum random review text asdf zxcv,5,neutral,1
炒粿条镬气十足，鸭蛋香味浓郁，虾肉新鲜弹牙！,5,positive,0
Such a serene and educational experience at the satay stall. Impressed by fascinating cultural details and architecture and well organised tour activities.,5,positive,0
"Suasana bersih, tenang dan selesa. Pasti akan datang lagi bila ke sini.",5,positive,0
Boleh diterima tetapi perlukan penambahbaikan dari segi kemudahan awam.,3,neutral,0
tak puas hati dengan layanan pekerja yang pemalas,1,negative,0
not worth the price or the long queue under the hot sun,1,negative,0
Visited this colonial fort in Tanjung Bungah. It offered a relatively brief walking tour. An okay stop overall if you are nearby.,3,neutral,0
"Keropok lekor panas gebu, sos pencicah manis pedas memang ngam.",5,positive,0
An average stop in Teluk Bahang featuring an ordinary tourist stop without surprises. Nothing particularly extraordinary but acceptable.,2,neutral,0
食物普通，环境还可以，价格算中规中矩。,3,neutral,0
Incredible historical landmark in Batu Ferringhi. We appreciated the fast and efficient table turnover and reasonable and transparent prices. Highly recommended!,4,positive,0
又贵又难吃，环境脏乱差，给一颗星都嫌多！,1,negative,0
"Overhyped tourist stop in Little India. The crispy Roti Canai with aromatic dhal and mutton curry was cold, and we had to endure noisy and stressful environment.",1,negative,0
"Authentic Malaysian taste at its best! The UNESCO heritage indigo courtyards and feng shui architecture in Batu Ferringhi was top tier, plus fast and efficient table turnover.",5,positive,0
Must visit,5,positive,0
Such a serene and educational experience at the nasi kandar stall. Impressed by generous portion sizes and clear and engaging historical explanations.,5,positive,0
Tak sedap,1,negative,0
"Authentic Malaysian taste at its best! The UNESCO heritage indigo courtyards and feng shui architecture in Air Itam was top tier, plus friendly and attentive service.",2,positive,1
Standard experience in Tanjung Bungah. Food and service had a simple and functional seating layout. Convenient for a short rest.,4,neutral,0
Pekerja bermasam muka dan berkira bila minta sudu tambahan.,1,negative,0
"never had any issue here, consistently delicious and fresh",5,positive,0
Loved every bite of the serene coastal breeze and golden sunset views. The freshly prepared hot food and authentic traditional recipes made our visit thoroughly enjoyable.,2,positive,1
态度差,1,negative,0
"The street mural spot was decent. There was basic informative signage, although standard kopitiam ambiance could be improved.",3,neutral,0
Claim your free 500 dollar hotel voucher at http://scam-promo.com right now!,5,neutral,1
风景很美，拍照很好看，全家人都很喜欢这个历史古迹。,5,positive,0
Hancur,1,negative,0
"Tandas kotor dan bau busuk menyengat, makanan pun rasa basi.",1,negative,0
"Cendol memang mantap, authentic Penang taste so syok and refreshing!",5,positive,0
"Terrible meal. The hand-drawn street art murals and vibrant artisan crafts lacked flavor and freshness, coupled with over an hour waiting time for simple orders and poor crowd management and disorganised queues.",4,negative,1
Good food,4,positive,0
"Terrible meal. The Char Kway Teow with duck egg and wok hei lacked flavor and freshness, coupled with uncomfortable broken seating and dirty sticky tables and unwashed utensils.",2,negative,0
Fair experience overall with an ordinary tourist stop without surprises. Suits travelers who just want a brief stop.,3,neutral,0
"The coastal cafe was decent. There was standard basic facilities, although decent place for a quick photo stop could be improved.",4,neutral,0
Incredible food experience in Butterworth! The engaging docents explaining Baba Nyonya family customs had unmatched authentic flavors and friendly and attentive service.,5,positive,0
"Authentic Malaysian taste at its best! The fragrant BM Yam Rice with salted vegetable duck soup in Air Itam was top tier, plus generous portion sizes.",5,positive,0
"Mantap gila place, very instagrammable and peaceful to chill out.",4,positive,0
"Hancur mood, cashier buat muka masam and rude when taking orders.",1,negative,0
文化底蕴深厚，讲解员解说很清楚，很有收获的文化之旅。,5,positive,0
"Yam rice soup damn solid bro, salted vege duck soup so comforting!",5,positive,0
Free bitcoin giveaway click http://crypto-win.xyz fast before ended,2,neutral,1
"not great at all, waited one hour for cold and soggy food",1,negative,0
Standard experience in Bayan Lepas. Food and service had a relatively brief walking tour. Convenient for a short rest.,3,neutral,0
Such a serene and educational experience at the colonial fort. Impressed by well organised tour activities and comfortable air-conditioned seating.,4,positive,0
Best stop for local food lovers. The majestic 272 steps and cathedral limestone caves exceeded expectations with clean and well-maintained environment. Will come back!,4,positive,0
又贵又难吃，环境脏乱差，给一颗星都嫌多！,1,negative,0
食物不新鲜，吃完回去肚子不舒服，卫生令人担忧。,1,negative,0
Expected rich cultural insights but was met with rude and arrogant staff attitudes and uncomfortable broken seating. Would not recommend.,2,negative,0
An average stop in Chinatown featuring average waiting times during rush hour. Nothing particularly extraordinary but acceptable.,3,neutral,0
Service tip top and food comes super fast. Truly steady la!,5,positive,0
Such a serene and educational experience at the coastal cafe. Impressed by friendly and attentive service and authentic traditional recipes.,5,positive,0
Claim your free 500 dollar hotel voucher at http://scam-promo.com right now!,5,neutral,1
Rich in tradition and heritage. Exploring the curated museum with convenient location and easy accessibility was the highlight of our trip.,4,positive,0
"Char kway teow padu gila, duck egg yolk so creamy and lots of cockles!",5,positive,0
"Staff very rude, tempat kotor gila potong stim bila nak makan.",1,negative,0
"do not hate it, pretty good food and nice staff",4,positive,0
Disappointing visit to this cultural gallery. Felt neglected with unclear information and lack of signages and very poor visitor guidance.,1,negative,0
The majestic 272 steps and cathedral limestone caves was tasteless and overpriced. The dirty sticky tables and unwashed utensils made the dining experience unbearable.,1,negative,0
Would not return to this nasi kandar stall. The fragrant BM Yam Rice with salted vegetable duck soup was disappointing and the rude and arrogant staff attitudes ruined our mood.,4,negative,1
Best stop for local food lovers. The creamy Cendol with fresh coconut milk and Gula Melaka exceeded expectations with beautiful aesthetic presentation. Will come back!,5,positive,0
Visited this coastal cafe in Bukit Mertajam. It offered basic informative signage. An okay stop overall if you are nearby.,4,neutral,0
Poorly maintained heritage clan jetty in Gurney. Encountered over an hour waiting time for simple orders and uncomfortable broken seating.,1,negative,0
"Overhyped tourist stop in Batu Ferringhi. The spiced Nasi Kandar with dark squid curry and fried chicken was cold, and we had to endure cramped and poorly ventilated space.",1,negative,0
Follow my telegram channel and message me for the best promotion code today on whatsapp,3,neutral,1
Expected rich cultural insights but was met with confusing ordering process and rude and arrogant staff attitudes. Would not recommend.,5,negative,1
"Poorly maintained heritage colonial fort in Gurney. Encountered cold, greasy and bland food and noisy and stressful environment.",4,negative,1
Very tasty,5,positive,0
The spiced Nasi Kandar with dark squid curry and fried chicken was tasteless and overpriced. The stale ingredients lacking freshness made the dining experience unbearable.,1,negative,0
Would not return to this nature trail. The hand-drawn street art murals and vibrant artisan crafts was disappointing and the limited food options with many items out of stock ruined our mood.,2,negative,0
"Very bad experience la, rugi duit and time wasted sitting there.",1,negative,0
Buy now limited offer discount discount discount contact me for free vouchers,2,neutral,1
极其恶劣的体验，千万别来浪费宝贵的旅游假期。,1,negative,0
"Pengurusan sangat lemah, beratur panjang tanpa penerangan jelas.",1,negative,0
Fair experience overall with a simple and functional seating layout. Suits travelers who just want a brief stop.,3,neutral,0
Visit my website https://example-deals.com for cheap packages and free gifts,1,neutral,1
"Staf sangat biadab dan tempat kotor berdebu, tandas tidak dibersihkan.",1,negative,0
"Cendol memang mantap, authentic Penang taste so syok and refreshing!",5,positive,0
tak berbaloi dengan harga yang mahal dan porsi sedikit,1,negative,0
文化底蕴深厚，讲解员解说很清楚，很有收获的文化之旅。,5,positive,0
"Okay la, not bad and not super good either. Standard standard.",3,neutral,0
食物不新鲜，吃完回去肚子不舒服，卫生令人担忧。,1,negative,0
Boleh diterima tetapi perlukan penambahbaikan dari segi kemudahan awam.,3,neutral,0
干净卫生，上菜速度快，整体用餐体验非常满意。,4,positive,0
服务非常慢，等了快一个小时都没人理，催单还给脸色看。,1,negative,0
"Terrible meal. The piping hot Kuih Akok and traditional keropok lekor lacked flavor and freshness, coupled with extremely slow and chaotic service and cold, greasy and bland food.",2,negative,0
Sangat mengecewakan dan tidak berbaloi dengan harga tiket yang mahal.,1,negative,0
11111111111 222222222 33333333333 discount call now,3,neutral,1
食物很难吃，服务员态度极差，完全不推荐大家来踩雷！,1,negative,0
"Wait so long for cold food, totally tak worth it and bad mood.",1,negative,0
"Terrible meal. The serene coastal breeze and golden sunset views lacked flavor and freshness, coupled with stale ingredients lacking freshness and over an hour waiting time for simple orders.",1,negative,0
Fair experience overall with average waiting times during rush hour. Suits travelers who just want a brief stop.,3,neutral,0
"Waited 45 mins just for one plate of fried noodles, never again!",1,negative,0
An average stop in Teluk Bahang featuring standard basic facilities. Nothing particularly extraordinary but acceptable.,3,neutral,0
An average stop in Batu Ferringhi featuring an ordinary tourist stop without surprises. Nothing particularly extraordinary but acceptable.,3,neutral,0
"Nasi lemak bungkus sambal padu, aroma daun pisang wangian asli.",5,positive,0
"Wait so long for cold food, totally tak worth it and bad mood.",1,negative,0
非常失望，排队一个多小时结果食物是冷的而且很难吃。,1,negative,0
"Average taste la, standard tourist price and normal portion size.",3,neutral,0
Disappointing visit to this cultural gallery. Felt neglected with confusing ordering process and very poor visitor guidance.,1,negative,0
很棒,5,positive,0
"Makanan enak dan harga sangat berpatutan, porsi banyak dan mengenyangkan.",5,positive,0
"The kopitiam was decent. There was standard kopitiam ambiance, although decent place for a quick photo stop could be improved.",2,neutral,0
Very tasty,5,positive,0
"Nasi lemak bungkus sambal padu, aroma daun pisang wangian asli.",5,positive,0
"tidak selesa dan sangat bising, pengurusan teruk",2,negative,0
Bad bad bad bad bad bad bad bad bad bad bad,5,negative,1
Such a serene and educational experience at the rooftop lounge. Impressed by freshly prepared hot food and generous portion sizes.,4,positive,0
The piping hot Kuih Akok and traditional keropok lekor was tasteless and overpriced. The dirty sticky tables and unwashed utensils made the dining experience unbearable.,1,negative,0
"tidak ada masalah, urusan sangat lancar dan puas hati",5,positive,0
Would not return to this nasi kandar stall. The UNESCO heritage indigo courtyards and feng shui architecture was disappointing and the unclear information and lack of signages ruined our mood.,1,negative,0
"Cendol pulut terbaik di George Town, manis berlemak santan segar.",5,positive,0
"Nasi kandar padu, kuah campur pekat dan ayam goreng berempah rangup!",5,positive,0
Wonderful preservation of Malaysian culture in Bayan Lepas. Noticed the clear and engaging historical explanations and rich authentic flavors.,5,positive,0
煎蕊红豆绵密，椰糖香浓正宗，正宗槟城老字号风味！,5,positive,0
"Not worth the entrance fee or trip to Bayan Lepas. The main issue was cold, greasy and bland food with dirty sticky tables and unwashed utensils.",2,negative,0
Expected rich cultural insights but was met with poor crowd management and disorganised queues and uncomfortable broken seating. Would not recommend.,1,negative,0
Wonderful preservation of Malaysian culture in Tanjung Bungah. Noticed the friendly and attentive service and fast and efficient table turnover.,4,positive,0
极其恶劣的体验，千万别来浪费宝贵的旅游假期。,1,negative,0
"Kuah kari cair dan tawar, nasi keras macam tak masak elok.",1,negative,0
价格昂贵但质量很差，完全是坑游客的黑店，千万别来。,1,negative,0
"Authentic Malaysian taste at its best! The crispy Roti Canai with aromatic dhal and mutton curry in Batu Ferringhi was top tier, plus clean and well-maintained environment.",5,positive,0
"Staf sangat biadab dan tempat kotor berdebu, tandas tidak dibersihkan.",1,negative,0
好吃,5,positive,0
Very disappointed with the UNESCO heritage indigo courtyards and feng shui architecture at this clan jetty in George Town. We encountered dirty sticky tables and unwashed utensils and rude and arrogant staff attitudes.,5,negative,1
"Food boleh la, but service a bit slow during weekend rush.",3,neutral,0
Expected rich cultural insights but was met with rude and arrogant staff attitudes and unclear information and lack of signages. Would not recommend.,4,negative,1
"Rugi masa datang sini, langsung tiada apa yang menarik seperti diiklan.",1,negative,0
Pemandangan indah dan staf banyak membantu memberi penerangan sejarah.,5,positive,0
Very good place,5,positive,0
Not worth the entrance fee or trip to Gurney. The main issue was unclear information and lack of signages with stale ingredients lacking freshness.,4,negative,1
Such a serene and educational experience at the colonial fort. Impressed by well organised tour activities and clean and well-maintained environment.,5,positive,0
"Cendol okay je, nothing much to shout about but cools you down.",3,neutral,0
Excellent service,5,positive,0
"Murah and sedap, really worth the visit for genuine foodies.",5,positive,0
"Food sedap gila and the ambience was top notch, totally recommended!",5,positive,0
"Okay la, not bad and not super good either. Standard standard.",3,neutral,0
食物普通，环境还可以，价格算中规中矩。,3,neutral,0
Service tip top and food comes super fast. Truly steady la!,5,positive,0
The hand-drawn street art murals and vibrant artisan crafts was tasteless and overpriced. The uncomfortable broken seating made the dining experience unbearable.,1,negative,0
Good food,4,positive,0
"Biasa sahaja, makanan boleh tahan tapi tiada yang begitu istimewa.",3,neutral,0
Amazing amazing amazing amazing amazing amazing amazing amazing,5,positive,1
"tak pernah rasa cendol sesedap ini, santan pekat manis sedang elok",5,positive,0
Incredible historical landmark in Batu Ferringhi. We appreciated the clear and engaging historical explanations and friendly and attentive service. Highly recommended!,5,positive,0
Tempat okay tapi agak sesak dengan pelancong pada hujung minggu.,3,neutral,0
"Overrated gila, queue one hour for tasteless cendol and rude cashier.",1,negative,0
The engaging docents explaining Baba Nyonya family customs at this spice garden in Gurney was absolutely outstanding! Loved the comfortable air-conditioned seating and convenient location and easy accessibility.,5,positive,0
not worth the price or the long queue under the hot sun,1,negative,0
环境优美古色古香，员工很有礼貌，值得带家人再来。,5,positive,0
Such a serene and educational experience at the street mural spot. Impressed by fascinating cultural details and architecture and friendly and attentive service.,2,positive,1
Wonderful preservation of Malaysian culture in Gurney. Noticed the friendly and attentive service and authentic traditional recipes.,4,positive,0
"Cendol memang mantap, authentic Penang taste so syok and refreshing!",5,positive,0
"Rasa makanan biasa, harga berpatutan dengan saiz hidangan.",3,neutral,0
The Char Kway Teow with duck egg and wok hei was tasteless and overpriced. The rude and arrogant staff attitudes made the dining experience unbearable.,1,negative,0
"Mantap gila place, very instagrammable and peaceful to chill out.",4,positive,0
"Tempat panas dan tidak selesa, kipas rosak dan staf buat endah tak endah.",1,negative,0
物超所值，值得推荐给所有来马来西亚旅游的朋友。,5,positive,0
Puas hati,5,positive,0
"Layanan buruk, pekerja malas dan tempat tidak terurus langsung.",1,negative,0
管理混乱，排队毫无秩序，态度极其恶劣差劲。,1,negative,0
An average stop in Bayan Lepas featuring standard kopitiam ambiance. Nothing particularly extraordinary but acceptable.,4,neutral,0
Incredible food experience in Bukit Mertajam! The steamed Nasi Dagang with tender tuna gulai had unmatched authentic flavors and very helpful and accommodating staff.,5,positive,0
"Authentic Malaysian taste at its best! The Char Kway Teow with duck egg and wok hei in Gurney was top tier, plus fascinating cultural details and architecture.",5,positive,0
Puas hati,5,positive,0
Incredible historical landmark in Bukit Mertajam. We appreciated the clear and engaging historical explanations and rich authentic flavors. Highly recommended!,4,positive,0
难吃,1,negative,0
Tempat warisan bersejarah yang sangat bermakna dan dijaga dengan rapi.,5,positive,0
"Kuah kari cair dan tawar, nasi keras macam tak masak elok.",1,negative,0
Visited this kopitiam in Bukit Mertajam. It offered an ordinary tourist stop without surprises. An okay stop overall if you are nearby.,4,neutral,0
"A must-try culinary gem in Bayan Lepas. The steamed Nasi Dagang with tender tuna gulai was fresh and delicious, accompanied by reasonable and transparent prices.",5,positive,0
An average stop in Campbell Street featuring a relatively brief walking tour. Nothing particularly extraordinary but acceptable.,2,neutral,0
Wonderful preservation of Malaysian culture in Armenian Street. Noticed the clean and well-maintained environment and authentic traditional recipes.,4,positive,0
"Service damn slow, food pun biasa je and overpriced for tourists.",1,negative,0
"Super nice heritage vibes, staff helpful gila and knowledgeable.",5,positive,0
极其恶劣的体验，千万别来浪费宝贵的旅游假期。,1,negative,0
Visited this bakery in Air Itam. It offered average waiting times during rush hour. An okay stop overall if you are nearby.,3,neutral,0
Clean and tidy,4,positive,0
价格昂贵但质量很差，完全是坑游客的黑店，千万别来。,1,negative,0
"Authentic Malaysian taste at its best! The engaging docents explaining Baba Nyonya family customs in Batu Ferringhi was top tier, plus generous portion sizes.",2,positive,1
Rich in tradition and heritage. Exploring the coastal cafe with fast and efficient table turnover was the highlight of our trip.,2,positive,1
Would not return to this street mural spot. The UNESCO heritage indigo courtyards and feng shui architecture was disappointing and the cramped and poorly ventilated space ruined our mood.,2,negative,0
Standard experience in Air Itam. Food and service had decent place for a quick photo stop. Convenient for a short rest.,3,neutral,0
A breathtaking cultural stop in Campbell Street! The creamy Cendol with fresh coconut milk and Gula Melaka and convenient location and easy accessibility made it deeply memorable.,5,positive,0
整体还行，周末游客比较多，稍微有点拥挤。,3,neutral,0
"Hancur mood, cashier buat muka masam and rude when taking orders.",1,negative,0
Disappointing visit to this rooftop lounge. Felt neglected with unclear information and lack of signages and very poor visitor guidance.,5,negative,1
食物不新鲜，吃完回去肚子不舒服，卫生令人担忧。,1,negative,0
文化底蕴深厚，讲解员解说很清楚，很有收获的文化之旅。,5,positive,0
Visited this temple garden in Bukit Mertajam. It offered a simple and functional seating layout. An okay stop overall if you are nearby.,3,neutral,0
"Pengalaman standard, harga sederhana dan servis bersahaja.",3,neutral,0
"Not worth the entrance fee or trip to George Town. The main issue was noisy and stressful environment with cold, greasy and bland food.",2,negative,0
Tempat yang cantik dan sangat berbaloi untuk dikunjungi bersama keluarga.,5,positive,0
"Food sedap gila and the ambience was top notch, totally recommended!",5,positive,0
Not worth the entrance fee or trip to Chinatown. The main issue was limited food options with many items out of stock with unclear information and lack of signages.,1,negative,0
"Terrible meal. The crispy Roti Canai with aromatic dhal and mutton curry lacked flavor and freshness, coupled with poor crowd management and disorganised queues and confusing ordering process.",1,negative,0
Incredible food experience in Armenian Street! The piping hot Kuih Akok and traditional keropok lekor had unmatched authentic flavors and friendly and attentive service.,4,positive,0
"Rugi masa datang sini, langsung tiada apa yang menarik seperti diiklan.",1,negative,0
Visited this cultural gallery in Butterworth. It offered an ordinary tourist stop without surprises. An okay stop overall if you are nearby.,3,neutral,0
Harga cekik darah! Kena caj tersembunyi yang langsung tak masuk akal.,1,negative,0
Buy now limited offer discount discount discount contact me for free vouchers,5,neutral,1
The succulent satay skewers with thick peanut gravy was tasteless and overpriced. The confusing ordering process made the dining experience unbearable.,1,negative,0
Tempat okay tapi agak sesak dengan pelancong pada hujung minggu.,3,neutral,0
Service tip top and food comes super fast. Truly steady la!,5,positive,0
Free bitcoin giveaway click http://crypto-win.xyz fast before ended,4,neutral,1
The intricate Chinese dragon wood carvings and granite courtyards at this rooftop lounge in Teluk Bahang was absolutely outstanding! Loved the comfortable air-conditioned seating and reasonable and transparent prices.,2,positive,1
"Rasa makanan biasa, harga berpatutan dengan saiz hidangan.",3,neutral,0
Loved every bite of the fragrant BM Yam Rice with salted vegetable duck soup. The rich authentic flavors and clear and engaging historical explanations made our visit thoroughly enjoyable.,4,positive,0
"Place nice gila, staff very friendly and polite throughout our visit.",5,positive,0
"Overhyped tourist stop in Air Itam. The crispy Roti Canai with aromatic dhal and mutton curry was cold, and we had to endure extremely slow and chaotic service.",2,negative,0
"Authentic Malaysian taste at its best! The engaging docents explaining Baba Nyonya family customs in Balik Pulau was top tier, plus reasonable and transparent prices.",5,positive,0
食物很难吃，服务员态度极差，完全不推荐大家来踩雷！,1,negative,0
炒粿条镬气十足，鸭蛋香味浓郁，虾肉新鲜弹牙！,5,positive,0
Visited this craft studio in George Town. It offered a moderate selection of local dishes. An okay stop overall if you are nearby.,3,neutral,0
Pekerja bermasam muka dan berkira bila minta sudu tambahan.,1,negative,0
Very tasty,5,positive,0
"tidak menyesal melawat tempat ini, pengalaman menarik dan berilmu",5,positive,0
Standard experience in Teluk Bahang. Food and service had standard kopitiam ambiance. Convenient for a short rest.,3,neutral,0
Bad food,1,negative,0
Incredible food experience in Little India! The spiced Nasi Kandar with dark squid curry and fried chicken had unmatched authentic flavors and freshly prepared hot food.,5,positive,0
Buy now limited offer discount discount discount contact me for free vouchers,2,neutral,1
Sangat berpuas hati dengan kebersihan dan keramahan pekerja di sini.,5,positive,0
Would not return to this rooftop lounge. The hand-drawn street art murals and vibrant artisan crafts was disappointing and the stale ingredients lacking freshness ruined our mood.,1,negative,0
体验非常糟糕，管理混乱，完全不值得花费时间和金钱。,1,negative,0
非常棒的体验，东西很好吃，分量足且性价比很高。,5,positive,0
管理混乱，排队毫无秩序，态度极其恶劣差劲。,1,negative,0
The hand-drawn street art murals and vibrant artisan crafts was tasteless and overpriced. The dirty sticky tables and unwashed utensils made the dining experience unbearable.,2,negative,0
Disappointing visit to this bakery. Felt neglected with confusing ordering process and very poor visitor guidance.,1,negative,0
Amazing amazing amazing amazing amazing amazing amazing amazing,2,positive,1
食物不新鲜，吃完回去肚子不舒服，卫生令人担忧。,1,negative,0
"Food boleh la, but service a bit slow during weekend rush.",3,neutral,0
Not worth the entrance fee or trip to Chinatown. The main issue was grossly overpriced tourist trap pricing with uncomfortable broken seating.,1,negative,0
Must visit,5,positive,0
"Hancur mood, cashier buat muka masam and rude when taking orders.",1,negative,0
Rich in tradition and heritage. Exploring the colonial fort with rich authentic flavors was the highlight of our trip.,4,positive,0
整体还行，周末游客比较多，稍微有点拥挤。,3,neutral,0
Incredible historical landmark in George Town. We appreciated the very helpful and accommodating staff and clean and well-maintained environment. Highly recommended!,5,positive,0
"Poorly maintained heritage night market bazaar in Tanjung Bungah. Encountered limited food options with many items out of stock and cold, greasy and bland food.",2,negative,0
Must visit,5,positive,0
"Overhyped tourist stop in Butterworth. The piping hot Kuih Akok and traditional keropok lekor was cold, and we had to endure poor crowd management and disorganised queues.",2,negative,0
娘惹糕点色彩缤纷口感细腻，椰香十足，必吃推荐！,5,positive,0
Boleh diterima tetapi perlukan penambahbaikan dari segi kemudahan awam.,3,neutral,0
"Overhyped tourist stop in Campbell Street. The creamy Cendol with fresh coconut milk and Gula Melaka was cold, and we had to endure extremely slow and chaotic service.",4,negative,1
"Authentic Malaysian taste at its best! The UNESCO heritage indigo courtyards and feng shui architecture in Gurney was top tier, plus truly memorable and enriching experience.",5,positive,0
极其恶劣的体验，千万别来浪费宝贵的旅游假期。,1,negative,0
tidak sedap dan staf sangat biadab bila pelanggan tanya,1,negative,0
"tak best langsung, rugi masa dan duit datang jauh-jauh",1,negative,0
11111111111 222222222 33333333333 discount call now,5,neutral,1
"Murah and sedap, really worth the visit for genuine foodies.",5,positive,0
"did not like it, very confusing and disorganized place",1,negative,0
"Terrible meal. The engaging docents explaining Baba Nyonya family customs lacked flavor and freshness, coupled with rude and arrogant staff attitudes and noisy and stressful environment.",1,negative,0
"Food cold and tasteless, price like 5 star hotel but hawker standard.",1,negative,0
"Mantap gila place, very instagrammable and peaceful to chill out.",4,positive,0
Visited this curated museum in Air Itam. It offered standard basic facilities. An okay stop overall if you are nearby.,3,neutral,0
An average stop in Bukit Mertajam featuring a simple and functional seating layout. Nothing particularly extraordinary but acceptable.,4,neutral,0
Incredible food experience in Little India! The serene coastal breeze and golden sunset views had unmatched authentic flavors and very helpful and accommodating staff.,4,positive,0
Free bitcoin giveaway click http://crypto-win.xyz fast before ended,3,neutral,1
Claim your free 500 dollar hotel voucher at http://scam-promo.com right now!,5,neutral,1
"Super nice heritage vibes, staff helpful gila and knowledgeable.",5,positive,0
食物不新鲜，吃完回去肚子不舒服，卫生令人担忧。,1,negative,0
"tidak mengecewakan, tempat bersejarah yang menarik dan bersih",4,positive,0
"Sangat teruk, tak akan syorkan kepada sesiapa pun untuk datang.",1,negative,0
服务非常慢，等了快一个小时都没人理，催单还给脸色看。,1,negative,0
Poorly maintained heritage night market bazaar in Little India. Encountered cramped and poorly ventilated space and stale ingredients lacking freshness.,2,negative,0
Incredible food experience in Tanjung Bungah! The hand-drawn street art murals and vibrant artisan crafts had unmatched authentic flavors and clean and well-maintained environment.,4,positive,0
"Cendol memang mantap, authentic Penang taste so syok and refreshing!",5,positive,0
"Murah and sedap, really worth the visit for genuine foodies.",5,positive,0
Incredible food experience in Jelutong! The hand-drawn street art murals and vibrant artisan crafts had unmatched authentic flavors and clean and well-maintained environment.,5,positive,0
Expected rich cultural insights but was met with confusing ordering process and unclear information and lack of signages. Would not recommend.,5,negative,1
中规中矩，无功无过，适合路过时简单吃个便饭。,3,neutral,0
"tidak mengecewakan langsung, suasana sangat cantik dan tenang",5,positive,0
Expected rich cultural insights but was met with noisy and stressful environment and limited food options with many items out of stock. Would not recommend.,2,negative,0
An average stop in Butterworth featuring standard kopitiam ambiance. Nothing particularly extraordinary but acceptable.,4,neutral,0
炒粿条镬气十足，鸭蛋香味浓郁，虾肉新鲜弹牙！,5,positive,0
Bad bad bad bad bad bad bad bad bad bad bad,5,negative,1
"Average taste la, standard tourist price and normal portion size.",3,neutral,0
Very disappointed with the authentic Peranakan Nyonya Laksa at this curated museum in Little India. We encountered rude and arrogant staff attitudes and extremely slow and chaotic service.,5,negative,1
Incredible food experience in Little India! The authentic Peranakan Nyonya Laksa had unmatched authentic flavors and fascinating cultural details and architecture.,5,positive,0
Claim your free 500 dollar hotel voucher at http://scam-promo.com right now!,5,neutral,1
Fair experience overall with average waiting times during rush hour. Suits travelers who just want a brief stop.,3,neutral,0
The crispy Roti Canai with aromatic dhal and mutton curry was tasteless and overpriced. The stale ingredients lacking freshness made the dining experience unbearable.,2,negative,0
Must visit,5,positive,0
"Dirty tables everywhere, damn disgusting experience and smelly toilet.",1,negative,0
"Dirty tables everywhere, damn disgusting experience and smelly toilet.",1,negative,0
Claim your free 500 dollar hotel voucher at http://scam-promo.com right now!,1,neutral,1
Disappointing visit to this temple garden. Felt neglected with rude and arrogant staff attitudes and very poor visitor guidance.,1,negative,0
Excellent service,5,positive,0
"Kuah kari cair dan tawar, nasi keras macam tak masak elok.",1,negative,0
"Tempat panas dan tidak selesa, kipas rosak dan staf buat endah tak endah.",1,negative,0
Very disappointed with the majestic 272 steps and cathedral limestone caves at this night market bazaar in Little India. We encountered dirty sticky tables and unwashed utensils and limited food options with many items out of stock.,2,negative,0
"Makanan enak dan harga sangat berpatutan, porsi banyak dan mengenyangkan.",5,positive,0
Excellent service,5,positive,0
Bad bad bad bad bad bad bad bad bad bad bad,4,negative,1
"not bad at all, really enjoyed the heritage atmosphere and friendly guide",4,positive,0
食物非常好吃，服务态度很亲切，非常推荐大家来尝试！,5,positive,0
Contact +60123456789 for instant cashback and crypto promo discount vouchers,3,neutral,1
"Layanan buruk, pekerja malas dan tempat tidak terurus langsung.",1,negative,0
Rich in tradition and heritage. Exploring the clan jetty with rich authentic flavors was the highlight of our trip.,5,positive,0
The steamed Nasi Dagang with tender tuna gulai at this rooftop lounge in George Town was absolutely outstanding! Loved the friendly and attentive service and truly memorable and enriching experience.,5,positive,0
干净卫生，上菜速度快，整体用餐体验非常满意。,4,positive,0
"A must-try culinary gem in Campbell Street. The intricate Chinese dragon wood carvings and granite courtyards was fresh and delicious, accompanied by reasonable and transparent prices.",5,positive,0
Incredible historical landmark in Chinatown. We appreciated the very helpful and accommodating staff and clear and engaging historical explanations. Highly recommended!,5,positive,0
食物普通，环境还可以，价格算中规中矩。,3,neutral,0
"Keropok lekor panas gebu, sos pencicah manis pedas memang ngam.",5,positive,0
"A must-try culinary gem in Campbell Street. The spiced Nasi Kandar with dark squid curry and fried chicken was fresh and delicious, accompanied by very helpful and accommodating staff.",4,positive,0
Standard experience in Armenian Street. Food and service had acceptable food quality for the price. Convenient for a short rest.,3,neutral,0
Wonderful preservation of Malaysian culture in Armenian Street. Noticed the fascinating cultural details and architecture and well organised tour activities.,5,positive,0
Visited this clan jetty in Bayan Lepas. It offered basic informative signage. An okay stop overall if you are nearby.,3,neutral,0
Free bitcoin giveaway click http://crypto-win.xyz fast before ended,3,neutral,1
"A must-try culinary gem in Gurney. The majestic 272 steps and cathedral limestone caves was fresh and delicious, accompanied by beautiful aesthetic presentation.",5,positive,0
"Very bad experience la, rugi duit and time wasted sitting there.",1,negative,0
"Super nice heritage vibes, staff helpful gila and knowledgeable.",5,positive,0
"Makanan enak dan harga sangat berpatutan, porsi banyak dan mengenyangkan.",5,positive,0
Contact +60123456789 for instant cashback and crypto promo discount vouchers,2,neutral,1
Very disappointed with the freshly steamed Hainanese Kaya butter toast and kampung eggs at this night market bazaar in Air Itam. We encountered poor crowd management and disorganised queues and uncomfortable broken seating.,2,negative,0
"tidak mengecewakan langsung, suasana sangat cantik dan tenang",5,positive,0
"Staff very rude, tempat kotor gila potong stim bila nak makan.",1,negative,0
"Terrible meal. The piping hot Kuih Akok and traditional keropok lekor lacked flavor and freshness, coupled with over an hour waiting time for simple orders and extremely slow and chaotic service.",5,negative,1
"was not impressed, disappointing quality and stale meat",2,negative,0
Such a serene and educational experience at the satay stall. Impressed by reasonable and transparent prices and fast and efficient table turnover.,5,positive,0
"Kuah kari cair dan tawar, nasi keras macam tak masak elok.",1,negative,0
"Cendol pulut terbaik di George Town, manis berlemak santan segar.",5,positive,0
"not overhyped at all, the char kway teow really delivers top wok hei",5,positive,0
味道一般般，没有网络上吹捧得那么惊艳。,3,neutral,0
"Authentic Malaysian taste at its best! The Char Kway Teow with duck egg and wok hei in Teluk Bahang was top tier, plus truly memorable and enriching experience.",5,positive,0
煎蕊红豆绵密，椰糖香浓正宗，正宗槟城老字号风味！,5,positive,0
Incredible food experience in Teluk Bahang! The freshly steamed Hainanese Kaya butter toast and kampung eggs had unmatched authentic flavors and clean and well-maintained environment.,2,positive,1
Get unlimited followers and likes fast dm on instagram @promo_bot_now,4,neutral,1
炒粿条镬气十足，鸭蛋香味浓郁，虾肉新鲜弹牙！,5,positive,0
Expected rich cultural insights but was met with unclear information and lack of signages and confusing ordering process. Would not recommend.,1,negative,0
"tak rugi langsung cuba laksa nyonya kat sini, sedap terangkat",5,positive,0
"definitely not recommended, horrible service and bad attitude",1,negative,0
"The satay stall was decent. There was a relatively brief walking tour, although standard basic facilities could be improved.",3,neutral,0
Visited this spice garden in Jelutong. It offered a relatively brief walking tour. An okay stop overall if you are nearby.,2,neutral,0
The crispy Roti Canai with aromatic dhal and mutton curry at this street mural spot in Tanjung Bungah was absolutely outstanding! Loved the fascinating cultural details and architecture and well organised tour activities.,4,positive,0
Follow my telegram channel and message me for the best promotion code today on whatsapp,3,neutral,1
"Overhyped tourist stop in Chinatown. The succulent satay skewers with thick peanut gravy was cold, and we had to endure confusing ordering process.",5,negative,1
Super nice,5,positive,0
食物新鲜美味，老板很热情好客，五星好评！,5,positive,0
价格昂贵但质量很差，完全是坑游客的黑店，千万别来。,1,negative,0
Incredible historical landmark in Bayan Lepas. We appreciated the rich authentic flavors and clean and well-maintained environment. Highly recommended!,5,positive,0
"not bad la, food sedap and price okay for family",4,positive,0
"not an ordinary meal, truly sensational flavors and great hospitality",5,positive,0
Incredible food experience in Bukit Mertajam! The piping hot Kuih Akok and traditional keropok lekor had unmatched authentic flavors and well organised tour activities.,4,positive,0
Expected rich cultural insights but was met with noisy and stressful environment and stale ingredients lacking freshness. Would not recommend.,4,negative,1
赞,5,positive,0
Very disappointed with the authentic Peranakan Nyonya Laksa at this colonial fort in Tanjung Bungah. We encountered rude and arrogant staff attitudes and limited food options with many items out of stock.,1,negative,0
"The tea house was decent. There was a moderate selection of local dishes, although a simple and functional seating layout could be improved.",3,neutral,0
卫生条件很差，桌子油腻腻的，服务态度傲慢无礼。,1,negative,0
Would not return to this heritage restaurant. The UNESCO heritage indigo courtyards and feng shui architecture was disappointing and the poor crowd management and disorganised queues ruined our mood.,2,negative,0
"Terrible meal. The piping hot Kuih Akok and traditional keropok lekor lacked flavor and freshness, coupled with rude and arrogant staff attitudes and unclear information and lack of signages.",1,negative,0
Harga mahal melampau tapi kualiti teruk dan mengecewakan selera.,1,negative,0
"A must-try culinary gem in Armenian Street. The steamed Nasi Dagang with tender tuna gulai was fresh and delicious, accompanied by freshly prepared hot food.",4,positive,0
Incredible food experience in Armenian Street! The UNESCO heritage indigo courtyards and feng shui architecture had unmatched authentic flavors and generous portion sizes.,1,positive,1
环境优美古色古香，员工很有礼貌，值得带家人再来。,5,positive,0
Boleh diterima tetapi perlukan penambahbaikan dari segi kemudahan awam.,3,neutral,0
"tidak ada masalah, urusan sangat lancar dan puas hati",5,positive,0
Overpriced and slow,1,negative,0
文化底蕴深厚，讲解员解说很清楚，很有收获的文化之旅。,5,positive,0
"Overhyped tourist stop in Jelutong. The engaging docents explaining Baba Nyonya family customs was cold, and we had to endure extremely slow and chaotic service.",1,negative,0
服务非常慢，等了快一个小时都没人理，催单还给脸色看。,1,negative,0
Harga cekik darah! Kena caj tersembunyi yang langsung tak masuk akal.,1,negative,0
价格昂贵但质量很差，完全是坑游客的黑店，千万别来。,1,negative,0
Pemandangan indah dan staf banyak membantu memberi penerangan sejarah.,5,positive,0
Incredible historical landmark in Bayan Lepas. We appreciated the generous portion sizes and rich authentic flavors. Highly recommended!,1,positive,1
"Kuah kari cair dan tawar, nasi keras macam tak masak elok.",1,negative,0
Disappointing visit to this baba nyonya mansion. Felt neglected with dirty sticky tables and unwashed utensils and very poor visitor guidance.,5,negative,1
Harga cekik darah! Kena caj tersembunyi yang langsung tak masuk akal.,1,negative,0
Friendly staff,5,positive,0
Visited this nature trail in Gurney. It offered standard basic facilities. An okay stop overall if you are nearby.,3,neutral,0
tak berbaloi dengan harga yang mahal dan porsi sedikit,1,negative,0
"not overhyped at all, the char kway teow really delivers top wok hei",5,positive,0
味道一般般，没有网络上吹捧得那么惊艳。,3,neutral,0
Would not return to this rooftop lounge. The fragrant BM Yam Rice with salted vegetable duck soup was disappointing and the extremely slow and chaotic service ruined our mood.,2,negative,0
Would not return to this satay stall. The fragrant BM Yam Rice with salted vegetable duck soup was disappointing and the extremely slow and chaotic service ruined our mood.,2,negative,0
"Yam rice soup damn solid bro, salted vege duck soup so comforting!",5,positive,0
Poorly maintained heritage spice garden in Jelutong. Encountered uncomfortable broken seating and stale ingredients lacking freshness.,4,negative,1
Fair experience overall with average waiting times during rush hour. Suits travelers who just want a brief stop.,3,neutral,0
Incredible historical landmark in Armenian Street. We appreciated the authentic traditional recipes and convenient location and easy accessibility. Highly recommended!,1,positive,1
Visited this baba nyonya mansion in Air Itam. It offered a simple and functional seating layout. An okay stop overall if you are nearby.,2,neutral,0
"Keropok lekor panas gebu, sos pencicah manis pedas memang ngam.",5,positive,0
Rich in tradition and heritage. Exploring the nasi kandar stall with rich authentic flavors was the highlight of our trip.,5,positive,0
Standard experience in Little India. Food and service had a relatively brief walking tour. Convenient for a short rest.,2,neutral,0
"went without any problems, staff was super helpful and caring",5,positive,0
Incredible historical landmark in Armenian Street. We appreciated the truly memorable and enriching experience and very helpful and accommodating staff. Highly recommended!,2,positive,1
Wonderful preservation of Malaysian culture in Balik Pulau. Noticed the generous portion sizes and fascinating cultural details and architecture.,5,positive,0
干净卫生，上菜速度快，整体用餐体验非常满意。,4,positive,0
"Keropok lekor panas gebu, sos pencicah manis pedas memang ngam.",5,positive,0
"Senibina klasik Baba Nyonya yang memukau, banyak sudut bergambar menarik.",5,positive,0
"Food boleh la, but service a bit slow during weekend rush.",3,neutral,0
"Rugi masa datang sini, langsung tiada apa yang menarik seperti diiklan.",1,negative,0
"Suasana bersih, tenang dan selesa. Pasti akan datang lagi bila ke sini.",5,positive,0
Best stop for local food lovers. The crispy Roti Canai with aromatic dhal and mutton curry exceeded expectations with authentic traditional recipes. Will come back!,5,positive,0
不推荐,1,negative,0
"Overhyped tourist stop in Butterworth. The succulent satay skewers with thick peanut gravy was cold, and we had to endure extremely slow and chaotic service.",4,negative,1
An average stop in Armenian Street featuring a simple and functional seating layout. Nothing particularly extraordinary but acceptable.,2,neutral,0
Follow my telegram channel and message me for the best promotion code today on whatsapp,2,neutral,1
"Pengalaman standard, harga sederhana dan servis bersahaja.",3,neutral,0
"Food boleh la, but service a bit slow during weekend rush.",3,neutral,0
"Terrible meal. The hand-drawn street art murals and vibrant artisan crafts lacked flavor and freshness, coupled with confusing ordering process and uncomfortable broken seating.",1,negative,0
"Murah and sedap, really worth the visit for genuine foodies.",5,positive,0
推荐,5,positive,0
Not worth the entrance fee or trip to Teluk Bahang. The main issue was uncomfortable broken seating with dirty sticky tables and unwashed utensils.,1,negative,0
"Sangat teruk, tak akan syorkan kepada sesiapa pun untuk datang.",1,negative,0
Mantap,5,positive,0
体验非常糟糕，管理混乱，完全不值得花费时间和金钱。,1,negative,0
Loved every bite of the fragrant BM Yam Rice with salted vegetable duck soup. The truly memorable and enriching experience and freshly prepared hot food made our visit thoroughly enjoyable.,2,positive,1
"Authentic Malaysian taste at its best! The Char Kway Teow with duck egg and wok hei in Bayan Lepas was top tier, plus well organised tour activities.",5,positive,0
"I don't hate it, in fact the experience was quite good and authentic",4,positive,0
Clean and tidy,4,positive,0
食物非常好吃，服务态度很亲切，非常推荐大家来尝试！,5,positive,0
A breathtaking cultural stop in Air Itam! The engaging docents explaining Baba Nyonya family customs and freshly prepared hot food made it deeply memorable.,2,positive,1
"The colonial fort was decent. There was standard basic facilities, although decent place for a quick photo stop could be improved.",3,neutral,0
文化底蕴深厚，讲解员解说很清楚，很有收获的文化之旅。,5,positive,0
Very disappointed with the piping hot Kuih Akok and traditional keropok lekor at this coastal cafe in Jelutong. We encountered over an hour waiting time for simple orders and extremely slow and chaotic service.,2,negative,0
Very disappointed with the fragrant BM Yam Rice with salted vegetable duck soup at this nature trail in Gurney. We encountered poor crowd management and disorganised queues and noisy and stressful environment.,4,negative,1
"A must-try culinary gem in Balik Pulau. The creamy Cendol with fresh coconut milk and Gula Melaka was fresh and delicious, accompanied by comfortable air-conditioned seating.",5,positive,0
好吃,5,positive,0
Fair experience overall with decent place for a quick photo stop. Suits travelers who just want a brief stop.,4,neutral,0
"Pengalaman yang sangat memuaskan, tempat warisan terpelihara dengan indah.",5,positive,0
Tempat yang cantik dan sangat berbaloi untuk dikunjungi bersama keluarga.,5,positive,0
Harga cekik darah! Kena caj tersembunyi yang langsung tak masuk akal.,1,negative,0
"A must-try culinary gem in Tanjung Bungah. The succulent satay skewers with thick peanut gravy was fresh and delicious, accompanied by very helpful and accommodating staff.",1,positive,1
Incredible food experience in Gurney! The crispy Roti Canai with aromatic dhal and mutton curry had unmatched authentic flavors and clean and well-maintained environment.,5,positive,0
Follow my telegram channel and message me for the best promotion code today on whatsapp,3,neutral,1
Loved every bite of the crispy Roti Canai with aromatic dhal and mutton curry. The comfortable air-conditioned seating and very helpful and accommodating staff made our visit thoroughly enjoyable.,2,positive,1
Loved every bite of the piping hot Kuih Akok and traditional keropok lekor. The generous portion sizes and convenient location and easy accessibility made our visit thoroughly enjoyable.,5,positive,0
Follow my telegram channel and message me for the best promotion code today on whatsapp,2,neutral,1
Such a serene and educational experience at the rooftop lounge. Impressed by beautiful aesthetic presentation and fascinating cultural details and architecture.,4,positive,0
Incredible food experience in Jelutong! The piping hot Kuih Akok and traditional keropok lekor had unmatched authentic flavors and freshly prepared hot food.,4,positive,0
"Wait so long for cold food, totally tak worth it and bad mood.",1,negative,0
"Roti canai crispy gila, kuah kari pekat sedap terangkat!",5,positive,0
Follow my telegram channel and message me for the best promotion code today on whatsapp,2,neutral,1
Expected rich cultural insights but was met with limited food options with many items out of stock and over an hour waiting time for simple orders. Would not recommend.,2,negative,0
"tak bagus, servis lambat gila dan tempat berbau hapak",1,negative,0
Visit my website https://example-deals.com for cheap packages and free gifts,4,neutral,1
"Makanan sangat sedap dan staf peramah, layanan terbaik tiada tandingan!",5,positive,0
"Lekor panas-panas, best gila wei! Must try if you come here!",5,positive,0
"not worth visiting, totally overrated and overpriced tourist trap",1,negative,0
Good food,4,positive,0
整体还行，周末游客比较多，稍微有点拥挤。,3,neutral,0
Lokasi strategik dan tempat menarik untuk pelancong yang sukakan seni warisan.,4,positive,0
Would not return to this craft studio. The authentic Peranakan Nyonya Laksa was disappointing and the uncomfortable broken seating ruined our mood.,1,negative,0
"A must-try culinary gem in Air Itam. The fragrant BM Yam Rice with salted vegetable duck soup was fresh and delicious, accompanied by freshly prepared hot food.",2,positive,1
Wonderful preservation of Malaysian culture in Chinatown. Noticed the clear and engaging historical explanations and authentic traditional recipes.,4,positive,0
又贵又难吃，环境脏乱差，给一颗星都嫌多！,1,negative,0
"definitely not recommended, horrible service and bad attitude",1,negative,0
食物非常好吃，服务态度很亲切，非常推荐大家来尝试！,5,positive,0
"tak sedap langsung, makanan sejuk dan masin melampau",1,negative,0
炒粿条镬气十足，鸭蛋香味浓郁，虾肉新鲜弹牙！,5,positive,0
Terbaik,5,positive,0
Visited this colonial fort in Little India. It offered a moderate selection of local dishes. An okay stop overall if you are nearby.,4,neutral,0
娘惹糕点色彩缤纷口感细腻，椰香十足，必吃推荐！,5,positive,0
asdf qwer zxcv lorem ipsum random review text asdf zxcv,3,neutral,1
"Terrible meal. The creamy Cendol with fresh coconut milk and Gula Melaka lacked flavor and freshness, coupled with stale ingredients lacking freshness and extremely slow and chaotic service.",1,negative,0
"Roti canai crispy gila, kuah kari pekat sedap terangkat!",5,positive,0
Very disappointed with the fragrant BM Yam Rice with salted vegetable duck soup at this curated museum in Teluk Bahang. We encountered unclear information and lack of signages and noisy and stressful environment.,1,negative,0
Such a serene and educational experience at the nasi kandar stall. Impressed by fast and efficient table turnover and clean and well-maintained environment.,5,positive,0
"tak pernah rasa cendol sesedap ini, santan pekat manis sedang elok",5,positive,0
Nice place,4,positive,0
"Cendol okay je, nothing much to shout about but cools you down.",3,neutral,0
Sangat berpuas hati dengan kebersihan dan keramahan pekerja di sini.,5,positive,0
The authentic Peranakan Nyonya Laksa at this clan jetty in Batu Ferringhi was absolutely outstanding! Loved the reasonable and transparent prices and beautiful aesthetic presentation.,5,positive,0
味道一般般，没有网络上吹捧得那么惊艳。,3,neutral,0
"Authentic Malaysian taste at its best! The Char Kway Teow with duck egg and wok hei in Bukit Mertajam was top tier, plus comfortable air-conditioned seating.",5,positive,0
Claim your free 500 dollar hotel voucher at http://scam-promo.com right now!,5,neutral,1
"Makanan sangat sedap dan staf peramah, layanan terbaik tiada tandingan!",5,positive,0
味道一般般，没有网络上吹捧得那么惊艳。,3,neutral,0
"Poorly maintained heritage clan jetty in George Town. Encountered cold, greasy and bland food and poor crowd management and disorganised queues.",1,negative,0
"A must-try culinary gem in Bayan Lepas. The freshly steamed Hainanese Kaya butter toast and kampung eggs was fresh and delicious, accompanied by freshly prepared hot food.",4,positive,0
服务非常慢，等了快一个小时都没人理，催单还给脸色看。,1,negative,0
"tidak bersih dan meja melekit, rasa loya nak makan",1,negative,0
"Char kway teow padu gila, duck egg yolk so creamy and lots of cockles!",5,positive,0
"The kopitiam was decent. There was an ordinary tourist stop without surprises, although an ordinary tourist stop without surprises could be improved.",2,neutral,0
Would not return to this night market bazaar. The majestic 272 steps and cathedral limestone caves was disappointing and the rude and arrogant staff attitudes ruined our mood.,2,negative,0
Bad bad bad bad bad bad bad bad bad bad bad,1,negative,1
Tempat warisan bersejarah yang sangat bermakna dan dijaga dengan rapi.,5,positive,0
Would not return to this night market bazaar. The crispy Roti Canai with aromatic dhal and mutton curry was disappointing and the rude and arrogant staff attitudes ruined our mood.,2,negative,0
Free bitcoin giveaway click http://crypto-win.xyz fast before ended,2,neutral,1
Visit my website https://example-deals.com for cheap packages and free gifts,4,neutral,1
Rich in tradition and heritage. Exploring the satay stall with reasonable and transparent prices was the highlight of our trip.,4,positive,0
Avoid this,1,negative,0
"tak menghampakan, memang berbaloi singgah sini makan malam",5,positive,0
Bad bad bad bad bad bad bad bad bad bad bad,1,negative,1
Best stop for local food lovers. The fragrant BM Yam Rice with salted vegetable duck soup exceeded expectations with rich authentic flavors. Will come back!,5,positive,0
"tidak mengecewakan, tempat bersejarah yang menarik dan bersih",4,positive,0
Poorly maintained heritage rooftop lounge in Campbell Street. Encountered rude and arrogant staff attitudes and stale ingredients lacking freshness.,1,negative,0
"Yam rice soup damn solid bro, salted vege duck soup so comforting!",5,positive,0
炒粿条镬气十足，鸭蛋香味浓郁，虾肉新鲜弹牙！,5,positive,0
Would not return to this clan jetty. The authentic Peranakan Nyonya Laksa was disappointing and the noisy and stressful environment ruined our mood.,4,negative,1
"Food cold and tasteless, price like 5 star hotel but hawker standard.",1,negative,0
Wonderful preservation of Malaysian culture in Armenian Street. Noticed the rich authentic flavors and authentic traditional recipes.,2,positive,1
管理混乱，排队毫无秩序，态度极其恶劣差劲。,1,negative,0
"Sederhana sahaja, sesuai untuk singgah sebentar jika lalu di kawasan ini.",3,neutral,0
The succulent satay skewers with thick peanut gravy was tasteless and overpriced. The over an hour waiting time for simple orders made the dining experience unbearable.,2,negative,0
"Terrible meal. The fragrant BM Yam Rice with salted vegetable duck soup lacked flavor and freshness, coupled with stale ingredients lacking freshness and extremely slow and chaotic service.",5,negative,1
"Suasana bersih, tenang dan selesa. Pasti akan datang lagi bila ke sini.",5,positive,0
"was not impressed, disappointing quality and stale meat",2,negative,0
"Authentic Malaysian taste at its best! The piping hot Kuih Akok and traditional keropok lekor in Armenian Street was top tier, plus fascinating cultural details and architecture.",5,positive,0
The fragrant BM Yam Rice with salted vegetable duck soup at this kopitiam in Armenian Street was absolutely outstanding! Loved the freshly prepared hot food and clean and well-maintained environment.,1,positive,1
煎蕊红豆绵密，椰糖香浓正宗，正宗槟城老字号风味！,5,positive,0
tak puas hati dengan layanan pekerja yang pemalas,1,negative,0
食物很难吃，服务员态度极差，完全不推荐大家来踩雷！,1,negative,0
卫生条件很差，桌子油腻腻的，服务态度傲慢无礼。,1,negative,0
"Expected rich cultural insights but was met with uncomfortable broken seating and cold, greasy and bland food. Would not recommend.",5,negative,1
Get unlimited followers and likes fast dm on instagram @promo_bot_now,2,neutral,1
Not worth the entrance fee or trip to George Town. The main issue was dirty sticky tables and unwashed utensils with unclear information and lack of signages.,2,negative,0
"The craft studio was decent. There was an ordinary tourist stop without surprises, although standard basic facilities could be improved.",3,neutral,0
"Biasa sahaja, makanan boleh tahan tapi tiada yang begitu istimewa.",3,neutral,0
食物非常好吃，服务态度很亲切，非常推荐大家来尝试！,5,positive,0
The piping hot Kuih Akok and traditional keropok lekor was tasteless and overpriced. The dirty sticky tables and unwashed utensils made the dining experience unbearable.,2,negative,0
"Okay la, not bad and not super good either. Standard standard.",3,neutral,0
马马虎虎，算是一个普通的打卡景点吧，顺路可以看看。,3,neutral,0
Harga cekik darah! Kena caj tersembunyi yang langsung tak masuk akal.,1,negative,0
"Layanan buruk, pekerja malas dan tempat tidak terurus langsung.",1,negative,0
"Layanan buruk, pekerja malas dan tempat tidak terurus langsung.",1,negative,0
"Roti canai crispy gila, kuah kari pekat sedap terangkat!",5,positive,0
Poorly maintained heritage street mural spot in Campbell Street. Encountered noisy and stressful environment and extremely slow and chaotic service.,4,negative,1
"Layanan buruk, pekerja malas dan tempat tidak terurus langsung.",1,negative,0
"The clan jetty was decent. There was a simple and functional seating layout, although average waiting times during rush hour could be improved.",3,neutral,0
Best stop for local food lovers. The UNESCO heritage indigo courtyards and feng shui architecture exceeded expectations with comfortable air-conditioned seating. Will come back!,4,positive,0
Loved every bite of the steamed Nasi Dagang with tender tuna gulai. The clear and engaging historical explanations and convenient location and easy accessibility made our visit thoroughly enjoyable.,4,positive,0
The engaging docents explaining Baba Nyonya family customs at this bakery in Air Itam was absolutely outstanding! Loved the beautiful aesthetic presentation and authentic traditional recipes.,4,positive,0
"Staf sangat biadab dan tempat kotor berdebu, tandas tidak dibersihkan.",1,negative,0
The authentic Peranakan Nyonya Laksa was tasteless and overpriced. The limited food options with many items out of stock made the dining experience unbearable.,2,negative,0
"Rugi masa datang sini, langsung tiada apa yang menarik seperti diiklan.",1,negative,0
"Place nice gila, staff very friendly and polite throughout our visit.",5,positive,0
Disappointing visit to this nasi kandar stall. Felt neglected with extremely slow and chaotic service and very poor visitor guidance.,1,negative,0
Pekerja bermasam muka dan berkira bila minta sudu tambahan.,1,negative,0
文化底蕴深厚，讲解员解说很清楚，很有收获的文化之旅。,5,positive,0
"Senibina klasik Baba Nyonya yang memukau, banyak sudut bergambar menarik.",5,positive,0
Very tasty,5,positive,0
"The baba nyonya mansion was decent. There was basic informative signage, although average waiting times during rush hour could be improved.",4,neutral,0
"tak mesra langsung, staf buat muka masam dan campak menu",1,negative,0
Such a serene and educational experience at the nasi kandar stall. Impressed by reasonable and transparent prices and clear and engaging historical explanations.,5,positive,0
11111111111 222222222 33333333333 discount call now,2,neutral,1
Tempat okay tapi agak sesak dengan pelancong pada hujung minggu.,3,neutral,0
娘惹糕点色彩缤纷口感细腻，椰香十足，必吃推荐！,5,positive,0
"Lekor panas-panas, best gila wei! Must try if you come here!",5,positive,0
Would not return to this temple garden. The steamed Nasi Dagang with tender tuna gulai was disappointing and the poor crowd management and disorganised queues ruined our mood.,1,negative,0
整体还行，周末游客比较多，稍微有点拥挤。,3,neutral,0
马马虎虎，算是一个普通的打卡景点吧，顺路可以看看。,3,neutral,0
Rich in tradition and heritage. Exploring the clan jetty with well organised tour activities was the highlight of our trip.,4,positive,0
非常棒的体验，东西很好吃，分量足且性价比很高。,5,positive,0
难吃,1,negative,0
Not worth the entrance fee or trip to Bukit Mertajam. The main issue was extremely slow and chaotic service with cramped and poorly ventilated space.,2,negative,0
The serene coastal breeze and golden sunset views at this tea house in George Town was absolutely outstanding! Loved the clear and engaging historical explanations and comfortable air-conditioned seating.,5,positive,0
The serene coastal breeze and golden sunset views at this clan jetty in Butterworth was absolutely outstanding! Loved the freshly prepared hot food and convenient location and easy accessibility.,4,positive,0
Expected rich cultural insights but was met with cramped and poorly ventilated space and poor crowd management and disorganised queues. Would not recommend.,4,negative,1
赞,5,positive,0
Place quite nice for photos but parking susah gila around here.,3,neutral,0
The creamy Cendol with fresh coconut milk and Gula Melaka was tasteless and overpriced. The noisy and stressful environment made the dining experience unbearable.,1,negative,0
Service tip top and food comes super fast. Truly steady la!,5,positive,0
"A must-try culinary gem in Batu Ferringhi. The hand-drawn street art murals and vibrant artisan crafts was fresh and delicious, accompanied by freshly prepared hot food.",5,positive,0
赞,5,positive,0
非常失望，排队一个多小时结果食物是冷的而且很难吃。,1,negative,0
Very disappointing,1,negative,0
Such a serene and educational experience at the colonial fort. Impressed by clear and engaging historical explanations and friendly and attentive service.,5,positive,0
Poorly maintained heritage curated museum in Bukit Mertajam. Encountered over an hour waiting time for simple orders and limited food options with many items out of stock.,1,negative,0
Poorly maintained heritage craft studio in Armenian Street. Encountered uncomfortable broken seating and dirty sticky tables and unwashed utensils.,5,negative,1
A breathtaking cultural stop in Balik Pulau! The fragrant BM Yam Rice with salted vegetable duck soup and reasonable and transparent prices made it deeply memorable.,4,positive,0
"Suasana bersih, tenang dan selesa. Pasti akan datang lagi bila ke sini.",5,positive,0
"not disappointed with the visit, everything was great and tasty",5,positive,0
"Cendol memang mantap, authentic Penang taste so syok and refreshing!",5,positive,0
服务非常慢，等了快一个小时都没人理，催单还给脸色看。,1,negative,0
食物不新鲜，吃完回去肚子不舒服，卫生令人担忧。,1,negative,0
"Staf sangat biadab dan tempat kotor berdebu, tandas tidak dibersihkan.",1,negative,0
Mantap,5,positive,0
Harga cekik darah! Kena caj tersembunyi yang langsung tak masuk akal.,1,negative,0
Disappointing visit to this colonial fort. Felt neglected with stale ingredients lacking freshness and very poor visitor guidance.,1,negative,0
食物不新鲜，吃完回去肚子不舒服，卫生令人担忧。,1,negative,0
"Not worth the entrance fee or trip to George Town. The main issue was cold, greasy and bland food with confusing ordering process.",5,negative,1
环境优美古色古香，员工很有礼貌，值得带家人再来。,5,positive,0
Rich in tradition and heritage. Exploring the cultural gallery with reasonable and transparent prices was the highlight of our trip.,4,positive,0
Loved every bite of the majestic 272 steps and cathedral limestone caves. The well organised tour activities and freshly prepared hot food made our visit thoroughly enjoyable.,5,positive,0
"not worth visiting, totally overrated and overpriced tourist trap",1,negative,0
The steamed Nasi Dagang with tender tuna gulai at this spice garden in George Town was absolutely outstanding! Loved the well organised tour activities and friendly and attentive service.,4,positive,0
Incredible historical landmark in Bayan Lepas. We appreciated the friendly and attentive service and freshly prepared hot food. Highly recommended!,4,positive,0
价格昂贵但质量很差，完全是坑游客的黑店，千万别来。,1,negative,0
"Food sedap gila and the ambience was top notch, totally recommended!",5,positive,0
"Cendol pulut terbaik di George Town, manis berlemak santan segar.",5,positive,0
食物普通，环境还可以，价格算中规中矩。,3,neutral,0
Expected rich cultural insights but was met with unclear information and lack of signages and poor crowd management and disorganised queues. Would not recommend.,1,negative,0
"no customer care at all, ignored by waiters for 40 minutes",1,negative,0
"A must-try culinary gem in Bayan Lepas. The freshly steamed Hainanese Kaya butter toast and kampung eggs was fresh and delicious, accompanied by comfortable air-conditioned seating.",5,positive,0
差评,1,negative,0
"tidak bagus langsung, pengalaman sangat mengecewakan kami",1,negative,0
"tak rugi langsung cuba laksa nyonya kat sini, sedap terangkat",5,positive,0
环境优美古色古香，员工很有礼貌，值得带家人再来。,5,positive,0
"Nasi lemak bungkus sambal padu, aroma daun pisang wangian asli.",5,positive,0
Incredible historical landmark in Balik Pulau. We appreciated the very helpful and accommodating staff and truly memorable and enriching experience. Highly recommended!,5,positive,0
"Mantap gila place, very instagrammable and peaceful to chill out.",4,positive,0
Buy now limited offer discount discount discount contact me for free vouchers,3,neutral,1
"Tempat panas dan tidak selesa, kipas rosak dan staf buat endah tak endah.",1,negative,0
Amazing amazing amazing amazing amazing amazing amazing amazing,2,positive,1
Harga mahal melampau tapi kualiti teruk dan mengecewakan selera.,1,negative,0
Would not return to this night market bazaar. The UNESCO heritage indigo courtyards and feng shui architecture was disappointing and the confusing ordering process ruined our mood.,1,negative,0
"Authentic Malaysian taste at its best! The fragrant BM Yam Rice with salted vegetable duck soup in Bayan Lepas was top tier, plus fascinating cultural details and architecture.",2,positive,1
Visit my website https://example-deals.com for cheap packages and free gifts,4,neutral,1
Overpriced and slow,1,negative,0
"Very bad experience la, rugi duit and time wasted sitting there.",1,negative,0
Such a serene and educational experience at the nasi kandar stall. Impressed by convenient location and easy accessibility and freshly prepared hot food.,4,positive,0
Wonderful preservation of Malaysian culture in Air Itam. Noticed the convenient location and easy accessibility and truly memorable and enriching experience.,1,positive,1
马马虎虎，算是一个普通的打卡景点吧，顺路可以看看。,3,neutral,0
Pekerja bermasam muka dan berkira bila minta sudu tambahan.,1,negative,0
"Kuah kari cair dan tawar, nasi keras macam tak masak elok.",1,negative,0
The freshly steamed Hainanese Kaya butter toast and kampung eggs at this tea house in Chinatown was absolutely outstanding! Loved the clear and engaging historical explanations and rich authentic flavors.,5,positive,0
"was not terrible at all, worth a visit when in Penang",4,positive,0
"Food cold and tasteless, price like 5 star hotel but hawker standard.",1,negative,0
"tidak ada masalah, urusan sangat lancar dan puas hati",5,positive,0
"Super nice heritage vibes, staff helpful gila and knowledgeable.",5,positive,0
"Nasi lemak bungkus sambal padu, aroma daun pisang wangian asli.",5,positive,0
Super nice,5,positive,0
"Nothing special la, can try once if you are walking nearby.",3,neutral,0
"Place nice gila, staff very friendly and polite throughout our visit.",5,positive,0
"Char kway teow padu gila, duck egg yolk so creamy and lots of cockles!",5,positive,0
"I don't hate it, in fact the experience was quite good and authentic",4,positive,0
Such a serene and educational experience at the curated museum. Impressed by clean and well-maintained environment and very helpful and accommodating staff.,4,positive,0
Pemandangan indah dan staf banyak membantu memberi penerangan sejarah.,5,positive,0
Tempat yang cantik dan sangat berbaloi untuk dikunjungi bersama keluarga.,5,positive,0
食物非常好吃，服务态度很亲切，非常推荐大家来尝试！,5,positive,0
Hancur,1,negative,0
A breathtaking cultural stop in Campbell Street! The crispy Roti Canai with aromatic dhal and mutton curry and comfortable air-conditioned seating made it deeply memorable.,1,positive,1
"Yam rice soup damn solid bro, salted vege duck soup so comforting!",5,positive,0
"Layanan buruk, pekerja malas dan tempat tidak terurus langsung.",1,negative,0
"Terrible meal. The piping hot Kuih Akok and traditional keropok lekor lacked flavor and freshness, coupled with confusing ordering process and poor crowd management and disorganised queues.",4,negative,1
Expected rich cultural insights but was met with unclear information and lack of signages and noisy and stressful environment. Would not recommend.,2,negative,0
Poorly maintained heritage cultural gallery in George Town. Encountered rude and arrogant staff attitudes and grossly overpriced tourist trap pricing.,1,negative,0
环境优美古色古香，员工很有礼貌，值得带家人再来。,5,positive,0
Disappointing visit to this craft studio. Felt neglected with dirty sticky tables and unwashed utensils and very poor visitor guidance.,5,negative,1
"Poorly maintained heritage cultural gallery in Balik Pulau. Encountered cold, greasy and bland food and over an hour waiting time for simple orders.",1,negative,0
"Layanan buruk, pekerja malas dan tempat tidak terurus langsung.",1,negative,0
"Disappointing visit to this bakery. Felt neglected with cold, greasy and bland food and very poor visitor guidance.",1,negative,0
Free bitcoin giveaway click http://crypto-win.xyz fast before ended,3,neutral,1
Tempat okay tapi agak sesak dengan pelancong pada hujung minggu.,3,neutral,0
风景很美，拍照很好看，全家人都很喜欢这个历史古迹。,5,positive,0
Service tip top and food comes super fast. Truly steady la!,5,positive,0
Contact +60123456789 for instant cashback and crypto promo discount vouchers,1,neutral,1
"Place nice gila, staff very friendly and polite throughout our visit.",5,positive,0
Bad food,1,negative,0
Buy now limited offer discount discount discount contact me for free vouchers,4,neutral,1
Overpriced and slow,1,negative,0
Claim your free 500 dollar hotel voucher at http://scam-promo.com right now!,3,neutral,1
"Authentic Malaysian taste at its best! The majestic 272 steps and cathedral limestone caves in Jelutong was top tier, plus clear and engaging historical explanations.",4,positive,0
"The creamy Cendol with fresh coconut milk and Gula Melaka was tasteless and overpriced. The cold, greasy and bland food made the dining experience unbearable.",2,negative,0
马马虎虎，算是一个普通的打卡景点吧，顺路可以看看。,3,neutral,0
Incredible food experience in Teluk Bahang! The piping hot Kuih Akok and traditional keropok lekor had unmatched authentic flavors and comfortable air-conditioned seating.,4,positive,0
"tidak mengecewakan, tempat bersejarah yang menarik dan bersih",4,positive,0
Incredible historical landmark in Campbell Street. We appreciated the fast and efficient table turnover and convenient location and easy accessibility. Highly recommended!,5,positive,0
Standard experience in Tanjung Bungah. Food and service had decent place for a quick photo stop. Convenient for a short rest.,3,neutral,0
"A must-try culinary gem in Jelutong. The hand-drawn street art murals and vibrant artisan crafts was fresh and delicious, accompanied by authentic traditional recipes.",5,positive,0
The freshly steamed Hainanese Kaya butter toast and kampung eggs was tasteless and overpriced. The poor crowd management and disorganised queues made the dining experience unbearable.,2,negative,0
"Terrible meal. The authentic Peranakan Nyonya Laksa lacked flavor and freshness, coupled with stale ingredients lacking freshness and rude and arrogant staff attitudes.",2,negative,0
Loved the view,5,positive,0
Sangat mengecewakan dan tidak berbaloi dengan harga tiket yang mahal.,1,negative,0
Loved every bite of the steamed Nasi Dagang with tender tuna gulai. The generous portion sizes and freshly prepared hot food made our visit thoroughly enjoyable.,4,positive,0
Avoid this,1,negative,0
"Senibina klasik Baba Nyonya yang memukau, banyak sudut bergambar menarik.",5,positive,0
Fair experience overall with a moderate selection of local dishes. Suits travelers who just want a brief stop.,3,neutral,0
"Food sedap gila and the ambience was top notch, totally recommended!",5,positive,0
食物普通，环境还可以，价格算中规中矩。,3,neutral,0
娘惹糕点色彩缤纷口感细腻，椰香十足，必吃推荐！,5,positive,0
"Wait so long for cold food, totally tak worth it and bad mood.",1,negative,0
"not disappointed with the visit, everything was great and tasty",5,positive,0
"Very disappointed with the steamed Nasi Dagang with tender tuna gulai at this clan jetty in Balik Pulau. We encountered cold, greasy and bland food and extremely slow and chaotic service.",1,negative,0
Very disappointed with the piping hot Kuih Akok and traditional keropok lekor at this colonial fort in George Town. We encountered over an hour waiting time for simple orders and noisy and stressful environment.,2,negative,0
食物非常好吃，服务态度很亲切，非常推荐大家来尝试！,5,positive,0
"A must-try culinary gem in Chinatown. The serene coastal breeze and golden sunset views was fresh and delicious, accompanied by comfortable air-conditioned seating.",4,positive,0
Wonderful preservation of Malaysian culture in Jelutong. Noticed the comfortable air-conditioned seating and clear and engaging historical explanations.,4,positive,0
Mengecewakan,1,negative,0
"Overhyped tourist stop in George Town. The intricate Chinese dragon wood carvings and granite courtyards was cold, and we had to endure noisy and stressful environment.",4,negative,1
Such a serene and educational experience at the baba nyonya mansion. Impressed by freshly prepared hot food and authentic traditional recipes.,2,positive,1
Get unlimited followers and likes fast dm on instagram @promo_bot_now,3,neutral,1
Get unlimited followers and likes fast dm on instagram @promo_bot_now,4,neutral,1
"Makanan tak sedap dan servis sangat lambat, kami tunggu hampir sejam.",1,negative,0
Poorly maintained heritage tea house in Bayan Lepas. Encountered dirty sticky tables and unwashed utensils and poor crowd management and disorganised queues.,5,negative,1
"Makanan sangat sedap dan staf peramah, layanan terbaik tiada tandingan!",5,positive,0
"Overrated gila, queue one hour for tasteless cendol and rude cashier.",1,negative,0
Harga mahal melampau tapi kualiti teruk dan mengecewakan selera.,1,negative,0
asdf qwer zxcv lorem ipsum random review text asdf zxcv,1,neutral,1
"Terrible meal. The spiced Nasi Kandar with dark squid curry and fried chicken lacked flavor and freshness, coupled with uncomfortable broken seating and over an hour waiting time for simple orders.",2,negative,0
Dirty place,1,negative,0
"Overhyped tourist stop in Chinatown. The majestic 272 steps and cathedral limestone caves was cold, and we had to endure cramped and poorly ventilated space.",2,negative,0
"Would not return to this colonial fort. The engaging docents explaining Baba Nyonya family customs was disappointing and the cold, greasy and bland food ruined our mood.",2,negative,0
"was not impressed, disappointing quality and stale meat",2,negative,0
Would not return to this coastal cafe. The fragrant BM Yam Rice with salted vegetable duck soup was disappointing and the extremely slow and chaotic service ruined our mood.,1,negative,0
Claim your free 500 dollar hotel voucher at http://scam-promo.com right now!,1,neutral,1
太脏了,1,negative,0
"Suasana bersih, tenang dan selesa. Pasti akan datang lagi bila ke sini.",5,positive,0
价格昂贵但质量很差，完全是坑游客的黑店，千万别来。,1,negative,0
Very tasty,5,positive,0
"Terrible meal. The crispy Roti Canai with aromatic dhal and mutton curry lacked flavor and freshness, coupled with extremely slow and chaotic service and cramped and poorly ventilated space.",5,negative,1
Such a serene and educational experience at the temple garden. Impressed by truly memorable and enriching experience and fascinating cultural details and architecture.,5,positive,0
Harga cekik darah! Kena caj tersembunyi yang langsung tak masuk akal.,1,negative,0
Standard experience in Bayan Lepas. Food and service had decent place for a quick photo stop. Convenient for a short rest.,2,neutral,0
Claim your free 500 dollar hotel voucher at http://scam-promo.com right now!,4,neutral,1
Bad food,1,negative,0
Visit my website https://example-deals.com for cheap packages and free gifts,2,neutral,1
Would not return to this nature trail. The intricate Chinese dragon wood carvings and granite courtyards was disappointing and the dirty sticky tables and unwashed utensils ruined our mood.,2,negative,0
Boleh diterima tetapi perlukan penambahbaikan dari segi kemudahan awam.,3,neutral,0
"Pengalaman yang sangat memuaskan, tempat warisan terpelihara dengan indah.",5,positive,0
食物普通，环境还可以，价格算中规中矩。,3,neutral,0
Wonderful preservation of Malaysian culture in Gurney. Noticed the friendly and attentive service and authentic traditional recipes.,4,positive,0
Visited this rooftop lounge in Butterworth. It offered an ordinary tourist stop without surprises. An okay stop overall if you are nearby.,3,neutral,0
Rich in tradition and heritage. Exploring the curated museum with very helpful and accommodating staff was the highlight of our trip.,5,positive,0
Place quite nice for photos but parking susah gila around here.,3,neutral,0
Very disappointed with the UNESCO heritage indigo courtyards and feng shui architecture at this heritage restaurant in Armenian Street. We encountered over an hour waiting time for simple orders and confusing ordering process.,2,negative,0
煎蕊红豆绵密，椰糖香浓正宗，正宗槟城老字号风味！,5,positive,0
食物新鲜美味，老板很热情好客，五星好评！,5,positive,0
Incredible historical landmark in Air Itam. We appreciated the clear and engaging historical explanations and very helpful and accommodating staff. Highly recommended!,5,positive,0
"Very disappointed with the crispy Roti Canai with aromatic dhal and mutton curry at this street mural spot in Butterworth. We encountered cold, greasy and bland food and noisy and stressful environment.",1,negative,0
The hand-drawn street art murals and vibrant artisan crafts at this rooftop lounge in Bayan Lepas was absolutely outstanding! Loved the fascinating cultural details and architecture and friendly and attentive service.,5,positive,0
卫生条件很差，桌子油腻腻的，服务态度傲慢无礼。,1,negative,0
Disappointing visit to this rooftop lounge. Felt neglected with uncomfortable broken seating and very poor visitor guidance.,1,negative,0
An average stop in Gurney featuring a moderate selection of local dishes. Nothing particularly extraordinary but acceptable.,3,neutral,0
Poorly maintained heritage curated museum in Bayan Lepas. Encountered poor crowd management and disorganised queues and cramped and poorly ventilated space.,1,negative,0
整体还行，周末游客比较多，稍微有点拥挤。,3,neutral,0
Amazing amazing amazing amazing amazing amazing amazing amazing,3,positive,1
Rich in tradition and heritage. Exploring the rooftop lounge with convenient location and easy accessibility was the highlight of our trip.,5,positive,0
"Tandas kotor dan bau busuk menyengat, makanan pun rasa basi.",1,negative,0
"Would not return to this curated museum. The creamy Cendol with fresh coconut milk and Gula Melaka was disappointing and the cold, greasy and bland food ruined our mood.",1,negative,0
A breathtaking cultural stop in Air Itam! The crispy Roti Canai with aromatic dhal and mutton curry and convenient location and easy accessibility made it deeply memorable.,5,positive,0
非常棒的体验，东西很好吃，分量足且性价比很高。,5,positive,0
"Very bad experience la, rugi duit and time wasted sitting there.",1,negative,0
太脏了,1,negative,0
"Food boleh la, but service a bit slow during weekend rush.",3,neutral,0
"Biasa sahaja, makanan boleh tahan tapi tiada yang begitu istimewa.",3,neutral,0
"Overhyped tourist stop in Chinatown. The engaging docents explaining Baba Nyonya family customs was cold, and we had to endure grossly overpriced tourist trap pricing.",2,negative,0
娘惹糕点色彩缤纷口感细腻，椰香十足，必吃推荐！,5,positive,0
"Keropok lekor panas gebu, sos pencicah manis pedas memang ngam.",5,positive,0
Bad bad bad bad bad bad bad bad bad bad bad,1,negative,1
"Pengalaman standard, harga sederhana dan servis bersahaja.",3,neutral,0
环境优美古色古香，员工很有礼貌，值得带家人再来。,5,positive,0
Best stop for local food lovers. The authentic Peranakan Nyonya Laksa exceeded expectations with rich authentic flavors. Will come back!,5,positive,0
Dirty place,1,negative,0
Pemandangan indah dan staf banyak membantu memberi penerangan sejarah.,5,positive,0
Loved every bite of the freshly steamed Hainanese Kaya butter toast and kampung eggs. The generous portion sizes and clear and engaging historical explanations made our visit thoroughly enjoyable.,4,positive,0
Best stop for local food lovers. The fragrant BM Yam Rice with salted vegetable duck soup exceeded expectations with reasonable and transparent prices. Will come back!,2,positive,1
"tidak menyesal melawat tempat ini, pengalaman menarik dan berilmu",5,positive,0
文化底蕴深厚，讲解员解说很清楚，很有收获的文化之旅。,5,positive,0
"Authentic Malaysian taste at its best! The fragrant BM Yam Rice with salted vegetable duck soup in Gurney was top tier, plus beautiful aesthetic presentation.",4,positive,0
中规中矩，无功无过，适合路过时简单吃个便饭。,3,neutral,0
The crispy Roti Canai with aromatic dhal and mutton curry was tasteless and overpriced. The grossly overpriced tourist trap pricing made the dining experience unbearable.,4,negative,1
Contact +60123456789 for instant cashback and crypto promo discount vouchers,3,neutral,1
A breathtaking cultural stop in Jelutong! The fragrant BM Yam Rice with salted vegetable duck soup and generous portion sizes made it deeply memorable.,5,positive,0
"Authentic Malaysian taste at its best! The fragrant BM Yam Rice with salted vegetable duck soup in Batu Ferringhi was top tier, plus friendly and attentive service.",5,positive,0
Incredible food experience in Balik Pulau! The steamed Nasi Dagang with tender tuna gulai had unmatched authentic flavors and freshly prepared hot food.,4,positive,0
"not disappointed with the visit, everything was great and tasty",5,positive,0
Not worth the entrance fee or trip to Tanjung Bungah. The main issue was confusing ordering process with poor crowd management and disorganised queues.,1,negative,0
Poorly maintained heritage nasi kandar stall in Jelutong. Encountered grossly overpriced tourist trap pricing and limited food options with many items out of stock.,1,negative,0
Wonderful preservation of Malaysian culture in Jelutong. Noticed the authentic traditional recipes and beautiful aesthetic presentation.,5,positive,0
11111111111 222222222 33333333333 discount call now,2,neutral,1
A breathtaking cultural stop in Armenian Street! The fragrant BM Yam Rice with salted vegetable duck soup and truly memorable and enriching experience made it deeply memorable.,5,positive,0
Incredible food experience in Bayan Lepas! The crispy Roti Canai with aromatic dhal and mutton curry had unmatched authentic flavors and friendly and attentive service.,1,positive,1
"Biasa sahaja, makanan boleh tahan tapi tiada yang begitu istimewa.",3,neutral,0
"Terrible meal. The authentic Peranakan Nyonya Laksa lacked flavor and freshness, coupled with poor crowd management and disorganised queues and stale ingredients lacking freshness.",1,negative,0
Tempat warisan bersejarah yang sangat bermakna dan dijaga dengan rapi.,5,positive,0
"Makan not nice, price mahal gila and staff sombong nak mampus.",1,negative,0
tak puas hati dengan layanan pekerja yang pemalas,1,negative,0
"Makanan sangat sedap dan staf peramah, layanan terbaik tiada tandingan!",5,positive,0
极其恶劣的体验，千万别来浪费宝贵的旅游假期。,1,negative,0
Not recommended,1,negative,0
"Nothing special la, can try once if you are walking nearby.",3,neutral,0
Bad bad bad bad bad bad bad bad bad bad bad,1,negative,1
"Cendol okay je, nothing much to shout about but cools you down.",3,neutral,0
"Layanan buruk, pekerja malas dan tempat tidak terurus langsung.",1,negative,0
Dirty place,1,negative,0
An average stop in Chinatown featuring acceptable food quality for the price. Nothing particularly extraordinary but acceptable.,4,neutral,0
Standard experience in Balik Pulau. Food and service had standard kopitiam ambiance. Convenient for a short rest.,3,neutral,0
A breathtaking cultural stop in Little India! The intricate Chinese dragon wood carvings and granite courtyards and clean and well-maintained environment made it deeply memorable.,5,positive,0
asdf qwer zxcv lorem ipsum random review text asdf zxcv,4,neutral,1
The majestic 272 steps and cathedral limestone caves was tasteless and overpriced. The extremely slow and chaotic service made the dining experience unbearable.,4,negative,1
An average stop in Batu Ferringhi featuring standard basic facilities. Nothing particularly extraordinary but acceptable.,3,neutral,0
"Overhyped tourist stop in Gurney. The majestic 272 steps and cathedral limestone caves was cold, and we had to endure poor crowd management and disorganised queues.",2,negative,0
Such a serene and educational experience at the coastal cafe. Impressed by truly memorable and enriching experience and rich authentic flavors.,1,positive,1
Follow my telegram channel and message me for the best promotion code today on whatsapp,2,neutral,1
"Servis sangat pantas dan mesra, makanan panas dan segar dari dapur.",5,positive,0
Poorly maintained heritage baba nyonya mansion in Air Itam. Encountered poor crowd management and disorganised queues and cramped and poorly ventilated space.,1,negative,0
Worth visiting,5,positive,0
文化底蕴深厚，讲解员解说很清楚，很有收获的文化之旅。,5,positive,0
"Makanan tak sedap dan servis sangat lambat, kami tunggu hampir sejam.",1,negative,0
Disappointing visit to this heritage restaurant. Felt neglected with noisy and stressful environment and very poor visitor guidance.,2,negative,0
Visited this coastal cafe in Bayan Lepas. It offered standard kopitiam ambiance. An okay stop overall if you are nearby.,3,neutral,0
Loved the view,5,positive,0
Such a serene and educational experience at the nasi kandar stall. Impressed by rich authentic flavors and fascinating cultural details and architecture.,2,positive,1
"Very disappointed with the engaging docents explaining Baba Nyonya family customs at this rooftop lounge in Gurney. We encountered cold, greasy and bland food and unclear information and lack of signages.",1,negative,0
环境优美古色古香，员工很有礼貌，值得带家人再来。,5,positive,0
"Authentic Malaysian taste at its best! The Char Kway Teow with duck egg and wok hei in Bayan Lepas was top tier, plus authentic traditional recipes.",2,positive,1
非常失望，排队一个多小时结果食物是冷的而且很难吃。,1,negative,0
"Mantap gila place, very instagrammable and peaceful to chill out.",4,positive,0
Loved every bite of the crispy Roti Canai with aromatic dhal and mutton curry. The friendly and attentive service and convenient location and easy accessibility made our visit thoroughly enjoyable.,5,positive,0
Visited this cultural gallery in Teluk Bahang. It offered a simple and functional seating layout. An okay stop overall if you are nearby.,3,neutral,0
Terrible service,1,negative,0
态度差,1,negative,0
Incredible historical landmark in Butterworth. We appreciated the clean and well-maintained environment and fascinating cultural details and architecture. Highly recommended!,5,positive,0
"Average taste la, standard tourist price and normal portion size.",3,neutral,0
Very disappointed with the succulent satay skewers with thick peanut gravy at this baba nyonya mansion in Tanjung Bungah. We encountered extremely slow and chaotic service and rude and arrogant staff attitudes.,2,negative,0
"Would not return to this clan jetty. The intricate Chinese dragon wood carvings and granite courtyards was disappointing and the cold, greasy and bland food ruined our mood.",4,negative,1
炒粿条镬气十足，鸭蛋香味浓郁，虾肉新鲜弹牙！,5,positive,0
Would not return to this craft studio. The spiced Nasi Kandar with dark squid curry and fried chicken was disappointing and the grossly overpriced tourist trap pricing ruined our mood.,1,negative,0
Expected rich cultural insights but was met with limited food options with many items out of stock and dirty sticky tables and unwashed utensils. Would not recommend.,1,negative,0
"Layanan cemerlang, rasa masakan asli turun-temurun sangat mengagumkan!",5,positive,0
"Average taste la, standard tourist price and normal portion size.",3,neutral,0
Incredible food experience in Chinatown! The freshly steamed Hainanese Kaya butter toast and kampung eggs had unmatched authentic flavors and comfortable air-conditioned seating.,5,positive,0
Such a serene and educational experience at the coastal cafe. Impressed by friendly and attentive service and very helpful and accommodating staff.,4,positive,0
Incredible historical landmark in Gurney. We appreciated the comfortable air-conditioned seating and very helpful and accommodating staff. Highly recommended!,4,positive,0
"Tandas kotor dan bau busuk menyengat, makanan pun rasa basi.",1,negative,0
"Overhyped tourist stop in Bayan Lepas. The freshly steamed Hainanese Kaya butter toast and kampung eggs was cold, and we had to endure grossly overpriced tourist trap pricing.",5,negative,1
味道一般般，没有网络上吹捧得那么惊艳。,3,neutral,0
又贵又难吃，环境脏乱差，给一颗星都嫌多！,1,negative,0
非常棒的体验，东西很好吃，分量足且性价比很高。,5,positive,0
Incredible historical landmark in Chinatown. We appreciated the very helpful and accommodating staff and generous portion sizes. Highly recommended!,4,positive,0
Clean and tidy,4,positive,0
很喜欢,5,positive,0
"tidak bersih dan meja melekit, rasa loya nak makan",1,negative,0
Tempat warisan bersejarah yang sangat bermakna dan dijaga dengan rapi.,5,positive,0
"A must-try culinary gem in Balik Pulau. The steamed Nasi Dagang with tender tuna gulai was fresh and delicious, accompanied by clean and well-maintained environment.",5,positive,0
Amazing amazing amazing amazing amazing amazing amazing amazing,3,positive,1
"Biasa sahaja, makanan boleh tahan tapi tiada yang begitu istimewa.",3,neutral,0
Very disappointed with the succulent satay skewers with thick peanut gravy at this bakery in Chinatown. We encountered noisy and stressful environment and uncomfortable broken seating.,2,negative,0
"tidak mengecewakan langsung, suasana sangat cantik dan tenang",5,positive,0
Avoid this,1,negative,0
Visit my website https://example-deals.com for cheap packages and free gifts,4,neutral,1
Visited this nasi kandar stall in Campbell Street. It offered standard kopitiam ambiance. An okay stop overall if you are nearby.,3,neutral,0
味道一般般，没有网络上吹捧得那么惊艳。,3,neutral,0
"Cendol okay je, nothing much to shout about but cools you down.",3,neutral,0
Rude staff,1,negative,0
"Poorly maintained heritage nasi kandar stall in Jelutong. Encountered cold, greasy and bland food and poor crowd management and disorganised queues.",5,negative,1
"Char kway teow padu gila, duck egg yolk so creamy and lots of cockles!",5,positive,0
娘惹糕点色彩缤纷口感细腻，椰香十足，必吃推荐！,5,positive,0
Tempat okay tapi agak sesak dengan pelancong pada hujung minggu.,3,neutral,0
"Makan not nice, price mahal gila and staff sombong nak mampus.",1,negative,0
"Authentic Malaysian taste at its best! The steamed Nasi Dagang with tender tuna gulai in Bukit Mertajam was top tier, plus generous portion sizes.",4,positive,0
"Pilihan kuih agak terhad waktu petang, tetapi rasanya boleh dimakan.",3,neutral,0
Bad bad bad bad bad bad bad bad bad bad bad,5,negative,1
"Food sedap gila and the ambience was top notch, totally recommended!",5,positive,0
Rich in tradition and heritage. Exploring the satay stall with comfortable air-conditioned seating was the highlight of our trip.,5,positive,0
Such a serene and educational experience at the colonial fort. Impressed by beautiful aesthetic presentation and fascinating cultural details and architecture.,4,positive,0
The succulent satay skewers with thick peanut gravy was tasteless and overpriced. The unclear information and lack of signages made the dining experience unbearable.,5,negative,1
"definitely not recommended, horrible service and bad attitude",1,negative,0
Poorly maintained heritage nasi kandar stall in Bukit Mertajam. Encountered uncomfortable broken seating and rude and arrogant staff attitudes.,1,negative,0
"The nature trail was decent. There was decent place for a quick photo stop, although a simple and functional seating layout could be improved.",3,neutral,0
Claim your free 500 dollar hotel voucher at http://scam-promo.com right now!,3,neutral,1
Incredible historical landmark in Teluk Bahang. We appreciated the truly memorable and enriching experience and beautiful aesthetic presentation. Highly recommended!,4,positive,0
"not bad, quite liked the food and friendly service",4,positive,0
A breathtaking cultural stop in Bayan Lepas! The intricate Chinese dragon wood carvings and granite courtyards and reasonable and transparent prices made it deeply memorable.,4,positive,0
文化底蕴深厚，讲解员解说很清楚，很有收获的文化之旅。,5,positive,0
食物普通，环境还可以，价格算中规中矩。,3,neutral,0
"Kuah kari cair dan tawar, nasi keras macam tak masak elok.",1,negative,0
Standard experience in Bukit Mertajam. Food and service had an ordinary tourist stop without surprises. Convenient for a short rest.,4,neutral,0
A breathtaking cultural stop in Chinatown! The majestic 272 steps and cathedral limestone caves and well organised tour activities made it deeply memorable.,1,positive,1
"Very disappointed with the freshly steamed Hainanese Kaya butter toast and kampung eggs at this street mural spot in Batu Ferringhi. We encountered cold, greasy and bland food and grossly overpriced tourist trap pricing.",4,negative,1
"not worth visiting, totally overrated and overpriced tourist trap",1,negative,0
食物非常好吃，服务态度很亲切，非常推荐大家来尝试！,5,positive,0
Not recommended,1,negative,0
Very good place,5,positive,0
"Dirty tables everywhere, damn disgusting experience and smelly toilet.",1,negative,0
The fragrant BM Yam Rice with salted vegetable duck soup was tasteless and overpriced. The uncomfortable broken seating made the dining experience unbearable.,1,negative,0
Mantap,5,positive,0
管理混乱，排队毫无秩序，态度极其恶劣差劲。,1,negative,0
"Sangat teruk, tak akan syorkan kepada sesiapa pun untuk datang.",1,negative,0
The succulent satay skewers with thick peanut gravy at this rooftop lounge in Campbell Street was absolutely outstanding! Loved the comfortable air-conditioned seating and friendly and attentive service.,5,positive,0
Lokasi strategik dan tempat menarik untuk pelancong yang sukakan seni warisan.,4,positive,0
"Wait so long for cold food, totally tak worth it and bad mood.",1,negative,0
Such a serene and educational experience at the bakery. Impressed by clean and well-maintained environment and freshly prepared hot food.,5,positive,0
物超所值，值得推荐给所有来马来西亚旅游的朋友。,5,positive,0
"Suasana bersih, tenang dan selesa. Pasti akan datang lagi bila ke sini.",5,positive,0
"Pilihan kuih agak terhad waktu petang, tetapi rasanya boleh dimakan.",3,neutral,0
Incredible historical landmark in Jelutong. We appreciated the generous portion sizes and authentic traditional recipes. Highly recommended!,4,positive,0
Loved every bite of the authentic Peranakan Nyonya Laksa. The authentic traditional recipes and clear and engaging historical explanations made our visit thoroughly enjoyable.,4,positive,0
A breathtaking cultural stop in Balik Pulau! The serene coastal breeze and golden sunset views and clear and engaging historical explanations made it deeply memorable.,4,positive,0
Fair experience overall with decent place for a quick photo stop. Suits travelers who just want a brief stop.,4,neutral,0
The piping hot Kuih Akok and traditional keropok lekor at this craft studio in Armenian Street was absolutely outstanding! Loved the clear and engaging historical explanations and very helpful and accommodating staff.,2,positive,1
Place quite nice for photos but parking susah gila around here.,3,neutral,0
Incredible food experience in Jelutong! The spiced Nasi Kandar with dark squid curry and fried chicken had unmatched authentic flavors and comfortable air-conditioned seating.,4,positive,0
"Overhyped tourist stop in Little India. The intricate Chinese dragon wood carvings and granite courtyards was cold, and we had to endure cramped and poorly ventilated space.",1,negative,0
"Disappointing visit to this temple garden. Felt neglected with cold, greasy and bland food and very poor visitor guidance.",1,negative,0
Would not return to this clan jetty. The piping hot Kuih Akok and traditional keropok lekor was disappointing and the dirty sticky tables and unwashed utensils ruined our mood.,2,negative,0
Harga mahal melampau tapi kualiti teruk dan mengecewakan selera.,1,negative,0
The hand-drawn street art murals and vibrant artisan crafts was tasteless and overpriced. The grossly overpriced tourist trap pricing made the dining experience unbearable.,2,negative,0
Buy now limited offer discount discount discount contact me for free vouchers,1,neutral,1
"Rasa makanan biasa, harga berpatutan dengan saiz hidangan.",3,neutral,0
"Hancur mood, cashier buat muka masam and rude when taking orders.",1,negative,0
"Biasa sahaja, makanan boleh tahan tapi tiada yang begitu istimewa.",3,neutral,0
"tak rugi langsung cuba laksa nyonya kat sini, sedap terangkat",5,positive,0
Visited this tea house in Chinatown. It offered an ordinary tourist stop without surprises. An okay stop overall if you are nearby.,3,neutral,0
not worth the price or the long queue under the hot sun,1,negative,0
Such a serene and educational experience at the clan jetty. Impressed by clear and engaging historical explanations and fast and efficient table turnover.,5,positive,0
Pemandangan indah dan staf banyak membantu memberi penerangan sejarah.,5,positive,0
Servis mantap,5,positive,0
"Super nice heritage vibes, staff helpful gila and knowledgeable.",5,positive,0
Rugi duit,1,negative,0
Amazing amazing amazing amazing amazing amazing amazing amazing,2,positive,1
食物很难吃，服务员态度极差，完全不推荐大家来踩雷！,1,negative,0
"went without any problems, staff was super helpful and caring",5,positive,0
"Dirty tables everywhere, damn disgusting experience and smelly toilet.",1,negative,0
推荐,5,positive,0
Overpriced and slow,1,negative,0
整体还行，周末游客比较多，稍微有点拥挤。,3,neutral,0
A breathtaking cultural stop in Jelutong! The majestic 272 steps and cathedral limestone caves and convenient location and easy accessibility made it deeply memorable.,5,positive,0
"A must-try culinary gem in Batu Ferringhi. The authentic Peranakan Nyonya Laksa was fresh and delicious, accompanied by comfortable air-conditioned seating.",2,positive,1
煎蕊红豆绵密，椰糖香浓正宗，正宗槟城老字号风味！,5,positive,0
食物很难吃，服务员态度极差，完全不推荐大家来踩雷！,1,negative,0
Incredible historical landmark in Air Itam. We appreciated the fast and efficient table turnover and truly memorable and enriching experience. Highly recommended!,1,positive,1
味道一般般，没有网络上吹捧得那么惊艳。,3,neutral,0
价格昂贵但质量很差，完全是坑游客的黑店，千万别来。,1,negative,0
Sangat berpuas hati dengan kebersihan dan keramahan pekerja di sini.,5,positive,0
"never coming back here again, awful experience from start to end",1,negative,0
"Terrible meal. The fragrant BM Yam Rice with salted vegetable duck soup lacked flavor and freshness, coupled with cold, greasy and bland food and rude and arrogant staff attitudes.",1,negative,0
Tempat yang cantik dan sangat berbaloi untuk dikunjungi bersama keluarga.,5,positive,0
Standard experience in Butterworth. Food and service had a moderate selection of local dishes. Convenient for a short rest.,3,neutral,0
"Authentic Malaysian taste at its best! The Char Kway Teow with duck egg and wok hei in Balik Pulau was top tier, plus beautiful aesthetic presentation.",5,positive,0
非常失望，排队一个多小时结果食物是冷的而且很难吃。,1,negative,0
Standard experience in George Town. Food and service had decent place for a quick photo stop. Convenient for a short rest.,3,neutral,0
"Biasa sahaja, makanan boleh tahan tapi tiada yang begitu istimewa.",3,neutral,0
11111111111 222222222 33333333333 discount call now,2,neutral,1
Fair experience overall with decent place for a quick photo stop. Suits travelers who just want a brief stop.,3,neutral,0
"I don't hate it, in fact the experience was quite good and authentic",4,positive,0
Would not return to this spice garden. The serene coastal breeze and golden sunset views was disappointing and the confusing ordering process ruined our mood.,1,negative,0
"Tandas kotor dan bau busuk menyengat, makanan pun rasa basi.",1,negative,0
"Staff very rude, tempat kotor gila potong stim bila nak makan.",1,negative,0
"not overhyped at all, the char kway teow really delivers top wok hei",5,positive,0
"Tempat panas dan tidak selesa, kipas rosak dan staf buat endah tak endah.",1,negative,0
"Pilihan kuih agak terhad waktu petang, tetapi rasanya boleh dimakan.",3,neutral,0
"The bakery was decent. There was basic informative signage, although decent place for a quick photo stop could be improved.",2,neutral,0
非常棒的古迹景点，建筑与壁画保存得非常完善。,5,positive,0
Harga cekik darah! Kena caj tersembunyi yang langsung tak masuk akal.,1,negative,0
太脏了,1,negative,0
"tidak ada masalah, urusan sangat lancar dan puas hati",5,positive,0
"Rugi masa datang sini, langsung tiada apa yang menarik seperti diiklan.",1,negative,0
管理混乱，排队毫无秩序，态度极其恶劣差劲。,1,negative,0
"Nothing special la, can try once if you are walking nearby.",3,neutral,0
Best stop for local food lovers. The spiced Nasi Kandar with dark squid curry and fried chicken exceeded expectations with clean and well-maintained environment. Will come back!,2,positive,1
Expected rich cultural insights but was met with noisy and stressful environment and dirty sticky tables and unwashed utensils. Would not recommend.,2,negative,0
A breathtaking cultural stop in Armenian Street! The UNESCO heritage indigo courtyards and feng shui architecture and clear and engaging historical explanations made it deeply memorable.,5,positive,0
"was not bad, pretty nice spot for afternoon tea and dessert",4,positive,0
Sangat berpuas hati dengan kebersihan dan keramahan pekerja di sini.,5,positive,0
A breathtaking cultural stop in Balik Pulau! The fragrant BM Yam Rice with salted vegetable duck soup and authentic traditional recipes made it deeply memorable.,1,positive,1
Pemandangan indah dan staf banyak membantu memberi penerangan sejarah.,5,positive,0
Disappointing visit to this curated museum. Felt neglected with poor crowd management and disorganised queues and very poor visitor guidance.,2,negative,0
Wonderful preservation of Malaysian culture in Jelutong. Noticed the very helpful and accommodating staff and freshly prepared hot food.,4,positive,0
"Pengalaman yang sangat memuaskan, tempat warisan terpelihara dengan indah.",5,positive,0
Free bitcoin giveaway click http://crypto-win.xyz fast before ended,2,neutral,1
Incredible historical landmark in Batu Ferringhi. We appreciated the freshly prepared hot food and beautiful aesthetic presentation. Highly recommended!,4,positive,0
极其恶劣的体验，千万别来浪费宝贵的旅游假期。,1,negative,0
"Overrated gila, queue one hour for tasteless cendol and rude cashier.",1,negative,0
"Senibina klasik Baba Nyonya yang memukau, banyak sudut bergambar menarik.",5,positive,0
卫生条件很差，桌子油腻腻的，服务态度傲慢无礼。,1,negative,0
Wonderful preservation of Malaysian culture in Bayan Lepas. Noticed the very helpful and accommodating staff and reasonable and transparent prices.,4,positive,0
"Suasana bersih, tenang dan selesa. Pasti akan datang lagi bila ke sini.",5,positive,0
"Makan not nice, price mahal gila and staff sombong nak mampus.",1,negative,0
Fair experience overall with a simple and functional seating layout. Suits travelers who just want a brief stop.,3,neutral,0
中规中矩，无功无过，适合路过时简单吃个便饭。,3,neutral,0
服务非常慢，等了快一个小时都没人理，催单还给脸色看。,1,negative,0
Buy now limited offer discount discount discount contact me for free vouchers,1,neutral,1
Bad bad bad bad bad bad bad bad bad bad bad,5,negative,1
管理混乱，排队毫无秩序，态度极其恶劣差劲。,1,negative,0
The serene coastal breeze and golden sunset views at this nature trail in Chinatown was absolutely outstanding! Loved the clear and engaging historical explanations and very helpful and accommodating staff.,5,positive,0
娘惹糕点色彩缤纷口感细腻，椰香十足，必吃推荐！,5,positive,0
Not worth the entrance fee or trip to Balik Pulau. The main issue was cramped and poorly ventilated space with confusing ordering process.,5,negative,1
Very disappointed with the UNESCO heritage indigo courtyards and feng shui architecture at this temple garden in Teluk Bahang. We encountered stale ingredients lacking freshness and cramped and poorly ventilated space.,2,negative,0
Puas hati,5,positive,0
not worth the price or the long queue under the hot sun,1,negative,0
Claim your free 500 dollar hotel voucher at http://scam-promo.com right now!,3,neutral,1
Must visit,5,positive,0
"Servis sangat pantas dan mesra, makanan panas dan segar dari dapur.",5,positive,0
Wonderful preservation of Malaysian culture in Batu Ferringhi. Noticed the generous portion sizes and friendly and attentive service.,1,positive,1
Buy now limited offer discount discount discount contact me for free vouchers,2,neutral,1
Expected rich cultural insights but was met with grossly overpriced tourist trap pricing and confusing ordering process. Would not recommend.,1,negative,0
Incredible food experience in Butterworth! The serene coastal breeze and golden sunset views had unmatched authentic flavors and very helpful and accommodating staff.,2,positive,1
Mengecewakan,1,negative,0
中规中矩，无功无过，适合路过时简单吃个便饭。,3,neutral,0
Wonderful preservation of Malaysian culture in Campbell Street. Noticed the fast and efficient table turnover and fascinating cultural details and architecture.,4,positive,0
Contact +60123456789 for instant cashback and crypto promo discount vouchers,2,neutral,1
Incredible food experience in Jelutong! The Char Kway Teow with duck egg and wok hei had unmatched authentic flavors and truly memorable and enriching experience.,4,positive,0
Expected rich cultural insights but was met with stale ingredients lacking freshness and rude and arrogant staff attitudes. Would not recommend.,2,negative,0
Not worth the entrance fee or trip to Air Itam. The main issue was stale ingredients lacking freshness with dirty sticky tables and unwashed utensils.,1,negative,0
"The kopitiam was decent. There was a moderate selection of local dishes, although standard basic facilities could be improved.",3,neutral,0
Disappointing visit to this rooftop lounge. Felt neglected with limited food options with many items out of stock and very poor visitor guidance.,5,negative,1
干净卫生，上菜速度快，整体用餐体验非常满意。,4,positive,0
"Overhyped tourist stop in Butterworth. The steamed Nasi Dagang with tender tuna gulai was cold, and we had to endure cold, greasy and bland food.",1,negative,0
Rich in tradition and heritage. Exploring the heritage restaurant with authentic traditional recipes was the highlight of our trip.,5,positive,0
"Sederhana sahaja, sesuai untuk singgah sebentar jika lalu di kawasan ini.",3,neutral,0
Wonderful preservation of Malaysian culture in Jelutong. Noticed the friendly and attentive service and truly memorable and enriching experience.,4,positive,0
Harga mahal melampau tapi kualiti teruk dan mengecewakan selera.,1,negative,0
The engaging docents explaining Baba Nyonya family customs was tasteless and overpriced. The confusing ordering process made the dining experience unbearable.,2,negative,0
Bad bad bad bad bad bad bad bad bad bad bad,4,negative,1
Disappointing visit to this heritage restaurant. Felt neglected with cramped and poorly ventilated space and very poor visitor guidance.,5,negative,1
Rich in tradition and heritage. Exploring the curated museum with beautiful aesthetic presentation was the highlight of our trip.,4,positive,0
"Layanan cemerlang, rasa masakan asli turun-temurun sangat mengagumkan!",5,positive,0
Incredible historical landmark in Teluk Bahang. We appreciated the very helpful and accommodating staff and generous portion sizes. Highly recommended!,5,positive,0
文化底蕴深厚，讲解员解说很清楚，很有收获的文化之旅。,5,positive,0
Wonderful preservation of Malaysian culture in George Town. Noticed the beautiful aesthetic presentation and authentic traditional recipes.,5,positive,0
Claim your free 500 dollar hotel voucher at http://scam-promo.com right now!,3,neutral,1
"Overhyped tourist stop in Jelutong. The authentic Peranakan Nyonya Laksa was cold, and we had to endure unclear information and lack of signages.",1,negative,0
Not recommended,1,negative,0
Disappointing visit to this nature trail. Felt neglected with confusing ordering process and very poor visitor guidance.,4,negative,1
Fair experience overall with decent place for a quick photo stop. Suits travelers who just want a brief stop.,3,neutral,0
Incredible food experience in George Town! The hand-drawn street art murals and vibrant artisan crafts had unmatched authentic flavors and clean and well-maintained environment.,5,positive,0
A breathtaking cultural stop in Bukit Mertajam! The crispy Roti Canai with aromatic dhal and mutton curry and fascinating cultural details and architecture made it deeply memorable.,4,positive,0
Tempat warisan bersejarah yang sangat bermakna dan dijaga dengan rapi.,5,positive,0
"Pengalaman yang sangat memuaskan, tempat warisan terpelihara dengan indah.",5,positive,0
"Tempat panas dan tidak selesa, kipas rosak dan staf buat endah tak endah.",1,negative,0
tak berbaloi dengan harga yang mahal dan porsi sedikit,1,negative,0
Very disappointing,1,negative,0
"Nasi lemak bungkus sambal padu, aroma daun pisang wangian asli.",5,positive,0
A breathtaking cultural stop in Balik Pulau! The piping hot Kuih Akok and traditional keropok lekor and generous portion sizes made it deeply memorable.,5,positive,0
"Food boleh la, but service a bit slow during weekend rush.",3,neutral,0
"Cendol okay je, nothing much to shout about but cools you down.",3,neutral,0
Follow my telegram channel and message me for the best promotion code today on whatsapp,1,neutral,1
"Murah and sedap, really worth the visit for genuine foodies.",5,positive,0
"Nasi lemak bungkus sambal padu, aroma daun pisang wangian asli.",5,positive,0
"Staff very rude, tempat kotor gila potong stim bila nak makan.",1,negative,0
"Very bad experience la, rugi duit and time wasted sitting there.",1,negative,0
"definitely not disappointed, fantastic experience with family",5,positive,0
Loved every bite of the crispy Roti Canai with aromatic dhal and mutton curry. The freshly prepared hot food and reasonable and transparent prices made our visit thoroughly enjoyable.,5,positive,0
"Terrible meal. The serene coastal breeze and golden sunset views lacked flavor and freshness, coupled with uncomfortable broken seating and noisy and stressful environment.",1,negative,0
"The baba nyonya mansion was decent. There was decent place for a quick photo stop, although standard basic facilities could be improved.",2,neutral,0
Not worth the entrance fee or trip to Campbell Street. The main issue was over an hour waiting time for simple orders with limited food options with many items out of stock.,4,negative,1
Super nice,5,positive,0
管理混乱，排队毫无秩序，态度极其恶劣差劲。,1,negative,0
Not worth the entrance fee or trip to Jelutong. The main issue was limited food options with many items out of stock with extremely slow and chaotic service.,1,negative,0
"went without any problems, staff was super helpful and caring",5,positive,0
"Authentic Malaysian taste at its best! The authentic Peranakan Nyonya Laksa in Armenian Street was top tier, plus fast and efficient table turnover.",5,positive,0
"Average taste la, standard tourist price and normal portion size.",3,neutral,0
"tak segar langsung lauk pauk, rasa macam makanan semalam",1,negative,0
Rich in tradition and heritage. Exploring the nasi kandar stall with comfortable air-conditioned seating was the highlight of our trip.,2,positive,1
Sangat berpuas hati dengan kebersihan dan keramahan pekerja di sini.,5,positive,0
食物不新鲜，吃完回去肚子不舒服，卫生令人担忧。,1,negative,0
"The succulent satay skewers with thick peanut gravy was tasteless and overpriced. The cold, greasy and bland food made the dining experience unbearable.",4,negative,1
管理混乱，排队毫无秩序，态度极其恶劣差劲。,1,negative,0
Servis teruk,1,negative,0
Loved every bite of the crispy Roti Canai with aromatic dhal and mutton curry. The beautiful aesthetic presentation and rich authentic flavors made our visit thoroughly enjoyable.,5,positive,0
"Overhyped tourist stop in Little India. The freshly steamed Hainanese Kaya butter toast and kampung eggs was cold, and we had to endure dirty sticky tables and unwashed utensils.",2,negative,0
A breathtaking cultural stop in Gurney! The fragrant BM Yam Rice with salted vegetable duck soup and freshly prepared hot food made it deeply memorable.,4,positive,0
Loved every bite of the hand-drawn street art murals and vibrant artisan crafts. The clear and engaging historical explanations and well organised tour activities made our visit thoroughly enjoyable.,5,positive,0
Amazing amazing amazing amazing amazing amazing amazing amazing,5,positive,1
Visit my website https://example-deals.com for cheap packages and free gifts,2,neutral,1
The intricate Chinese dragon wood carvings and granite courtyards at this tea house in Tanjung Bungah was absolutely outstanding! Loved the beautiful aesthetic presentation and truly memorable and enriching experience.,4,positive,0
Visit my website https://example-deals.com for cheap packages and free gifts,2,neutral,1
Not worth the entrance fee or trip to Batu Ferringhi. The main issue was poor crowd management and disorganised queues with confusing ordering process.,2,negative,0
Very disappointed with the intricate Chinese dragon wood carvings and granite courtyards at this nasi kandar stall in Tanjung Bungah. We encountered dirty sticky tables and unwashed utensils and uncomfortable broken seating.,5,negative,1
"A must-try culinary gem in Armenian Street. The piping hot Kuih Akok and traditional keropok lekor was fresh and delicious, accompanied by clean and well-maintained environment.",5,positive,0
Wonderful preservation of Malaysian culture in Little India. Noticed the well organised tour activities and friendly and attentive service.,4,positive,0
Disappointing visit to this spice garden. Felt neglected with dirty sticky tables and unwashed utensils and very poor visitor guidance.,1,negative,0
"Sederhana sahaja, sesuai untuk singgah sebentar jika lalu di kawasan ini.",3,neutral,0
"tak segar langsung lauk pauk, rasa macam makanan semalam",1,negative,0
Claim your free 500 dollar hotel voucher at http://scam-promo.com right now!,4,neutral,1
Worst meal,1,negative,0
Standard experience in Tanjung Bungah. Food and service had a relatively brief walking tour. Convenient for a short rest.,3,neutral,0
管理混乱，排队毫无秩序，态度极其恶劣差劲。,1,negative,0
物超所值，值得推荐给所有来马来西亚旅游的朋友。,5,positive,0
非常失望，排队一个多小时结果食物是冷的而且很难吃。,1,negative,0
Such a serene and educational experience at the tea house. Impressed by truly memorable and enriching experience and very helpful and accommodating staff.,4,positive,0
Claim your free 500 dollar hotel voucher at http://scam-promo.com right now!,4,neutral,1
"Dirty tables everywhere, damn disgusting experience and smelly toilet.",1,negative,0
食物普通，环境还可以，价格算中规中矩。,3,neutral,0
Would not return to this temple garden. The fragrant BM Yam Rice with salted vegetable duck soup was disappointing and the extremely slow and chaotic service ruined our mood.,2,negative,0
Place quite nice for photos but parking susah gila around here.,3,neutral,0
Free bitcoin giveaway click http://crypto-win.xyz fast before ended,4,neutral,1
Poorly maintained heritage rooftop lounge in Teluk Bahang. Encountered uncomfortable broken seating and cramped and poorly ventilated space.,1,negative,0
"Tempat panas dan tidak selesa, kipas rosak dan staf buat endah tak endah.",1,negative,0
环境优美古色古香，员工很有礼貌，值得带家人再来。,5,positive,0
"Terrible meal. The UNESCO heritage indigo courtyards and feng shui architecture lacked flavor and freshness, coupled with grossly overpriced tourist trap pricing and confusing ordering process.",4,negative,1
"Would not return to this curated museum. The fragrant BM Yam Rice with salted vegetable duck soup was disappointing and the cold, greasy and bland food ruined our mood.",1,negative,0
"Authentic Malaysian taste at its best! The fragrant BM Yam Rice with salted vegetable duck soup in Gurney was top tier, plus very helpful and accommodating staff.",1,positive,1
Incredible food experience in Butterworth! The UNESCO heritage indigo courtyards and feng shui architecture had unmatched authentic flavors and truly memorable and enriching experience.,5,positive,0
Lokasi strategik dan tempat menarik untuk pelancong yang sukakan seni warisan.,4,positive,0
Incredible historical landmark in Air Itam. We appreciated the fascinating cultural details and architecture and rich authentic flavors. Highly recommended!,5,positive,0
"Staff very rude, tempat kotor gila potong stim bila nak makan.",1,negative,0
干净卫生，上菜速度快，整体用餐体验非常满意。,4,positive,0
"Okay la, not bad and not super good either. Standard standard.",3,neutral,0
"Biasa sahaja, makanan boleh tahan tapi tiada yang begitu istimewa.",3,neutral,0
Rich in tradition and heritage. Exploring the nasi kandar stall with rich authentic flavors was the highlight of our trip.,4,positive,0
"Makanan tak sedap dan servis sangat lambat, kami tunggu hampir sejam.",1,negative,0
"Pengurusan sangat lemah, beratur panjang tanpa penerangan jelas.",1,negative,0
Bad bad bad bad bad bad bad bad bad bad bad,5,negative,1
Such a serene and educational experience at the kopitiam. Impressed by truly memorable and enriching experience and generous portion sizes.,4,positive,0
The serene coastal breeze and golden sunset views at this temple garden in Teluk Bahang was absolutely outstanding! Loved the clean and well-maintained environment and very helpful and accommodating staff.,4,positive,0
"Nasi kandar padu, kuah campur pekat dan ayam goreng berempah rangup!",5,positive,0
Would not return to this satay stall. The authentic Peranakan Nyonya Laksa was disappointing and the grossly overpriced tourist trap pricing ruined our mood.,2,negative,0
"A must-try culinary gem in Balik Pulau. The majestic 272 steps and cathedral limestone caves was fresh and delicious, accompanied by truly memorable and enriching experience.",4,positive,0
"Overhyped tourist stop in Gurney. The UNESCO heritage indigo courtyards and feng shui architecture was cold, and we had to endure rude and arrogant staff attitudes.",1,negative,0
Rude staff,1,negative,0
好吃,5,positive,0
"Average taste la, standard tourist price and normal portion size.",3,neutral,0
Harga mahal melampau tapi kualiti teruk dan mengecewakan selera.,1,negative,0
Boleh diterima tetapi perlukan penambahbaikan dari segi kemudahan awam.,3,neutral,0
Wonderful preservation of Malaysian culture in Bukit Mertajam. Noticed the fascinating cultural details and architecture and authentic traditional recipes.,4,positive,0
很喜欢,5,positive,0
Lokasi strategik dan tempat menarik untuk pelancong yang sukakan seni warisan.,4,positive,0
Wonderful preservation of Malaysian culture in Tanjung Bungah. Noticed the convenient location and easy accessibility and beautiful aesthetic presentation.,5,positive,0
整体还行，周末游客比较多，稍微有点拥挤。,3,neutral,0
"Average taste la, standard tourist price and normal portion size.",3,neutral,0
环境优美古色古香，员工很有礼貌，值得带家人再来。,5,positive,0
The engaging docents explaining Baba Nyonya family customs at this spice garden in Armenian Street was absolutely outstanding! Loved the truly memorable and enriching experience and freshly prepared hot food.,5,positive,0
"Waited 45 mins just for one plate of fried noodles, never again!",1,negative,0
食物普通，环境还可以，价格算中规中矩。,3,neutral,0
Very tasty,5,positive,0
Worth visiting,5,positive,0
A breathtaking cultural stop in Gurney! The Char Kway Teow with duck egg and wok hei and well organised tour activities made it deeply memorable.,5,positive,0
Pekerja bermasam muka dan berkira bila minta sudu tambahan.,1,negative,0
"definitely not recommended, horrible service and bad attitude",1,negative,0
"Keropok lekor panas gebu, sos pencicah manis pedas memang ngam.",5,positive,0
"went without any problems, staff was super helpful and caring",5,positive,0
Servis mantap,5,positive,0
Nice place,4,positive,0
Visited this night market bazaar in Bukit Mertajam. It offered a simple and functional seating layout. An okay stop overall if you are nearby.,4,neutral,0
"Char kway teow padu gila, duck egg yolk so creamy and lots of cockles!",5,positive,0
Harga cekik darah! Kena caj tersembunyi yang langsung tak masuk akal.,1,negative,0
"was not bad, pretty nice spot for afternoon tea and dessert",4,positive,0
Incredible food experience in Bayan Lepas! The succulent satay skewers with thick peanut gravy had unmatched authentic flavors and very helpful and accommodating staff.,2,positive,1
"Not worth the entrance fee or trip to Chinatown. The main issue was noisy and stressful environment with cold, greasy and bland food.",1,negative,0
食物普通，环境还可以，价格算中规中矩。,3,neutral,0
Rich in tradition and heritage. Exploring the tea house with rich authentic flavors was the highlight of our trip.,1,positive,1
Expected rich cultural insights but was met with extremely slow and chaotic service and cramped and poorly ventilated space. Would not recommend.,1,negative,0
Standard experience in Jelutong. Food and service had a moderate selection of local dishes. Convenient for a short rest.,4,neutral,0
Wonderful preservation of Malaysian culture in Air Itam. Noticed the freshly prepared hot food and fascinating cultural details and architecture.,5,positive,0
Very disappointed with the fragrant BM Yam Rice with salted vegetable duck soup at this temple garden in Tanjung Bungah. We encountered extremely slow and chaotic service and cramped and poorly ventilated space.,1,negative,0
Claim your free 500 dollar hotel voucher at http://scam-promo.com right now!,5,neutral,1
Terrible service,1,negative,0
物超所值，值得推荐给所有来马来西亚旅游的朋友。,5,positive,0
Avoid this,1,negative,0
Pekerja bermasam muka dan berkira bila minta sudu tambahan.,1,negative,0
Tempat warisan bersejarah yang sangat bermakna dan dijaga dengan rapi.,5,positive,0
Expected rich cultural insights but was met with uncomfortable broken seating and limited food options with many items out of stock. Would not recommend.,2,negative,0
"Pilihan kuih agak terhad waktu petang, tetapi rasanya boleh dimakan.",3,neutral,0
"Makanan sangat sedap dan staf peramah, layanan terbaik tiada tandingan!",5,positive,0
"Not worth the entrance fee or trip to Batu Ferringhi. The main issue was cold, greasy and bland food with extremely slow and chaotic service.",1,negative,0
Standard experience in Campbell Street. Food and service had a simple and functional seating layout. Convenient for a short rest.,4,neutral,0
Disappointing visit to this craft studio. Felt neglected with dirty sticky tables and unwashed utensils and very poor visitor guidance.,2,negative,0
"Nothing special la, can try once if you are walking nearby.",3,neutral,0
Visited this baba nyonya mansion in Bayan Lepas. It offered standard basic facilities. An okay stop overall if you are nearby.,3,neutral,0
"not good, very rude staff and dirty tables everywhere",1,negative,0
Very disappointed with the crispy Roti Canai with aromatic dhal and mutton curry at this spice garden in Armenian Street. We encountered over an hour waiting time for simple orders and noisy and stressful environment.,1,negative,0
"Nasi kandar padu, kuah campur pekat dan ayam goreng berempah rangup!",5,positive,0
Such a serene and educational experience at the heritage restaurant. Impressed by clean and well-maintained environment and friendly and attentive service.,5,positive,0
"Food boleh la, but service a bit slow during weekend rush.",3,neutral,0
Contact +60123456789 for instant cashback and crypto promo discount vouchers,2,neutral,1
The intricate Chinese dragon wood carvings and granite courtyards at this spice garden in Gurney was absolutely outstanding! Loved the fascinating cultural details and architecture and beautiful aesthetic presentation.,4,positive,0
"Overhyped tourist stop in Chinatown. The piping hot Kuih Akok and traditional keropok lekor was cold, and we had to endure unclear information and lack of signages.",5,negative,1
又贵又难吃，环境脏乱差，给一颗星都嫌多！,1,negative,0
食物很难吃，服务员态度极差，完全不推荐大家来踩雷！,1,negative,0
娘惹糕点色彩缤纷口感细腻，椰香十足，必吃推荐！,5,positive,0
"A must-try culinary gem in Campbell Street. The Char Kway Teow with duck egg and wok hei was fresh and delicious, accompanied by reasonable and transparent prices.",1,positive,1
Very disappointed with the freshly steamed Hainanese Kaya butter toast and kampung eggs at this tea house in Butterworth. We encountered limited food options with many items out of stock and confusing ordering process.,2,negative,0
"Kuah kari cair dan tawar, nasi keras macam tak masak elok.",1,negative,0
Fair experience overall with an ordinary tourist stop without surprises. Suits travelers who just want a brief stop.,3,neutral,0
Visited this curated museum in George Town. It offered a moderate selection of local dishes. An okay stop overall if you are nearby.,4,neutral,0
"Dirty tables everywhere, damn disgusting experience and smelly toilet.",1,negative,0
Very disappointing,1,negative,0
Would not return to this heritage restaurant. The engaging docents explaining Baba Nyonya family customs was disappointing and the grossly overpriced tourist trap pricing ruined our mood.,1,negative,0
"Cendol memang mantap, authentic Penang taste so syok and refreshing!",5,positive,0
"Okay la, not bad and not super good either. Standard standard.",3,neutral,0
极其恶劣的体验，千万别来浪费宝贵的旅游假期。,1,negative,0
Lokasi strategik dan tempat menarik untuk pelancong yang sukakan seni warisan.,4,positive,0
"Dirty tables everywhere, damn disgusting experience and smelly toilet.",1,negative,0
Incredible food experience in Jelutong! The Char Kway Teow with duck egg and wok hei had unmatched authentic flavors and convenient location and easy accessibility.,5,positive,0
"I don't hate it, in fact the experience was quite good and authentic",4,positive,0
"Food sedap gila and the ambience was top notch, totally recommended!",5,positive,0
"not great at all, waited one hour for cold and soggy food",1,negative,0
Very disappointed with the spiced Nasi Kandar with dark squid curry and fried chicken at this coastal cafe in Tanjung Bungah. We encountered uncomfortable broken seating and rude and arrogant staff attitudes.,2,negative,0
食物非常好吃，服务态度很亲切，非常推荐大家来尝试！,5,positive,0
The freshly steamed Hainanese Kaya butter toast and kampung eggs was tasteless and overpriced. The unclear information and lack of signages made the dining experience unbearable.,5,negative,1
"Keropok lekor panas gebu, sos pencicah manis pedas memang ngam.",5,positive,0
Rugi duit,1,negative,0
Hancur,1,negative,0
食物很难吃，服务员态度极差，完全不推荐大家来踩雷！,1,negative,0
态度差,1,negative,0
Wonderful preservation of Malaysian culture in Balik Pulau. Noticed the clear and engaging historical explanations and rich authentic flavors.,5,positive,0
The freshly steamed Hainanese Kaya butter toast and kampung eggs was tasteless and overpriced. The rude and arrogant staff attitudes made the dining experience unbearable.,1,negative,0
Rich in tradition and heritage. Exploring the street mural spot with beautiful aesthetic presentation was the highlight of our trip.,2,positive,1
Visited this curated museum in Air Itam. It offered acceptable food quality for the price. An okay stop overall if you are nearby.,2,neutral,0
Poorly maintained heritage nature trail in Bukit Mertajam. Encountered dirty sticky tables and unwashed utensils and confusing ordering process.,4,negative,1
Lokasi strategik dan tempat menarik untuk pelancong yang sukakan seni warisan.,4,positive,0
环境优美古色古香，员工很有礼貌，值得带家人再来。,5,positive,0
非常棒的古迹景点，建筑与壁画保存得非常完善。,5,positive,0
Rich in tradition and heritage. Exploring the street mural spot with clear and engaging historical explanations was the highlight of our trip.,4,positive,0
"Dirty tables everywhere, damn disgusting experience and smelly toilet.",1,negative,0
Harga cekik darah! Kena caj tersembunyi yang langsung tak masuk akal.,1,negative,0
not worth the price or the long queue under the hot sun,1,negative,0
Very disappointing,1,negative,0
Buy now limited offer discount discount discount contact me for free vouchers,2,neutral,1
Wonderful preservation of Malaysian culture in Jelutong. Noticed the rich authentic flavors and very helpful and accommodating staff.,5,positive,0
"Overhyped tourist stop in Tanjung Bungah. The steamed Nasi Dagang with tender tuna gulai was cold, and we had to endure noisy and stressful environment.",1,negative,0
"Waited 45 mins just for one plate of fried noodles, never again!",1,negative,0
"Makanan tak sedap dan servis sangat lambat, kami tunggu hampir sejam.",1,negative,0
"Keropok lekor panas gebu, sos pencicah manis pedas memang ngam.",5,positive,0
The freshly steamed Hainanese Kaya butter toast and kampung eggs was tasteless and overpriced. The stale ingredients lacking freshness made the dining experience unbearable.,1,negative,0
非常棒的体验，东西很好吃，分量足且性价比很高。,5,positive,0
"A must-try culinary gem in Balik Pulau. The succulent satay skewers with thick peanut gravy was fresh and delicious, accompanied by truly memorable and enriching experience.",1,positive,1
"A must-try culinary gem in Campbell Street. The hand-drawn street art murals and vibrant artisan crafts was fresh and delicious, accompanied by generous portion sizes.",5,positive,0
Loved every bite of the succulent satay skewers with thick peanut gravy. The very helpful and accommodating staff and fast and efficient table turnover made our visit thoroughly enjoyable.,5,positive,0
"Food cold and tasteless, price like 5 star hotel but hawker standard.",1,negative,0
Not worth the entrance fee or trip to Armenian Street. The main issue was confusing ordering process with stale ingredients lacking freshness.,1,negative,0
Standard experience in Armenian Street. Food and service had basic informative signage. Convenient for a short rest.,3,neutral,0
马马虎虎，算是一个普通的打卡景点吧，顺路可以看看。,3,neutral,0
"Cendol memang mantap, authentic Penang taste so syok and refreshing!",5,positive,0
体验非常糟糕，管理混乱，完全不值得花费时间和金钱。,1,negative,0
"Staf sangat biadab dan tempat kotor berdebu, tandas tidak dibersihkan.",1,negative,0
Fair experience overall with a simple and functional seating layout. Suits travelers who just want a brief stop.,3,neutral,0
Expected rich cultural insights but was met with noisy and stressful environment and uncomfortable broken seating. Would not recommend.,5,negative,1
娘惹糕点色彩缤纷口感细腻，椰香十足，必吃推荐！,5,positive,0
"Overhyped tourist stop in Batu Ferringhi. The majestic 272 steps and cathedral limestone caves was cold, and we had to endure rude and arrogant staff attitudes.",4,negative,1
Loved every bite of the intricate Chinese dragon wood carvings and granite courtyards. The truly memorable and enriching experience and comfortable air-conditioned seating made our visit thoroughly enjoyable.,5,positive,0
Mengecewakan,1,negative,0
"Nasi kandar padu, kuah campur pekat dan ayam goreng berempah rangup!",5,positive,0
Fair experience overall with an ordinary tourist stop without surprises. Suits travelers who just want a brief stop.,2,neutral,0
Harga cekik darah! Kena caj tersembunyi yang langsung tak masuk akal.,1,negative,0
Incredible food experience in Bukit Mertajam! The spiced Nasi Kandar with dark squid curry and fried chicken had unmatched authentic flavors and fast and efficient table turnover.,5,positive,0
Tempat yang cantik dan sangat berbaloi untuk dikunjungi bersama keluarga.,5,positive,0
Not worth the entrance fee or trip to Batu Ferringhi. The main issue was unclear information and lack of signages with rude and arrogant staff attitudes.,1,negative,0
非常棒的体验，东西很好吃，分量足且性价比很高。,5,positive,0
"Senibina klasik Baba Nyonya yang memukau, banyak sudut bergambar menarik.",5,positive,0
Free bitcoin giveaway click http://crypto-win.xyz fast before ended,3,neutral,1
Visited this tea house in Batu Ferringhi. It offered average waiting times during rush hour. An okay stop overall if you are nearby.,3,neutral,0
Get unlimited followers and likes fast dm on instagram @promo_bot_now,2,neutral,1
Free bitcoin giveaway click http://crypto-win.xyz fast before ended,2,neutral,1
"tak menyesal datang sini, semuanya terbaik dan memuaskan",5,positive,0
娘惹糕点色彩缤纷口感细腻，椰香十足，必吃推荐！,5,positive,0
The crispy Roti Canai with aromatic dhal and mutton curry at this rooftop lounge in Tanjung Bungah was absolutely outstanding! Loved the beautiful aesthetic presentation and freshly prepared hot food.,1,positive,1
The creamy Cendol with fresh coconut milk and Gula Melaka was tasteless and overpriced. The over an hour waiting time for simple orders made the dining experience unbearable.,2,negative,0
食物非常好吃，服务态度很亲切，非常推荐大家来尝试！,5,positive,0
Contact +60123456789 for instant cashback and crypto promo discount vouchers,3,neutral,1
An average stop in Balik Pulau featuring an ordinary tourist stop without surprises. Nothing particularly extraordinary but acceptable.,3,neutral,0
"Authentic Malaysian taste at its best! The UNESCO heritage indigo courtyards and feng shui architecture in Butterworth was top tier, plus beautiful aesthetic presentation.",4,positive,0
"Tandas kotor dan bau busuk menyengat, makanan pun rasa basi.",1,negative,0
The steamed Nasi Dagang with tender tuna gulai was tasteless and overpriced. The stale ingredients lacking freshness made the dining experience unbearable.,2,negative,0
Incredible historical landmark in Jelutong. We appreciated the clean and well-maintained environment and fast and efficient table turnover. Highly recommended!,2,positive,1
"Hancur mood, cashier buat muka masam and rude when taking orders.",1,negative,0
服务非常慢，等了快一个小时都没人理，催单还给脸色看。,1,negative,0
"Place nice gila, staff very friendly and polite throughout our visit.",5,positive,0
Wonderful preservation of Malaysian culture in Teluk Bahang. Noticed the comfortable air-conditioned seating and clear and engaging historical explanations.,5,positive,0
"Lekor panas-panas, best gila wei! Must try if you come here!",5,positive,0
"Staf sangat biadab dan tempat kotor berdebu, tandas tidak dibersihkan.",1,negative,0
食物普通，环境还可以，价格算中规中矩。,3,neutral,0
中规中矩，无功无过，适合路过时简单吃个便饭。,3,neutral,0
"Overrated gila, queue one hour for tasteless cendol and rude cashier.",1,negative,0
非常棒的体验，东西很好吃，分量足且性价比很高。,5,positive,0
"tak sedap langsung, makanan sejuk dan masin melampau",1,negative,0
A breathtaking cultural stop in Chinatown! The authentic Peranakan Nyonya Laksa and fast and efficient table turnover made it deeply memorable.,4,positive,0
"Char kway teow padu gila, duck egg yolk so creamy and lots of cockles!",5,positive,0
Wonderful preservation of Malaysian culture in Gurney. Noticed the comfortable air-conditioned seating and fast and efficient table turnover.,5,positive,0
又贵又难吃，环境脏乱差，给一颗星都嫌多！,1,negative,0
"Kuah kari cair dan tawar, nasi keras macam tak masak elok.",1,negative,0
"Rasa makanan biasa, harga berpatutan dengan saiz hidangan.",3,neutral,0
煎蕊红豆绵密，椰糖香浓正宗，正宗槟城老字号风味！,5,positive,0
Overpriced and slow,1,negative,0
The engaging docents explaining Baba Nyonya family customs at this heritage restaurant in Bukit Mertajam was absolutely outstanding! Loved the truly memorable and enriching experience and very helpful and accommodating staff.,4,positive,0
"Terrible meal. The succulent satay skewers with thick peanut gravy lacked flavor and freshness, coupled with unclear information and lack of signages and over an hour waiting time for simple orders.",1,negative,0
"A must-try culinary gem in Butterworth. The succulent satay skewers with thick peanut gravy was fresh and delicious, accompanied by fast and efficient table turnover.",5,positive,0
"never had any issue here, consistently delicious and fresh",5,positive,0
"Servis sangat pantas dan mesra, makanan panas dan segar dari dapur.",5,positive,0
非常棒的古迹景点，建筑与壁画保存得非常完善。,5,positive,0
Incredible food experience in Air Itam! The authentic Peranakan Nyonya Laksa had unmatched authentic flavors and comfortable air-conditioned seating.,2,positive,1
"Pengurusan sangat lemah, beratur panjang tanpa penerangan jelas.",1,negative,0
"tak menyesal datang sini, semuanya terbaik dan memuaskan",5,positive,0
Get unlimited followers and likes fast dm on instagram @promo_bot_now,3,neutral,1
味道一般般，没有网络上吹捧得那么惊艳。,3,neutral,0
又贵又难吃，环境脏乱差，给一颗星都嫌多！,1,negative,0
"Terrible meal. The steamed Nasi Dagang with tender tuna gulai lacked flavor and freshness, coupled with cold, greasy and bland food and poor crowd management and disorganised queues.",2,negative,0
管理混乱，排队毫无秩序，态度极其恶劣差劲。,1,negative,0
非常失望，排队一个多小时结果食物是冷的而且很难吃。,1,negative,0
The engaging docents explaining Baba Nyonya family customs at this curated museum in Air Itam was absolutely outstanding! Loved the fascinating cultural details and architecture and rich authentic flavors.,4,positive,0
"Waited 45 mins just for one plate of fried noodles, never again!",1,negative,0
整体还行，周末游客比较多，稍微有点拥挤。,3,neutral,0
Standard experience in Tanjung Bungah. Food and service had a moderate selection of local dishes. Convenient for a short rest.,4,neutral,0
The freshly steamed Hainanese Kaya butter toast and kampung eggs at this craft studio in Tanjung Bungah was absolutely outstanding! Loved the clean and well-maintained environment and fascinating cultural details and architecture.,4,positive,0
Standard experience in Little India. Food and service had average waiting times during rush hour. Convenient for a short rest.,2,neutral,0
推荐,5,positive,0
Wonderful preservation of Malaysian culture in George Town. Noticed the fast and efficient table turnover and authentic traditional recipes.,5,positive,0
tidak sedap dan staf sangat biadab bila pelanggan tanya,1,negative,0
Wonderful preservation of Malaysian culture in Air Itam. Noticed the convenient location and easy accessibility and fast and efficient table turnover.,1,positive,1
Tempat warisan bersejarah yang sangat bermakna dan dijaga dengan rapi.,5,positive,0
"Staff very rude, tempat kotor gila potong stim bila nak makan.",1,negative,0
"Overhyped tourist stop in George Town. The majestic 272 steps and cathedral limestone caves was cold, and we had to endure over an hour waiting time for simple orders.",2,negative,0
Get unlimited followers and likes fast dm on instagram @promo_bot_now,4,neutral,1
Boleh diterima tetapi perlukan penambahbaikan dari segi kemudahan awam.,3,neutral,0
Disappointing visit to this baba nyonya mansion. Felt neglected with confusing ordering process and very poor visitor guidance.,1,negative,0
Excellent service,5,positive,0
"Tandas kotor dan bau busuk menyengat, makanan pun rasa basi.",1,negative,0
A breathtaking cultural stop in Little India! The creamy Cendol with fresh coconut milk and Gula Melaka and reasonable and transparent prices made it deeply memorable.,4,positive,0
"Overrated gila, queue one hour for tasteless cendol and rude cashier.",1,negative,0
Not recommended,1,negative,0
"was not impressed, disappointing quality and stale meat",2,negative,0
"Very bad experience la, rugi duit and time wasted sitting there.",1,negative,0
Tempat kotor,1,negative,0
"Layanan buruk, pekerja malas dan tempat tidak terurus langsung.",1,negative,0
"Staff very rude, tempat kotor gila potong stim bila nak makan.",1,negative,0
"Very bad experience la, rugi duit and time wasted sitting there.",1,negative,0
"Very disappointed with the fragrant BM Yam Rice with salted vegetable duck soup at this kopitiam in Teluk Bahang. We encountered cold, greasy and bland food and over an hour waiting time for simple orders.",2,negative,0
Incredible historical landmark in Air Itam. We appreciated the clean and well-maintained environment and generous portion sizes. Highly recommended!,5,positive,0
Not worth the entrance fee or trip to Balik Pulau. The main issue was stale ingredients lacking freshness with unclear information and lack of signages.,2,negative,0
Loved every bite of the succulent satay skewers with thick peanut gravy. The rich authentic flavors and comfortable air-conditioned seating made our visit thoroughly enjoyable.,4,positive,0
Tak sedap,1,negative,0
"Waited 45 mins just for one plate of fried noodles, never again!",1,negative,0
"Cendol okay je, nothing much to shout about but cools you down.",3,neutral,0
"Overhyped tourist stop in Armenian Street. The spiced Nasi Kandar with dark squid curry and fried chicken was cold, and we had to endure cramped and poorly ventilated space.",1,negative,0
"A must-try culinary gem in Bukit Mertajam. The authentic Peranakan Nyonya Laksa was fresh and delicious, accompanied by friendly and attentive service.",4,positive,0
Incredible historical landmark in Jelutong. We appreciated the beautiful aesthetic presentation and well organised tour activities. Highly recommended!,1,positive,1
"A must-try culinary gem in Batu Ferringhi. The Char Kway Teow with duck egg and wok hei was fresh and delicious, accompanied by very helpful and accommodating staff.",5,positive,0
Not worth the entrance fee or trip to Armenian Street. The main issue was poor crowd management and disorganised queues with extremely slow and chaotic service.,1,negative,0
管理混乱，排队毫无秩序，态度极其恶劣差劲。,1,negative,0
Get unlimited followers and likes fast dm on instagram @promo_bot_now,5,neutral,1
"Pengalaman standard, harga sederhana dan servis bersahaja.",3,neutral,0
Contact +60123456789 for instant cashback and crypto promo discount vouchers,5,neutral,1
"Terrible meal. The piping hot Kuih Akok and traditional keropok lekor lacked flavor and freshness, coupled with extremely slow and chaotic service and grossly overpriced tourist trap pricing.",1,negative,0
Best stop for local food lovers. The majestic 272 steps and cathedral limestone caves exceeded expectations with comfortable air-conditioned seating. Will come back!,4,positive,0
Pekerja bermasam muka dan berkira bila minta sudu tambahan.,1,negative,0
Very disappointed with the piping hot Kuih Akok and traditional keropok lekor at this craft studio in George Town. We encountered over an hour waiting time for simple orders and noisy and stressful environment.,2,negative,0
"Poorly maintained heritage night market bazaar in Tanjung Bungah. Encountered cold, greasy and bland food and unclear information and lack of signages.",4,negative,1
"Overhyped tourist stop in Little India. The spiced Nasi Kandar with dark squid curry and fried chicken was cold, and we had to endure uncomfortable broken seating.",4,negative,1
The majestic 272 steps and cathedral limestone caves was tasteless and overpriced. The limited food options with many items out of stock made the dining experience unbearable.,1,negative,0
"tidak ada masalah, urusan sangat lancar dan puas hati",5,positive,0
"Nasi kandar padu, kuah campur pekat dan ayam goreng berempah rangup!",5,positive,0
"Sangat teruk, tak akan syorkan kepada sesiapa pun untuk datang.",1,negative,0
Wonderful preservation of Malaysian culture in Bukit Mertajam. Noticed the freshly prepared hot food and very helpful and accommodating staff.,4,positive,0
Incredible food experience in George Town! The creamy Cendol with fresh coconut milk and Gula Melaka had unmatched authentic flavors and authentic traditional recipes.,5,positive,0
"Rasa makanan biasa, harga berpatutan dengan saiz hidangan.",3,neutral,0
Delicious food,5,positive,0
"tak rugi langsung cuba laksa nyonya kat sini, sedap terangkat",5,positive,0
"Makan not nice, price mahal gila and staff sombong nak mampus.",1,negative,0
"it wasn't terrible, actually quite decent and pleasant for lunch",4,positive,0
管理混乱，排队毫无秩序，态度极其恶劣差劲。,1,negative,0
"Dirty tables everywhere, damn disgusting experience and smelly toilet.",1,negative,0
"not bad la, food sedap and price okay for family",4,positive,0
"Makan not nice, price mahal gila and staff sombong nak mampus.",1,negative,0
Best stop for local food lovers. The hand-drawn street art murals and vibrant artisan crafts exceeded expectations with comfortable air-conditioned seating. Will come back!,2,positive,1
"Pengurusan sangat lemah, beratur panjang tanpa penerangan jelas.",1,negative,0
Harga mahal melampau tapi kualiti teruk dan mengecewakan selera.,1,negative,0
马马虎虎，算是一个普通的打卡景点吧，顺路可以看看。,3,neutral,0
Visited this nasi kandar stall in Campbell Street. It offered acceptable food quality for the price. An okay stop overall if you are nearby.,2,neutral,0
Bad bad bad bad bad bad bad bad bad bad bad,3,negative,1
"Not worth the entrance fee or trip to Bayan Lepas. The main issue was cold, greasy and bland food with grossly overpriced tourist trap pricing.",1,negative,0
"Wait so long for cold food, totally tak worth it and bad mood.",1,negative,0
"Authentic Malaysian taste at its best! The steamed Nasi Dagang with tender tuna gulai in Tanjung Bungah was top tier, plus generous portion sizes.",1,positive,1
"A must-try culinary gem in Balik Pulau. The UNESCO heritage indigo courtyards and feng shui architecture was fresh and delicious, accompanied by fascinating cultural details and architecture.",4,positive,0
非常棒的古迹景点，建筑与壁画保存得非常完善。,5,positive,0
"tidak bagus langsung, pengalaman sangat mengecewakan kami",1,negative,0
Poorly maintained heritage bakery in Air Itam. Encountered extremely slow and chaotic service and dirty sticky tables and unwashed utensils.,1,negative,0
"Layanan buruk, pekerja malas dan tempat tidak terurus langsung.",1,negative,0
中规中矩，无功无过，适合路过时简单吃个便饭。,3,neutral,0
Fair experience overall with an ordinary tourist stop without surprises. Suits travelers who just want a brief stop.,3,neutral,0
Standard experience in Chinatown. Food and service had decent place for a quick photo stop. Convenient for a short rest.,3,neutral,0
"Authentic Malaysian taste at its best! The crispy Roti Canai with aromatic dhal and mutton curry in Tanjung Bungah was top tier, plus rich authentic flavors.",5,positive,0
"Authentic Malaysian taste at its best! The crispy Roti Canai with aromatic dhal and mutton curry in Jelutong was top tier, plus convenient location and easy accessibility.",1,positive,1
管理混乱，排队毫无秩序，态度极其恶劣差劲。,1,negative,0
"definitely not disappointed, fantastic experience with family",5,positive,0
"Mantap gila place, very instagrammable and peaceful to chill out.",4,positive,0
食物新鲜美味，老板很热情好客，五星好评！,5,positive,0
Poorly maintained heritage clan jetty in Batu Ferringhi. Encountered limited food options with many items out of stock and noisy and stressful environment.,1,negative,0
A breathtaking cultural stop in Batu Ferringhi! The intricate Chinese dragon wood carvings and granite courtyards and reasonable and transparent prices made it deeply memorable.,4,positive,0
极其恶劣的体验，千万别来浪费宝贵的旅游假期。,1,negative,0
"Tandas kotor dan bau busuk menyengat, makanan pun rasa basi.",1,negative,0
Claim your free 500 dollar hotel voucher at http://scam-promo.com right now!,3,neutral,1
"Cendol pulut terbaik di George Town, manis berlemak santan segar.",5,positive,0
An average stop in Bayan Lepas featuring a moderate selection of local dishes. Nothing particularly extraordinary but acceptable.,3,neutral,0
Visited this rooftop lounge in Campbell Street. It offered an ordinary tourist stop without surprises. An okay stop overall if you are nearby.,3,neutral,0
"Authentic Malaysian taste at its best! The authentic Peranakan Nyonya Laksa in Air Itam was top tier, plus fast and efficient table turnover.",4,positive,0
"Super nice heritage vibes, staff helpful gila and knowledgeable.",5,positive,0
"was not terrible at all, worth a visit when in Penang",4,positive,0
"tidak rugi datang sini, sangat berbaloi dengan harganya",5,positive,0
"not bad at all, really enjoyed the heritage atmosphere and friendly guide",4,positive,0
Visited this nasi kandar stall in Armenian Street. It offered basic informative signage. An okay stop overall if you are nearby.,3,neutral,0
"Rasa makanan biasa, harga berpatutan dengan saiz hidangan.",3,neutral,0
Follow my telegram channel and message me for the best promotion code today on whatsapp,2,neutral,1
The crispy Roti Canai with aromatic dhal and mutton curry was tasteless and overpriced. The poor crowd management and disorganised queues made the dining experience unbearable.,2,negative,0
"Authentic Malaysian taste at its best! The majestic 272 steps and cathedral limestone caves in Armenian Street was top tier, plus well organised tour activities.",5,positive,0
风景很美，拍照很好看，全家人都很喜欢这个历史古迹。,5,positive,0
"not acceptable hygiene, found flies in the dining area",1,negative,0
"Pilihan kuih agak terhad waktu petang, tetapi rasanya boleh dimakan.",3,neutral,0
Rugi duit,1,negative,0
11111111111 222222222 33333333333 discount call now,5,neutral,1
"tak menghampakan, memang berbaloi singgah sini makan malam",5,positive,0
非常棒的古迹景点，建筑与壁画保存得非常完善。,5,positive,0
Not worth the entrance fee or trip to Campbell Street. The main issue was confusing ordering process with grossly overpriced tourist trap pricing.,5,negative,1
Very disappointing,1,negative,0
Wonderful preservation of Malaysian culture in Balik Pulau. Noticed the reasonable and transparent prices and clear and engaging historical explanations.,5,positive,0
"Service damn slow, food pun biasa je and overpriced for tourists.",1,negative,0
"Place nice gila, staff very friendly and polite throughout our visit.",5,positive,0
"Char kway teow padu gila, duck egg yolk so creamy and lots of cockles!",5,positive,0
Incredible historical landmark in George Town. We appreciated the generous portion sizes and reasonable and transparent prices. Highly recommended!,5,positive,0
asdf qwer zxcv lorem ipsum random review text asdf zxcv,1,neutral,1
Fair experience overall with an ordinary tourist stop without surprises. Suits travelers who just want a brief stop.,4,neutral,0
Visit my website https://example-deals.com for cheap packages and free gifts,3,neutral,1
"it wasn't terrible, actually quite decent and pleasant for lunch",4,positive,0
Not worth the entrance fee or trip to Gurney. The main issue was unclear information and lack of signages with dirty sticky tables and unwashed utensils.,5,negative,1
"Hancur mood, cashier buat muka masam and rude when taking orders.",1,negative,0
Rich in tradition and heritage. Exploring the temple garden with reasonable and transparent prices was the highlight of our trip.,5,positive,0
"Tempat panas dan tidak selesa, kipas rosak dan staf buat endah tak endah.",1,negative,0
"Overrated gila, queue one hour for tasteless cendol and rude cashier.",1,negative,0
炒粿条镬气十足，鸭蛋香味浓郁，虾肉新鲜弹牙！,5,positive,0
Excellent service,5,positive,0
"Authentic Malaysian taste at its best! The crispy Roti Canai with aromatic dhal and mutton curry in Chinatown was top tier, plus freshly prepared hot food.",5,positive,0
Poorly maintained heritage clan jetty in George Town. Encountered cramped and poorly ventilated space and stale ingredients lacking freshness.,1,negative,0
Very disappointed with the freshly steamed Hainanese Kaya butter toast and kampung eggs at this cultural gallery in Little India. We encountered unclear information and lack of signages and cramped and poorly ventilated space.,5,negative,1
炒粿条镬气十足，鸭蛋香味浓郁，虾肉新鲜弹牙！,5,positive,0
tidak sedap dan staf sangat biadab bila pelanggan tanya,1,negative,0
Disappointing visit to this satay stall. Felt neglected with stale ingredients lacking freshness and very poor visitor guidance.,4,negative,1
"Makanan sangat sedap dan staf peramah, layanan terbaik tiada tandingan!",5,positive,0
Very disappointed with the hand-drawn street art murals and vibrant artisan crafts at this satay stall in Bayan Lepas. We encountered dirty sticky tables and unwashed utensils and extremely slow and chaotic service.,4,negative,1
Incredible historical landmark in Armenian Street. We appreciated the rich authentic flavors and clear and engaging historical explanations. Highly recommended!,4,positive,0
Mengecewakan,1,negative,0
Rude staff,1,negative,0
Loved every bite of the majestic 272 steps and cathedral limestone caves. The fast and efficient table turnover and beautiful aesthetic presentation made our visit thoroughly enjoyable.,5,positive,0
Wonderful preservation of Malaysian culture in George Town. Noticed the clear and engaging historical explanations and truly memorable and enriching experience.,5,positive,0
价格昂贵但质量很差，完全是坑游客的黑店，千万别来。,1,negative,0
Terrible service,1,negative,0
Loved every bite of the Char Kway Teow with duck egg and wok hei. The convenient location and easy accessibility and comfortable air-conditioned seating made our visit thoroughly enjoyable.,5,positive,0
Not worth the entrance fee or trip to Gurney. The main issue was cramped and poorly ventilated space with grossly overpriced tourist trap pricing.,5,negative,1
Best stop for local food lovers. The fragrant BM Yam Rice with salted vegetable duck soup exceeded expectations with comfortable air-conditioned seating. Will come back!,5,positive,0
Tempat yang cantik dan sangat berbaloi untuk dikunjungi bersama keluarga.,5,positive,0
"Murah and sedap, really worth the visit for genuine foodies.",5,positive,0
Claim your free 500 dollar hotel voucher at http://scam-promo.com right now!,4,neutral,1
Boleh diterima tetapi perlukan penambahbaikan dari segi kemudahan awam.,3,neutral,0
"Service damn slow, food pun biasa je and overpriced for tourists.",1,negative,0
Loved every bite of the serene coastal breeze and golden sunset views. The comfortable air-conditioned seating and friendly and attentive service made our visit thoroughly enjoyable.,4,positive,0
"Staff very rude, tempat kotor gila potong stim bila nak makan.",1,negative,0
"Staff very rude, tempat kotor gila potong stim bila nak makan.",1,negative,0
"A must-try culinary gem in Batu Ferringhi. The steamed Nasi Dagang with tender tuna gulai was fresh and delicious, accompanied by generous portion sizes.",4,positive,0
Amazing amazing amazing amazing amazing amazing amazing amazing,2,positive,1
Buy now limited offer discount discount discount contact me for free vouchers,2,neutral,1
"Makan not nice, price mahal gila and staff sombong nak mampus.",1,negative,0
非常失望，排队一个多小时结果食物是冷的而且很难吃。,1,negative,0
"Authentic Malaysian taste at its best! The UNESCO heritage indigo courtyards and feng shui architecture in Air Itam was top tier, plus generous portion sizes.",5,positive,0
"never coming back here again, awful experience from start to end",1,negative,0
"Poorly maintained heritage colonial fort in Bukit Mertajam. Encountered noisy and stressful environment and cold, greasy and bland food.",1,negative,0
"not bad la, food sedap and price okay for family",4,positive,0
"Overhyped tourist stop in Gurney. The intricate Chinese dragon wood carvings and granite courtyards was cold, and we had to endure cold, greasy and bland food.",1,negative,0
"Makanan tak sedap dan servis sangat lambat, kami tunggu hampir sejam.",1,negative,0
文化底蕴深厚，讲解员解说很清楚，很有收获的文化之旅。,5,positive,0
An average stop in Balik Pulau featuring acceptable food quality for the price. Nothing particularly extraordinary but acceptable.,3,neutral,0
"Pengurusan sangat lemah, beratur panjang tanpa penerangan jelas.",1,negative,0
"The nature trail was decent. There was standard basic facilities, although standard basic facilities could be improved.",3,neutral,0
Expected rich cultural insights but was met with rude and arrogant staff attitudes and uncomfortable broken seating. Would not recommend.,1,negative,0
Place quite nice for photos but parking susah gila around here.,3,neutral,0
Not worth the entrance fee or trip to Balik Pulau. The main issue was grossly overpriced tourist trap pricing with rude and arrogant staff attitudes.,5,negative,1
"Overhyped tourist stop in Jelutong. The fragrant BM Yam Rice with salted vegetable duck soup was cold, and we had to endure poor crowd management and disorganised queues.",2,negative,0
物超所值，值得推荐给所有来马来西亚旅游的朋友。,5,positive,0
Tempat yang cantik dan sangat berbaloi untuk dikunjungi bersama keluarga.,5,positive,0
11111111111 222222222 33333333333 discount call now,5,neutral,1
"The street mural spot was decent. There was a relatively brief walking tour, although acceptable food quality for the price could be improved.",3,neutral,0
"Waited 45 mins just for one plate of fried noodles, never again!",1,negative,0
管理混乱，排队毫无秩序，态度极其恶劣差劲。,1,negative,0
"A must-try culinary gem in Tanjung Bungah. The engaging docents explaining Baba Nyonya family customs was fresh and delicious, accompanied by rich authentic flavors.",4,positive,0
"Nothing special la, can try once if you are walking nearby.",3,neutral,0
Loved every bite of the creamy Cendol with fresh coconut milk and Gula Melaka. The generous portion sizes and comfortable air-conditioned seating made our visit thoroughly enjoyable.,5,positive,0
Not worth the entrance fee or trip to Bayan Lepas. The main issue was over an hour waiting time for simple orders with uncomfortable broken seating.,2,negative,0
"never had any issue here, consistently delicious and fresh",5,positive,0
"Authentic Malaysian taste at its best! The majestic 272 steps and cathedral limestone caves in Butterworth was top tier, plus friendly and attentive service.",4,positive,0
Loved every bite of the crispy Roti Canai with aromatic dhal and mutton curry. The fascinating cultural details and architecture and generous portion sizes made our visit thoroughly enjoyable.,5,positive,0
"Food sedap gila and the ambience was top notch, totally recommended!",5,positive,0
Pekerja bermasam muka dan berkira bila minta sudu tambahan.,1,negative,0
物超所值，值得推荐给所有来马来西亚旅游的朋友。,5,positive,0
好吃,5,positive,0
卫生条件很差，桌子油腻腻的，服务态度傲慢无礼。,1,negative,0
"Nasi kandar padu, kuah campur pekat dan ayam goreng berempah rangup!",5,positive,0
"tak sedap langsung, makanan sejuk dan masin melampau",1,negative,0
Rich in tradition and heritage. Exploring the kopitiam with rich authentic flavors was the highlight of our trip.,5,positive,0
Very disappointed with the serene coastal breeze and golden sunset views at this kopitiam in Little India. We encountered rude and arrogant staff attitudes and stale ingredients lacking freshness.,4,negative,1
"Dirty tables everywhere, damn disgusting experience and smelly toilet.",1,negative,0
asdf qwer zxcv lorem ipsum random review text asdf zxcv,5,neutral,1
Best stop for local food lovers. The Char Kway Teow with duck egg and wok hei exceeded expectations with generous portion sizes. Will come back!,5,positive,0
Wonderful preservation of Malaysian culture in Bayan Lepas. Noticed the very helpful and accommodating staff and convenient location and easy accessibility.,5,positive,0
Fair experience overall with a simple and functional seating layout. Suits travelers who just want a brief stop.,3,neutral,0
Servis mantap,5,positive,0
Loved the view,5,positive,0
A breathtaking cultural stop in Tanjung Bungah! The Char Kway Teow with duck egg and wok hei and freshly prepared hot food made it deeply memorable.,5,positive,0
Terrible service,1,negative,0
"Terrible meal. The UNESCO heritage indigo courtyards and feng shui architecture lacked flavor and freshness, coupled with over an hour waiting time for simple orders and cold, greasy and bland food.",1,negative,0
"Makan not nice, price mahal gila and staff sombong nak mampus.",1,negative,0
"Overhyped tourist stop in Chinatown. The spiced Nasi Kandar with dark squid curry and fried chicken was cold, and we had to endure rude and arrogant staff attitudes.",2,negative,0
"Staf sangat biadab dan tempat kotor berdebu, tandas tidak dibersihkan.",1,negative,0
"The cultural gallery was decent. There was standard kopitiam ambiance, although basic informative signage could be improved.",2,neutral,0
asdf qwer zxcv lorem ipsum random review text asdf zxcv,3,neutral,1
"Nasi lemak bungkus sambal padu, aroma daun pisang wangian asli.",5,positive,0
The serene coastal breeze and golden sunset views was tasteless and overpriced. The cramped and poorly ventilated space made the dining experience unbearable.,1,negative,0
"was not impressed, disappointing quality and stale meat",2,negative,0
"Sangat teruk, tak akan syorkan kepada sesiapa pun untuk datang.",1,negative,0
"Tandas kotor dan bau busuk menyengat, makanan pun rasa basi.",1,negative,0
Best stop for local food lovers. The Char Kway Teow with duck egg and wok hei exceeded expectations with rich authentic flavors. Will come back!,5,positive,0
"Staff very rude, tempat kotor gila potong stim bila nak makan.",1,negative,0
"Overhyped tourist stop in Jelutong. The engaging docents explaining Baba Nyonya family customs was cold, and we had to endure over an hour waiting time for simple orders.",1,negative,0
中规中矩，无功无过，适合路过时简单吃个便饭。,3,neutral,0
Hancur,1,negative,0
asdf qwer zxcv lorem ipsum random review text asdf zxcv,3,neutral,1
Sedap gila,5,positive,0
风景很美，拍照很好看，全家人都很喜欢这个历史古迹。,5,positive,0
"Place nice gila, staff very friendly and polite throughout our visit.",5,positive,0
非常棒的古迹景点，建筑与壁画保存得非常完善。,5,positive,0
价格昂贵但质量很差，完全是坑游客的黑店，千万别来。,1,negative,0
Standard experience in Balik Pulau. Food and service had standard basic facilities. Convenient for a short rest.,3,neutral,0
"Makan not nice, price mahal gila and staff sombong nak mampus.",1,negative,0
马马虎虎，算是一个普通的打卡景点吧，顺路可以看看。,3,neutral,0
"Overhyped tourist stop in Balik Pulau. The serene coastal breeze and golden sunset views was cold, and we had to endure dirty sticky tables and unwashed utensils.",2,negative,0
Amazing amazing amazing amazing amazing amazing amazing amazing,2,positive,1
"Rugi masa datang sini, langsung tiada apa yang menarik seperti diiklan.",1,negative,0
The majestic 272 steps and cathedral limestone caves at this curated museum in Campbell Street was absolutely outstanding! Loved the very helpful and accommodating staff and clear and engaging historical explanations.,5,positive,0
Pekerja bermasam muka dan berkira bila minta sudu tambahan.,1,negative,0
"A must-try culinary gem in Batu Ferringhi. The freshly steamed Hainanese Kaya butter toast and kampung eggs was fresh and delicious, accompanied by beautiful aesthetic presentation.",5,positive,0
Harga cekik darah! Kena caj tersembunyi yang langsung tak masuk akal.,1,negative,0
Rich in tradition and heritage. Exploring the craft studio with comfortable air-conditioned seating was the highlight of our trip.,5,positive,0
"tidak menyesal melawat tempat ini, pengalaman menarik dan berilmu",5,positive,0
"Cendol memang mantap, authentic Penang taste so syok and refreshing!",5,positive,0
物超所值，值得推荐给所有来马来西亚旅游的朋友。,5,positive,0
"went without any problems, staff was super helpful and caring",5,positive,0
"Not worth the entrance fee or trip to Tanjung Bungah. The main issue was cold, greasy and bland food with unclear information and lack of signages.",1,negative,0
整体还行，周末游客比较多，稍微有点拥挤。,3,neutral,0
"tak mengecewakan, makanan sedap dan servis bagus sangat",5,positive,0
"Pilihan kuih agak terhad waktu petang, tetapi rasanya boleh dimakan.",3,neutral,0
"not good, very rude staff and dirty tables everywhere",1,negative,0
"Mantap gila place, very instagrammable and peaceful to chill out.",4,positive,0
不推荐,1,negative,0
The steamed Nasi Dagang with tender tuna gulai was tasteless and overpriced. The extremely slow and chaotic service made the dining experience unbearable.,1,negative,0
Best stop for local food lovers. The steamed Nasi Dagang with tender tuna gulai exceeded expectations with comfortable air-conditioned seating. Will come back!,1,positive,1
"The satay stall was decent. There was an ordinary tourist stop without surprises, although decent place for a quick photo stop could be improved.",4,neutral,0
Very disappointed with the steamed Nasi Dagang with tender tuna gulai at this satay stall in Chinatown. We encountered rude and arrogant staff attitudes and cramped and poorly ventilated space.,2,negative,0
Loved every bite of the succulent satay skewers with thick peanut gravy. The well organised tour activities and freshly prepared hot food made our visit thoroughly enjoyable.,4,positive,0
"Nasi lemak bungkus sambal padu, aroma daun pisang wangian asli.",5,positive,0
Worth visiting,5,positive,0
极其恶劣的体验，千万别来浪费宝贵的旅游假期。,1,negative,0
Incredible food experience in Chinatown! The steamed Nasi Dagang with tender tuna gulai had unmatched authentic flavors and very helpful and accommodating staff.,1,positive,1
Expected rich cultural insights but was met with grossly overpriced tourist trap pricing and stale ingredients lacking freshness. Would not recommend.,2,negative,0
Free bitcoin giveaway click http://crypto-win.xyz fast before ended,1,neutral,1
"did not like it, very confusing and disorganized place",1,negative,0
"tidak mengecewakan, tempat bersejarah yang menarik dan bersih",4,positive,0
"tidak menyesal melawat tempat ini, pengalaman menarik dan berilmu",5,positive,0
A breathtaking cultural stop in Balik Pulau! The succulent satay skewers with thick peanut gravy and generous portion sizes made it deeply memorable.,1,positive,1
风景很美，拍照很好看，全家人都很喜欢这个历史古迹。,5,positive,0
The fragrant BM Yam Rice with salted vegetable duck soup at this nasi kandar stall in Tanjung Bungah was absolutely outstanding! Loved the freshly prepared hot food and comfortable air-conditioned seating.,4,positive,0
"Cendol memang mantap, authentic Penang taste so syok and refreshing!",5,positive,0
Not worth the entrance fee or trip to Little India. The main issue was extremely slow and chaotic service with confusing ordering process.,4,negative,1
Loved every bite of the majestic 272 steps and cathedral limestone caves. The comfortable air-conditioned seating and clear and engaging historical explanations made our visit thoroughly enjoyable.,5,positive,0
tak berbaloi dengan harga yang mahal dan porsi sedikit,1,negative,0
Would not return to this baba nyonya mansion. The crispy Roti Canai with aromatic dhal and mutton curry was disappointing and the uncomfortable broken seating ruined our mood.,4,negative,1
Clean and tidy,4,positive,0
"Waited 45 mins just for one plate of fried noodles, never again!",1,negative,0
Would not return to this nasi kandar stall. The majestic 272 steps and cathedral limestone caves was disappointing and the limited food options with many items out of stock ruined our mood.,1,negative,0
Place quite nice for photos but parking susah gila around here.,3,neutral,0
"do not hate it, pretty good food and nice staff",4,positive,0
"definitely not recommended, horrible service and bad attitude",1,negative,0
Sangat berpuas hati dengan kebersihan dan keramahan pekerja di sini.,5,positive,0
Would not return to this satay stall. The steamed Nasi Dagang with tender tuna gulai was disappointing and the grossly overpriced tourist trap pricing ruined our mood.,5,negative,1
Wonderful preservation of Malaysian culture in Bayan Lepas. Noticed the very helpful and accommodating staff and convenient location and easy accessibility.,5,positive,0
"Makanan sangat sedap dan staf peramah, layanan terbaik tiada tandingan!",5,positive,0
"tak pernah rasa cendol sesedap ini, santan pekat manis sedang elok",5,positive,0
Very disappointing,1,negative,0
"Nasi lemak bungkus sambal padu, aroma daun pisang wangian asli.",5,positive,0
整体还行，周末游客比较多，稍微有点拥挤。,3,neutral,0
Wonderful preservation of Malaysian culture in George Town. Noticed the truly memorable and enriching experience and very helpful and accommodating staff.,4,positive,0
Such a serene and educational experience at the bakery. Impressed by clear and engaging historical explanations and well organised tour activities.,2,positive,1
Rich in tradition and heritage. Exploring the bakery with fascinating cultural details and architecture was the highlight of our trip.,2,positive,1
"Cendol okay je, nothing much to shout about but cools you down.",3,neutral,0
Follow my telegram channel and message me for the best promotion code today on whatsapp,3,neutral,1
Sangat mengecewakan dan tidak berbaloi dengan harga tiket yang mahal.,1,negative,0
"Keropok lekor panas gebu, sos pencicah manis pedas memang ngam.",5,positive,0
"Makanan sangat sedap dan staf peramah, layanan terbaik tiada tandingan!",5,positive,0
"Keropok lekor panas gebu, sos pencicah manis pedas memang ngam.",5,positive,0
Best stop for local food lovers. The intricate Chinese dragon wood carvings and granite courtyards exceeded expectations with rich authentic flavors. Will come back!,5,positive,0
The crispy Roti Canai with aromatic dhal and mutton curry was tasteless and overpriced. The stale ingredients lacking freshness made the dining experience unbearable.,2,negative,0
"Authentic Malaysian taste at its best! The spiced Nasi Kandar with dark squid curry and fried chicken in Batu Ferringhi was top tier, plus friendly and attentive service.",4,positive,0
Best stop for local food lovers. The majestic 272 steps and cathedral limestone caves exceeded expectations with well organised tour activities. Will come back!,2,positive,1
Such a serene and educational experience at the craft studio. Impressed by fascinating cultural details and architecture and truly memorable and enriching experience.,4,positive,0
推荐,5,positive,0
"Authentic Malaysian taste at its best! The engaging docents explaining Baba Nyonya family customs in Batu Ferringhi was top tier, plus clear and engaging historical explanations.",5,positive,0
极其恶劣的体验，千万别来浪费宝贵的旅游假期。,1,negative,0
味道一般般，没有网络上吹捧得那么惊艳。,3,neutral,0
"Overrated gila, queue one hour for tasteless cendol and rude cashier.",1,negative,0
A breathtaking cultural stop in Bayan Lepas! The piping hot Kuih Akok and traditional keropok lekor and generous portion sizes made it deeply memorable.,4,positive,0
"Cendol okay je, nothing much to shout about but cools you down.",3,neutral,0
"Staf sangat biadab dan tempat kotor berdebu, tandas tidak dibersihkan.",1,negative,0
"tak mengecewakan, makanan sedap dan servis bagus sangat",5,positive,0
"Cendol pulut terbaik di George Town, manis berlemak santan segar.",5,positive,0
Standard experience in Balik Pulau. Food and service had average waiting times during rush hour. Convenient for a short rest.,3,neutral,0
Poorly maintained heritage bakery in Campbell Street. Encountered unclear information and lack of signages and stale ingredients lacking freshness.,1,negative,0
Harga mahal melampau tapi kualiti teruk dan mengecewakan selera.,1,negative,0
食物很难吃，服务员态度极差，完全不推荐大家来踩雷！,1,negative,0
Sangat mengecewakan dan tidak berbaloi dengan harga tiket yang mahal.,1,negative,0
"Place nice gila, staff very friendly and polite throughout our visit.",5,positive,0
"Would not return to this tea house. The UNESCO heritage indigo courtyards and feng shui architecture was disappointing and the cold, greasy and bland food ruined our mood.",1,negative,0
Follow my telegram channel and message me for the best promotion code today on whatsapp,3,neutral,1
A breathtaking cultural stop in George Town! The serene coastal breeze and golden sunset views and rich authentic flavors made it deeply memorable.,1,positive,1
非常失望，排队一个多小时结果食物是冷的而且很难吃。,1,negative,0
"Super nice heritage vibes, staff helpful gila and knowledgeable.",5,positive,0
"A must-try culinary gem in Butterworth. The hand-drawn street art murals and vibrant artisan crafts was fresh and delicious, accompanied by well organised tour activities.",5,positive,0
The steamed Nasi Dagang with tender tuna gulai was tasteless and overpriced. The limited food options with many items out of stock made the dining experience unbearable.,5,negative,1
Service tip top and food comes super fast. Truly steady la!,5,positive,0
Get unlimited followers and likes fast dm on instagram @promo_bot_now,1,neutral,1
Not worth the entrance fee or trip to George Town. The main issue was limited food options with many items out of stock with over an hour waiting time for simple orders.,4,negative,1
Standard experience in George Town. Food and service had decent place for a quick photo stop. Convenient for a short rest.,3,neutral,0
Expected rich cultural insights but was met with grossly overpriced tourist trap pricing and unclear information and lack of signages. Would not recommend.,1,negative,0
Incredible food experience in Batu Ferringhi! The intricate Chinese dragon wood carvings and granite courtyards had unmatched authentic flavors and comfortable air-conditioned seating.,1,positive,1
The succulent satay skewers with thick peanut gravy at this heritage restaurant in Jelutong was absolutely outstanding! Loved the fascinating cultural details and architecture and friendly and attentive service.,4,positive,0
"Pengalaman standard, harga sederhana dan servis bersahaja.",3,neutral,0
An average stop in Tanjung Bungah featuring an ordinary tourist stop without surprises. Nothing particularly extraordinary but acceptable.,3,neutral,0
"kurang memuaskan, tempat sesak dan tiada layanan langsung",2,negative,0
"not worth visiting, totally overrated and overpriced tourist trap",1,negative,0
"Overhyped tourist stop in Gurney. The authentic Peranakan Nyonya Laksa was cold, and we had to endure confusing ordering process.",1,negative,0
"not overhyped at all, the char kway teow really delivers top wok hei",5,positive,0
"Suasana bersih, tenang dan selesa. Pasti akan datang lagi bila ke sini.",5,positive,0
Fair experience overall with standard basic facilities. Suits travelers who just want a brief stop.,3,neutral,0
Loved every bite of the succulent satay skewers with thick peanut gravy. The very helpful and accommodating staff and convenient location and easy accessibility made our visit thoroughly enjoyable.,5,positive,0
"A must-try culinary gem in Tanjung Bungah. The spiced Nasi Kandar with dark squid curry and fried chicken was fresh and delicious, accompanied by very helpful and accommodating staff.",5,positive,0
Free bitcoin giveaway click http://crypto-win.xyz fast before ended,1,neutral,1
Very disappointed with the engaging docents explaining Baba Nyonya family customs at this coastal cafe in Gurney. We encountered cramped and poorly ventilated space and limited food options with many items out of stock.,1,negative,0
整体还行，周末游客比较多，稍微有点拥挤。,3,neutral,0
Very disappointed with the serene coastal breeze and golden sunset views at this nature trail in George Town. We encountered dirty sticky tables and unwashed utensils and grossly overpriced tourist trap pricing.,1,negative,0
Loved every bite of the crispy Roti Canai with aromatic dhal and mutton curry. The fascinating cultural details and architecture and fast and efficient table turnover made our visit thoroughly enjoyable.,4,positive,0
Not worth the entrance fee or trip to Butterworth. The main issue was poor crowd management and disorganised queues with uncomfortable broken seating.,2,negative,0
"Rugi masa datang sini, langsung tiada apa yang menarik seperti diiklan.",1,negative,0
Best stop for local food lovers. The hand-drawn street art murals and vibrant artisan crafts exceeded expectations with convenient location and easy accessibility. Will come back!,2,positive,1
Such a serene and educational experience at the colonial fort. Impressed by fascinating cultural details and architecture and very helpful and accommodating staff.,5,positive,0
Visited this tea house in Bayan Lepas. It offered a relatively brief walking tour. An okay stop overall if you are nearby.,4,neutral,0
"was not impressed, disappointing quality and stale meat",2,negative,0
"tak menyesal datang sini, semuanya terbaik dan memuaskan",5,positive,0
"Waited 45 mins just for one plate of fried noodles, never again!",1,negative,0
"did not like it, very confusing and disorganized place",1,negative,0
"went without any problems, staff was super helpful and caring",5,positive,0
"Disappointing visit to this night market bazaar. Felt neglected with cold, greasy and bland food and very poor visitor guidance.",1,negative,0
"Cendol memang mantap, authentic Penang taste so syok and refreshing!",5,positive,0
Sangat berpuas hati dengan kebersihan dan keramahan pekerja di sini.,5,positive,0
"Suasana bersih, tenang dan selesa. Pasti akan datang lagi bila ke sini.",5,positive,0
Tempat okay tapi agak sesak dengan pelancong pada hujung minggu.,3,neutral,0
Delicious food,5,positive,0
Very disappointed with the steamed Nasi Dagang with tender tuna gulai at this bakery in Bukit Mertajam. We encountered dirty sticky tables and unwashed utensils and confusing ordering process.,1,negative,0
"Terrible meal. The steamed Nasi Dagang with tender tuna gulai lacked flavor and freshness, coupled with noisy and stressful environment and poor crowd management and disorganised queues.",2,negative,0
煎蕊红豆绵密，椰糖香浓正宗，正宗槟城老字号风味！,5,positive,0
Tempat yang cantik dan sangat berbaloi untuk dikunjungi bersama keluarga.,5,positive,0
太脏了,1,negative,0
"Char kway teow padu gila, duck egg yolk so creamy and lots of cockles!",5,positive,0
Sedap gila,5,positive,0
Very disappointed with the spiced Nasi Kandar with dark squid curry and fried chicken at this satay stall in Bukit Mertajam. We encountered noisy and stressful environment and unclear information and lack of signages.,2,negative,0
Boleh diterima tetapi perlukan penambahbaikan dari segi kemudahan awam.,3,neutral,0
干净卫生，上菜速度快，整体用餐体验非常满意。,4,positive,0
又贵又难吃，环境脏乱差，给一颗星都嫌多！,1,negative,0
Such a serene and educational experience at the baba nyonya mansion. Impressed by fast and efficient table turnover and beautiful aesthetic presentation.,4,positive,0
Terrible,1,negative,0
"Okay la, not bad and not super good either. Standard standard.",3,neutral,0
"Overhyped tourist stop in George Town. The serene coastal breeze and golden sunset views was cold, and we had to endure confusing ordering process.",1,negative,0
Incredible historical landmark in Jelutong. We appreciated the friendly and attentive service and clear and engaging historical explanations. Highly recommended!,4,positive,0
Expected rich cultural insights but was met with unclear information and lack of signages and limited food options with many items out of stock. Would not recommend.,1,negative,0
食物普通，环境还可以，价格算中规中矩。,3,neutral,0
"Overhyped tourist stop in Jelutong. The engaging docents explaining Baba Nyonya family customs was cold, and we had to endure over an hour waiting time for simple orders.",1,negative,0
11111111111 222222222 33333333333 discount call now,2,neutral,1
Rude staff,1,negative,0
Tempat warisan bersejarah yang sangat bermakna dan dijaga dengan rapi.,5,positive,0
Such a serene and educational experience at the temple garden. Impressed by clean and well-maintained environment and reasonable and transparent prices.,1,positive,1
食物新鲜美味，老板很热情好客，五星好评！,5,positive,0
"Layanan cemerlang, rasa masakan asli turun-temurun sangat mengagumkan!",5,positive,0
Incredible historical landmark in Bayan Lepas. We appreciated the truly memorable and enriching experience and clean and well-maintained environment. Highly recommended!,1,positive,1
推荐,5,positive,0
服务非常慢，等了快一个小时都没人理，催单还给脸色看。,1,negative,0
"Waited 45 mins just for one plate of fried noodles, never again!",1,negative,0
The serene coastal breeze and golden sunset views at this baba nyonya mansion in Balik Pulau was absolutely outstanding! Loved the beautiful aesthetic presentation and clean and well-maintained environment.,4,positive,0
"Average taste la, standard tourist price and normal portion size.",3,neutral,0
"Keropok lekor panas gebu, sos pencicah manis pedas memang ngam.",5,positive,0
Incredible historical landmark in George Town. We appreciated the fast and efficient table turnover and reasonable and transparent prices. Highly recommended!,4,positive,0
The freshly steamed Hainanese Kaya butter toast and kampung eggs at this colonial fort in Chinatown was absolutely outstanding! Loved the freshly prepared hot food and rich authentic flavors.,5,positive,0
Servis mantap,5,positive,0
"Terrible meal. The hand-drawn street art murals and vibrant artisan crafts lacked flavor and freshness, coupled with rude and arrogant staff attitudes and noisy and stressful environment.",1,negative,0
11111111111 222222222 33333333333 discount call now,2,neutral,1
Get unlimited followers and likes fast dm on instagram @promo_bot_now,1,neutral,1
Harga mahal melampau tapi kualiti teruk dan mengecewakan selera.,1,negative,0
"Makan not nice, price mahal gila and staff sombong nak mampus.",1,negative,0
"Staf sangat biadab dan tempat kotor berdebu, tandas tidak dibersihkan.",1,negative,0
"Rasa makanan biasa, harga berpatutan dengan saiz hidangan.",3,neutral,0
Not recommended,1,negative,0
"Food boleh la, but service a bit slow during weekend rush.",3,neutral,0
The freshly steamed Hainanese Kaya butter toast and kampung eggs was tasteless and overpriced. The poor crowd management and disorganised queues made the dining experience unbearable.,2,negative,0
Fair experience overall with a simple and functional seating layout. Suits travelers who just want a brief stop.,2,neutral,0
The UNESCO heritage indigo courtyards and feng shui architecture was tasteless and overpriced. The limited food options with many items out of stock made the dining experience unbearable.,2,negative,0
非常失望，排队一个多小时结果食物是冷的而且很难吃。,1,negative,0
Wonderful preservation of Malaysian culture in Balik Pulau. Noticed the freshly prepared hot food and clear and engaging historical explanations.,4,positive,0
"Food boleh la, but service a bit slow during weekend rush.",3,neutral,0
"Authentic Malaysian taste at its best! The engaging docents explaining Baba Nyonya family customs in Gurney was top tier, plus rich authentic flavors.",5,positive,0
"not good, very rude staff and dirty tables everywhere",1,negative,0
"Food cold and tasteless, price like 5 star hotel but hawker standard.",1,negative,0
"Terrible meal. The Char Kway Teow with duck egg and wok hei lacked flavor and freshness, coupled with uncomfortable broken seating and extremely slow and chaotic service.",2,negative,0
"Lekor panas-panas, best gila wei! Must try if you come here!",5,positive,0
"Hancur mood, cashier buat muka masam and rude when taking orders.",1,negative,0
中规中矩，无功无过，适合路过时简单吃个便饭。,3,neutral,0
"Servis sangat pantas dan mesra, makanan panas dan segar dari dapur.",5,positive,0
The spiced Nasi Kandar with dark squid curry and fried chicken at this nature trail in Chinatown was absolutely outstanding! Loved the well organised tour activities and convenient location and easy accessibility.,5,positive,0
"Senibina klasik Baba Nyonya yang memukau, banyak sudut bergambar menarik.",5,positive,0
极其恶劣的体验，千万别来浪费宝贵的旅游假期。,1,negative,0
"Staf sangat biadab dan tempat kotor berdebu, tandas tidak dibersihkan.",1,negative,0
Poorly maintained heritage baba nyonya mansion in Tanjung Bungah. Encountered confusing ordering process and dirty sticky tables and unwashed utensils.,2,negative,0
"Cendol pulut terbaik di George Town, manis berlemak santan segar.",5,positive,0
文化底蕴深厚，讲解员解说很清楚，很有收获的文化之旅。,5,positive,0
"Tandas kotor dan bau busuk menyengat, makanan pun rasa basi.",1,negative,0
Would not return to this kopitiam. The freshly steamed Hainanese Kaya butter toast and kampung eggs was disappointing and the dirty sticky tables and unwashed utensils ruined our mood.,2,negative,0
Expected rich cultural insights but was met with unclear information and lack of signages and uncomfortable broken seating. Would not recommend.,2,negative,0
Buy now limited offer discount discount discount contact me for free vouchers,4,neutral,1
"Sangat teruk, tak akan syorkan kepada sesiapa pun untuk datang.",1,negative,0
Tempat cantik,5,positive,0
Expected rich cultural insights but was met with limited food options with many items out of stock and grossly overpriced tourist trap pricing. Would not recommend.,1,negative,0
"Senibina klasik Baba Nyonya yang memukau, banyak sudut bergambar menarik.",5,positive,0
Incredible historical landmark in Bayan Lepas. We appreciated the well organised tour activities and convenient location and easy accessibility. Highly recommended!,5,positive,0
"tidak mengecewakan, tempat bersejarah yang menarik dan bersih",4,positive,0
"bukan sedap sangat pun, harga cekik darah untuk pelancong",1,negative,0
"tidak mengecewakan, tempat bersejarah yang menarik dan bersih",4,positive,0
"Average taste la, standard tourist price and normal portion size.",3,neutral,0
"not bad at all, really enjoyed the heritage atmosphere and friendly guide",4,positive,0
"Senibina klasik Baba Nyonya yang memukau, banyak sudut bergambar menarik.",5,positive,0
Get unlimited followers and likes fast dm on instagram @promo_bot_now,1,neutral,1
"Yam rice soup damn solid bro, salted vege duck soup so comforting!",5,positive,0
Best stop for local food lovers. The UNESCO heritage indigo courtyards and feng shui architecture exceeded expectations with comfortable air-conditioned seating. Will come back!,4,positive,0
"Sederhana sahaja, sesuai untuk singgah sebentar jika lalu di kawasan ini.",3,neutral,0
"A must-try culinary gem in Air Itam. The authentic Peranakan Nyonya Laksa was fresh and delicious, accompanied by friendly and attentive service.",2,positive,1
"Murah and sedap, really worth the visit for genuine foodies.",5,positive,0
中规中矩，无功无过，适合路过时简单吃个便饭。,3,neutral,0
风景很美，拍照很好看，全家人都很喜欢这个历史古迹。,5,positive,0
"Food sedap gila and the ambience was top notch, totally recommended!",5,positive,0
Buy now limited offer discount discount discount contact me for free vouchers,1,neutral,1
"tidak ada masalah, urusan sangat lancar dan puas hati",5,positive,0
Poorly maintained heritage kopitiam in Balik Pulau. Encountered limited food options with many items out of stock and unclear information and lack of signages.,4,negative,1
价格昂贵但质量很差，完全是坑游客的黑店，千万别来。,1,negative,0
Very disappointed with the spiced Nasi Kandar with dark squid curry and fried chicken at this coastal cafe in Bayan Lepas. We encountered limited food options with many items out of stock and uncomfortable broken seating.,5,negative,1
"Nothing special la, can try once if you are walking nearby.",3,neutral,0
赞,5,positive,0
味道一般般，没有网络上吹捧得那么惊艳。,3,neutral,0
"Authentic Malaysian taste at its best! The serene coastal breeze and golden sunset views in Gurney was top tier, plus beautiful aesthetic presentation.",5,positive,0
Claim your free 500 dollar hotel voucher at http://scam-promo.com right now!,5,neutral,1
又贵又难吃，环境脏乱差，给一颗星都嫌多！,1,negative,0
A breathtaking cultural stop in Teluk Bahang! The spiced Nasi Kandar with dark squid curry and fried chicken and friendly and attentive service made it deeply memorable.,4,positive,0
"Place nice gila, staff very friendly and polite throughout our visit.",5,positive,0
"The spice garden was decent. There was standard basic facilities, although a relatively brief walking tour could be improved.",3,neutral,0
卫生条件很差，桌子油腻腻的，服务态度傲慢无礼。,1,negative,0
"Lekor panas-panas, best gila wei! Must try if you come here!",5,positive,0
Free bitcoin giveaway click http://crypto-win.xyz fast before ended,1,neutral,1
Pekerja bermasam muka dan berkira bila minta sudu tambahan.,1,negative,0
"Rasa makanan biasa, harga berpatutan dengan saiz hidangan.",3,neutral,0
"never had any issue here, consistently delicious and fresh",5,positive,0
Wonderful preservation of Malaysian culture in Armenian Street. Noticed the fascinating cultural details and architecture and comfortable air-conditioned seating.,4,positive,0
"Authentic Malaysian taste at its best! The engaging docents explaining Baba Nyonya family customs in Bukit Mertajam was top tier, plus convenient location and easy accessibility.",4,positive,0
"Authentic Malaysian taste at its best! The spiced Nasi Kandar with dark squid curry and fried chicken in Chinatown was top tier, plus authentic traditional recipes.",4,positive,0
Get unlimited followers and likes fast dm on instagram @promo_bot_now,5,neutral,1
Super nice,5,positive,0
Must visit,5,positive,0
Expected rich cultural insights but was met with rude and arrogant staff attitudes and uncomfortable broken seating. Would not recommend.,2,negative,0
极其恶劣的体验，千万别来浪费宝贵的旅游假期。,1,negative,0
"Overhyped tourist stop in Tanjung Bungah. The crispy Roti Canai with aromatic dhal and mutton curry was cold, and we had to endure cold, greasy and bland food.",4,negative,1
asdf qwer zxcv lorem ipsum random review text asdf zxcv,2,neutral,1
"Authentic Malaysian taste at its best! The hand-drawn street art murals and vibrant artisan crafts in Bukit Mertajam was top tier, plus beautiful aesthetic presentation.",5,positive,0
"Murah and sedap, really worth the visit for genuine foodies.",5,positive,0
"tak pernah rasa cendol sesedap ini, santan pekat manis sedang elok",5,positive,0
Expected rich cultural insights but was met with confusing ordering process and noisy and stressful environment. Would not recommend.,1,negative,0
"tak sedap langsung, makanan sejuk dan masin melampau",1,negative,0
Not worth the entrance fee or trip to Batu Ferringhi. The main issue was limited food options with many items out of stock with rude and arrogant staff attitudes.,1,negative,0
"Senibina klasik Baba Nyonya yang memukau, banyak sudut bergambar menarik.",5,positive,0
Very disappointed with the majestic 272 steps and cathedral limestone caves at this colonial fort in Batu Ferringhi. We encountered grossly overpriced tourist trap pricing and confusing ordering process.,1,negative,0
Wonderful preservation of Malaysian culture in Bukit Mertajam. Noticed the reasonable and transparent prices and authentic traditional recipes.,5,positive,0
Poorly maintained heritage cultural gallery in Bukit Mertajam. Encountered grossly overpriced tourist trap pricing and confusing ordering process.,1,negative,0
Wonderful preservation of Malaysian culture in Jelutong. Noticed the generous portion sizes and fast and efficient table turnover.,4,positive,0
Boleh diterima tetapi perlukan penambahbaikan dari segi kemudahan awam.,3,neutral,0
"Authentic Malaysian taste at its best! The hand-drawn street art murals and vibrant artisan crafts in Jelutong was top tier, plus rich authentic flavors.",5,positive,0
"Very bad experience la, rugi duit and time wasted sitting there.",1,negative,0
An average stop in Bayan Lepas featuring average waiting times during rush hour. Nothing particularly extraordinary but acceptable.,4,neutral,0
A breathtaking cultural stop in Campbell Street! The spiced Nasi Kandar with dark squid curry and fried chicken and generous portion sizes made it deeply memorable.,5,positive,0
"Sangat teruk, tak akan syorkan kepada sesiapa pun untuk datang.",1,negative,0
Very disappointed with the serene coastal breeze and golden sunset views at this night market bazaar in Air Itam. We encountered over an hour waiting time for simple orders and extremely slow and chaotic service.,5,negative,1
服务非常慢，等了快一个小时都没人理，催单还给脸色看。,1,negative,0
"Murah and sedap, really worth the visit for genuine foodies.",5,positive,0
Buy now limited offer discount discount discount contact me for free vouchers,1,neutral,1
"tidak rugi datang sini, sangat berbaloi dengan harganya",5,positive,0
食物不新鲜，吃完回去肚子不舒服，卫生令人担忧。,1,negative,0
Fair experience overall with an ordinary tourist stop without surprises. Suits travelers who just want a brief stop.,3,neutral,0
非常棒的古迹景点，建筑与壁画保存得非常完善。,5,positive,0
"Would not return to this satay stall. The freshly steamed Hainanese Kaya butter toast and kampung eggs was disappointing and the cold, greasy and bland food ruined our mood.",2,negative,0
Incredible food experience in Teluk Bahang! The steamed Nasi Dagang with tender tuna gulai had unmatched authentic flavors and well organised tour activities.,1,positive,1
Service tip top and food comes super fast. Truly steady la!,5,positive,0
非常失望，排队一个多小时结果食物是冷的而且很难吃。,1,negative,0
Visited this rooftop lounge in Bukit Mertajam. It offered a moderate selection of local dishes. An okay stop overall if you are nearby.,3,neutral,0
11111111111 222222222 33333333333 discount call now,1,neutral,1
Servis teruk,1,negative,0
"Rugi masa datang sini, langsung tiada apa yang menarik seperti diiklan.",1,negative,0
"Dirty tables everywhere, damn disgusting experience and smelly toilet.",1,negative,0
The majestic 272 steps and cathedral limestone caves at this temple garden in Teluk Bahang was absolutely outstanding! Loved the beautiful aesthetic presentation and comfortable air-conditioned seating.,4,positive,0
Incredible food experience in Bayan Lepas! The succulent satay skewers with thick peanut gravy had unmatched authentic flavors and clear and engaging historical explanations.,1,positive,1
"Dirty tables everywhere, damn disgusting experience and smelly toilet.",1,negative,0
"Sederhana sahaja, sesuai untuk singgah sebentar jika lalu di kawasan ini.",3,neutral,0
"Staff very rude, tempat kotor gila potong stim bila nak makan.",1,negative,0
Sangat berpuas hati dengan kebersihan dan keramahan pekerja di sini.,5,positive,0
"Keropok lekor panas gebu, sos pencicah manis pedas memang ngam.",5,positive,0
Standard experience in Little India. Food and service had a relatively brief walking tour. Convenient for a short rest.,2,neutral,0
"Pilihan kuih agak terhad waktu petang, tetapi rasanya boleh dimakan.",3,neutral,0
Servis mantap,5,positive,0
tak berbaloi dengan harga yang mahal dan porsi sedikit,1,negative,0
"Very bad experience la, rugi duit and time wasted sitting there.",1,negative,0
Best stop for local food lovers. The majestic 272 steps and cathedral limestone caves exceeded expectations with fast and efficient table turnover. Will come back!,5,positive,0
The piping hot Kuih Akok and traditional keropok lekor was tasteless and overpriced. The grossly overpriced tourist trap pricing made the dining experience unbearable.,1,negative,0
"Pengalaman standard, harga sederhana dan servis bersahaja.",3,neutral,0
Bad food,1,negative,0
Bad bad bad bad bad bad bad bad bad bad bad,4,negative,1
Mantap,5,positive,0
"A must-try culinary gem in Bukit Mertajam. The Char Kway Teow with duck egg and wok hei was fresh and delicious, accompanied by generous portion sizes.",4,positive,0
"Sederhana sahaja, sesuai untuk singgah sebentar jika lalu di kawasan ini.",3,neutral,0
Loved every bite of the authentic Peranakan Nyonya Laksa. The very helpful and accommodating staff and freshly prepared hot food made our visit thoroughly enjoyable.,5,positive,0
娘惹糕点色彩缤纷口感细腻，椰香十足，必吃推荐！,5,positive,0
Servis mantap,5,positive,0
"Keropok lekor panas gebu, sos pencicah manis pedas memang ngam.",5,positive,0
干净卫生，上菜速度快，整体用餐体验非常满意。,4,positive,0
"Overrated gila, queue one hour for tasteless cendol and rude cashier.",1,negative,0
Best stop for local food lovers. The freshly steamed Hainanese Kaya butter toast and kampung eggs exceeded expectations with well organised tour activities. Will come back!,4,positive,0
Visited this satay stall in Balik Pulau. It offered decent place for a quick photo stop. An okay stop overall if you are nearby.,3,neutral,0
Incredible food experience in Butterworth! The hand-drawn street art murals and vibrant artisan crafts had unmatched authentic flavors and freshly prepared hot food.,5,positive,0
Incredible food experience in Butterworth! The creamy Cendol with fresh coconut milk and Gula Melaka had unmatched authentic flavors and clear and engaging historical explanations.,4,positive,0
"Kuah kari cair dan tawar, nasi keras macam tak masak elok.",1,negative,0
Wonderful preservation of Malaysian culture in Armenian Street. Noticed the comfortable air-conditioned seating and freshly prepared hot food.,5,positive,0
环境优美古色古香，员工很有礼貌，值得带家人再来。,5,positive,0
"The nasi kandar stall was decent. There was basic informative signage, although acceptable food quality for the price could be improved.",2,neutral,0
"Servis sangat pantas dan mesra, makanan panas dan segar dari dapur.",5,positive,0
"tak mengecewakan, makanan sedap dan servis bagus sangat",5,positive,0
Such a serene and educational experience at the colonial fort. Impressed by friendly and attentive service and clear and engaging historical explanations.,4,positive,0
Free bitcoin giveaway click http://crypto-win.xyz fast before ended,1,neutral,1
Rich in tradition and heritage. Exploring the colonial fort with well organised tour activities was the highlight of our trip.,2,positive,1
"not bad la, food sedap and price okay for family",4,positive,0
The majestic 272 steps and cathedral limestone caves was tasteless and overpriced. The uncomfortable broken seating made the dining experience unbearable.,1,negative,0
Wonderful preservation of Malaysian culture in Gurney. Noticed the clear and engaging historical explanations and convenient location and easy accessibility.,5,positive,0
Loved every bite of the majestic 272 steps and cathedral limestone caves. The convenient location and easy accessibility and fast and efficient table turnover made our visit thoroughly enjoyable.,4,positive,0
"A must-try culinary gem in Teluk Bahang. The freshly steamed Hainanese Kaya butter toast and kampung eggs was fresh and delicious, accompanied by authentic traditional recipes.",1,positive,1
Incredible historical landmark in Air Itam. We appreciated the authentic traditional recipes and fascinating cultural details and architecture. Highly recommended!,5,positive,0
Rich in tradition and heritage. Exploring the rooftop lounge with truly memorable and enriching experience was the highlight of our trip.,5,positive,0
Such a serene and educational experience at the cultural gallery. Impressed by comfortable air-conditioned seating and rich authentic flavors.,4,positive,0
"Makanan sangat sedap dan staf peramah, layanan terbaik tiada tandingan!",5,positive,0
"did not like it, very confusing and disorganized place",1,negative,0
A breathtaking cultural stop in Armenian Street! The spiced Nasi Kandar with dark squid curry and fried chicken and truly memorable and enriching experience made it deeply memorable.,4,positive,0
"A must-try culinary gem in Gurney. The UNESCO heritage indigo courtyards and feng shui architecture was fresh and delicious, accompanied by friendly and attentive service.",4,positive,0
Free bitcoin giveaway click http://crypto-win.xyz fast before ended,4,neutral,1
"tak rugi langsung cuba laksa nyonya kat sini, sedap terangkat",5,positive,0
Would not return to this spice garden. The freshly steamed Hainanese Kaya butter toast and kampung eggs was disappointing and the confusing ordering process ruined our mood.,5,negative,1
推荐,5,positive,0
"Authentic Malaysian taste at its best! The intricate Chinese dragon wood carvings and granite courtyards in Little India was top tier, plus rich authentic flavors.",4,positive,0
"Disappointing visit to this kopitiam. Felt neglected with cold, greasy and bland food and very poor visitor guidance.",2,negative,0
"tak rugi langsung cuba laksa nyonya kat sini, sedap terangkat",5,positive,0
好吃,5,positive,0
Sangat berpuas hati dengan kebersihan dan keramahan pekerja di sini.,5,positive,0
Rich in tradition and heritage. Exploring the street mural spot with clear and engaging historical explanations was the highlight of our trip.,1,positive,1
Wonderful preservation of Malaysian culture in Bukit Mertajam. Noticed the well organised tour activities and truly memorable and enriching experience.,5,positive,0
Pemandangan indah dan staf banyak membantu memberi penerangan sejarah.,5,positive,0
"Terrible meal. The intricate Chinese dragon wood carvings and granite courtyards lacked flavor and freshness, coupled with confusing ordering process and dirty sticky tables and unwashed utensils.",1,negative,0
Would not return to this clan jetty. The Char Kway Teow with duck egg and wok hei was disappointing and the confusing ordering process ruined our mood.,1,negative,0
"Rugi masa datang sini, langsung tiada apa yang menarik seperti diiklan.",1,negative,0
"not an ordinary meal, truly sensational flavors and great hospitality",5,positive,0
"Waited 45 mins just for one plate of fried noodles, never again!",1,negative,0
Wonderful preservation of Malaysian culture in Balik Pulau. Noticed the authentic traditional recipes and clean and well-maintained environment.,5,positive,0
Incredible historical landmark in Jelutong. We appreciated the fascinating cultural details and architecture and beautiful aesthetic presentation. Highly recommended!,5,positive,0
Wonderful preservation of Malaysian culture in Armenian Street. Noticed the well organised tour activities and generous portion sizes.,5,positive,0
Would not return to this colonial fort. The piping hot Kuih Akok and traditional keropok lekor was disappointing and the extremely slow and chaotic service ruined our mood.,2,negative,0
"it wasn't terrible, actually quite decent and pleasant for lunch",4,positive,0
非常失望，排队一个多小时结果食物是冷的而且很难吃。,1,negative,0
Nice place,4,positive,0
Very disappointed with the crispy Roti Canai with aromatic dhal and mutton curry at this night market bazaar in Gurney. We encountered grossly overpriced tourist trap pricing and confusing ordering process.,2,negative,0
Rich in tradition and heritage. Exploring the street mural spot with reasonable and transparent prices was the highlight of our trip.,4,positive,0
Best stop for local food lovers. The piping hot Kuih Akok and traditional keropok lekor exceeded expectations with authentic traditional recipes. Will come back!,5,positive,0
"Senibina klasik Baba Nyonya yang memukau, banyak sudut bergambar menarik.",5,positive,0
Wonderful preservation of Malaysian culture in Bukit Mertajam. Noticed the beautiful aesthetic presentation and friendly and attentive service.,4,positive,0
"Average taste la, standard tourist price and normal portion size.",3,neutral,0
Claim your free 500 dollar hotel voucher at http://scam-promo.com right now!,1,neutral,1
Avoid this,1,negative,0
"Biasa sahaja, makanan boleh tahan tapi tiada yang begitu istimewa.",3,neutral,0
Expected rich cultural insights but was met with over an hour waiting time for simple orders and extremely slow and chaotic service. Would not recommend.,2,negative,0
"tak mengecewakan, makanan sedap dan servis bagus sangat",5,positive,0
服务非常慢，等了快一个小时都没人理，催单还给脸色看。,1,negative,0
"tak mesra langsung, staf buat muka masam dan campak menu",1,negative,0
Delicious food,5,positive,0
Bad food,1,negative,0
Poorly maintained heritage baba nyonya mansion in Armenian Street. Encountered rude and arrogant staff attitudes and grossly overpriced tourist trap pricing.,1,negative,0
推荐,5,positive,0
Disappointing visit to this bakery. Felt neglected with poor crowd management and disorganised queues and very poor visitor guidance.,1,negative,0
Service tip top and food comes super fast. Truly steady la!,5,positive,0
又贵又难吃，环境脏乱差，给一颗星都嫌多！,1,negative,0
"Okay la, not bad and not super good either. Standard standard.",3,neutral,0
"kurang memuaskan, tempat sesak dan tiada layanan langsung",2,negative,0
"Service damn slow, food pun biasa je and overpriced for tourists.",1,negative,0
Visit my website https://example-deals.com for cheap packages and free gifts,2,neutral,1
Standard experience in Tanjung Bungah. Food and service had an ordinary tourist stop without surprises. Convenient for a short rest.,3,neutral,0
Expected rich cultural insights but was met with poor crowd management and disorganised queues and cramped and poorly ventilated space. Would not recommend.,1,negative,0
"Super nice heritage vibes, staff helpful gila and knowledgeable.",5,positive,0
体验非常糟糕，管理混乱，完全不值得花费时间和金钱。,1,negative,0
Get unlimited followers and likes fast dm on instagram @promo_bot_now,1,neutral,1
Incredible historical landmark in Armenian Street. We appreciated the convenient location and easy accessibility and freshly prepared hot food. Highly recommended!,5,positive,0
Delicious food,5,positive,0
A breathtaking cultural stop in Balik Pulau! The Char Kway Teow with duck egg and wok hei and truly memorable and enriching experience made it deeply memorable.,5,positive,0
Loved every bite of the authentic Peranakan Nyonya Laksa. The truly memorable and enriching experience and well organised tour activities made our visit thoroughly enjoyable.,5,positive,0
Loved every bite of the fragrant BM Yam Rice with salted vegetable duck soup. The convenient location and easy accessibility and very helpful and accommodating staff made our visit thoroughly enjoyable.,4,positive,0
Disappointing visit to this rooftop lounge. Felt neglected with stale ingredients lacking freshness and very poor visitor guidance.,1,negative,0
非常棒的体验，东西很好吃，分量足且性价比很高。,5,positive,0
"Tandas kotor dan bau busuk menyengat, makanan pun rasa basi.",1,negative,0
Incredible food experience in Tanjung Bungah! The spiced Nasi Kandar with dark squid curry and fried chicken had unmatched authentic flavors and convenient location and easy accessibility.,2,positive,1
马马虎虎，算是一个普通的打卡景点吧，顺路可以看看。,3,neutral,0
Sedap gila,5,positive,0
"The clan jetty was decent. There was basic informative signage, although standard kopitiam ambiance could be improved.",3,neutral,0
An average stop in Chinatown featuring average waiting times during rush hour. Nothing particularly extraordinary but acceptable.,2,neutral,0
Poorly maintained heritage temple garden in Teluk Bahang. Encountered stale ingredients lacking freshness and grossly overpriced tourist trap pricing.,5,negative,1
Pemandangan indah dan staf banyak membantu memberi penerangan sejarah.,5,positive,0
Incredible historical landmark in Tanjung Bungah. We appreciated the fast and efficient table turnover and clear and engaging historical explanations. Highly recommended!,5,positive,0
Clean and tidy,4,positive,0
Loved every bite of the spiced Nasi Kandar with dark squid curry and fried chicken. The reasonable and transparent prices and beautiful aesthetic presentation made our visit thoroughly enjoyable.,4,positive,0
"I don't hate it, in fact the experience was quite good and authentic",4,positive,0
"Super nice heritage vibes, staff helpful gila and knowledgeable.",5,positive,0
A breathtaking cultural stop in Tanjung Bungah! The authentic Peranakan Nyonya Laksa and very helpful and accommodating staff made it deeply memorable.,5,positive,0
"Murah and sedap, really worth the visit for genuine foodies.",5,positive,0
"Rugi masa datang sini, langsung tiada apa yang menarik seperti diiklan.",1,negative,0
"Roti canai crispy gila, kuah kari pekat sedap terangkat!",5,positive,0
整体还行，周末游客比较多，稍微有点拥挤。,3,neutral,0
Not worth the entrance fee or trip to George Town. The main issue was cramped and poorly ventilated space with rude and arrogant staff attitudes.,1,negative,0
Overpriced and slow,1,negative,0
Bad bad bad bad bad bad bad bad bad bad bad,3,negative,1
"Layanan cemerlang, rasa masakan asli turun-temurun sangat mengagumkan!",5,positive,0
"Biasa sahaja, makanan boleh tahan tapi tiada yang begitu istimewa.",3,neutral,0
Rich in tradition and heritage. Exploring the satay stall with beautiful aesthetic presentation was the highlight of our trip.,4,positive,0
An average stop in Campbell Street featuring average waiting times during rush hour. Nothing particularly extraordinary but acceptable.,2,neutral,0
Pemandangan indah dan staf banyak membantu memberi penerangan sejarah.,5,positive,0
Disappointing visit to this night market bazaar. Felt neglected with stale ingredients lacking freshness and very poor visitor guidance.,4,negative,1
"Rugi masa datang sini, langsung tiada apa yang menarik seperti diiklan.",1,negative,0
Follow my telegram channel and message me for the best promotion code today on whatsapp,5,neutral,1
"Sederhana sahaja, sesuai untuk singgah sebentar jika lalu di kawasan ini.",3,neutral,0
Friendly staff,5,positive,0
Rich in tradition and heritage. Exploring the craft studio with authentic traditional recipes was the highlight of our trip.,2,positive,1
Tempat okay tapi agak sesak dengan pelancong pada hujung minggu.,3,neutral,0
11111111111 222222222 33333333333 discount call now,5,neutral,1
"Lekor panas-panas, best gila wei! Must try if you come here!",5,positive,0
not worth the price or the long queue under the hot sun,1,negative,0
极其恶劣的体验，千万别来浪费宝贵的旅游假期。,1,negative,0
"Would not return to this nasi kandar stall. The piping hot Kuih Akok and traditional keropok lekor was disappointing and the cold, greasy and bland food ruined our mood.",1,negative,0
Such a serene and educational experience at the night market bazaar. Impressed by well organised tour activities and friendly and attentive service.,4,positive,0
"Makanan tak sedap dan servis sangat lambat, kami tunggu hampir sejam.",1,negative,0
体验非常糟糕，管理混乱，完全不值得花费时间和金钱。,1,negative,0
Such a serene and educational experience at the rooftop lounge. Impressed by very helpful and accommodating staff and generous portion sizes.,1,positive,1
The fragrant BM Yam Rice with salted vegetable duck soup was tasteless and overpriced. The poor crowd management and disorganised queues made the dining experience unbearable.,1,negative,0
"not an ordinary meal, truly sensational flavors and great hospitality",5,positive,0
Would not return to this satay stall. The crispy Roti Canai with aromatic dhal and mutton curry was disappointing and the unclear information and lack of signages ruined our mood.,2,negative,0
Poorly maintained heritage street mural spot in Little India. Encountered uncomfortable broken seating and poor crowd management and disorganised queues.,1,negative,0
食物普通，环境还可以，价格算中规中矩。,3,neutral,0
"Makanan tak sedap dan servis sangat lambat, kami tunggu hampir sejam.",1,negative,0
味道一般般，没有网络上吹捧得那么惊艳。,3,neutral,0
"tak sedap langsung, makanan sejuk dan masin melampau",1,negative,0
tidak sedap dan staf sangat biadab bila pelanggan tanya,1,negative,0
The authentic Peranakan Nyonya Laksa was tasteless and overpriced. The cramped and poorly ventilated space made the dining experience unbearable.,1,negative,0
"went without any problems, staff was super helpful and caring",5,positive,0
"Pengurusan sangat lemah, beratur panjang tanpa penerangan jelas.",1,negative,0
非常棒的体验，东西很好吃，分量足且性价比很高。,5,positive,0
娘惹糕点色彩缤纷口感细腻，椰香十足，必吃推荐！,5,positive,0
Amazing amazing amazing amazing amazing amazing amazing amazing,4,positive,1
"Overrated gila, queue one hour for tasteless cendol and rude cashier.",1,negative,0
"tidak menghampakan, layanan staf sangat mesra dan prihatin",5,positive,0
Claim your free 500 dollar hotel voucher at http://scam-promo.com right now!,3,neutral,1
11111111111 222222222 33333333333 discount call now,4,neutral,1
"Nasi lemak bungkus sambal padu, aroma daun pisang wangian asli.",5,positive,0
Rugi duit,1,negative,0
A breathtaking cultural stop in Butterworth! The intricate Chinese dragon wood carvings and granite courtyards and beautiful aesthetic presentation made it deeply memorable.,1,positive,1
"Sangat teruk, tak akan syorkan kepada sesiapa pun untuk datang.",1,negative,0
Place quite nice for photos but parking susah gila around here.,3,neutral,0
A breathtaking cultural stop in Air Itam! The crispy Roti Canai with aromatic dhal and mutton curry and comfortable air-conditioned seating made it deeply memorable.,2,positive,1
Incredible historical landmark in Batu Ferringhi. We appreciated the clear and engaging historical explanations and clean and well-maintained environment. Highly recommended!,2,positive,1
Claim your free 500 dollar hotel voucher at http://scam-promo.com right now!,5,neutral,1
Rude staff,1,negative,0
Servis teruk,1,negative,0
"Staff very rude, tempat kotor gila potong stim bila nak makan.",1,negative,0
Expected rich cultural insights but was met with poor crowd management and disorganised queues and over an hour waiting time for simple orders. Would not recommend.,2,negative,0
"Tandas kotor dan bau busuk menyengat, makanan pun rasa basi.",1,negative,0
A breathtaking cultural stop in Armenian Street! The majestic 272 steps and cathedral limestone caves and beautiful aesthetic presentation made it deeply memorable.,1,positive,1
Visited this spice garden in Bukit Mertajam. It offered an ordinary tourist stop without surprises. An okay stop overall if you are nearby.,3,neutral,0
Fair experience overall with standard kopitiam ambiance. Suits travelers who just want a brief stop.,3,neutral,0
Visit my website https://example-deals.com for cheap packages and free gifts,2,neutral,1
"was not bad, pretty nice spot for afternoon tea and dessert",4,positive,0
Would not return to this baba nyonya mansion. The steamed Nasi Dagang with tender tuna gulai was disappointing and the stale ingredients lacking freshness ruined our mood.,2,negative,0
"was not bad, pretty nice spot for afternoon tea and dessert",4,positive,0
Loved the view,5,positive,0
"Authentic Malaysian taste at its best! The Char Kway Teow with duck egg and wok hei in Balik Pulau was top tier, plus convenient location and easy accessibility.",1,positive,1
味道一般般，没有网络上吹捧得那么惊艳。,3,neutral,0
Very disappointed with the authentic Peranakan Nyonya Laksa at this clan jetty in Little India. We encountered grossly overpriced tourist trap pricing and dirty sticky tables and unwashed utensils.,1,negative,0
"it wasn't terrible, actually quite decent and pleasant for lunch",4,positive,0
Incredible historical landmark in Balik Pulau. We appreciated the beautiful aesthetic presentation and reasonable and transparent prices. Highly recommended!,2,positive,1
A breathtaking cultural stop in Bukit Mertajam! The crispy Roti Canai with aromatic dhal and mutton curry and authentic traditional recipes made it deeply memorable.,5,positive,0
Claim your free 500 dollar hotel voucher at http://scam-promo.com right now!,1,neutral,1
"Terrible meal. The crispy Roti Canai with aromatic dhal and mutton curry lacked flavor and freshness, coupled with extremely slow and chaotic service and stale ingredients lacking freshness.",2,negative,0
Rich in tradition and heritage. Exploring the bakery with reasonable and transparent prices was the highlight of our trip.,1,positive,1
"Nasi kandar padu, kuah campur pekat dan ayam goreng berempah rangup!",5,positive,0
Would not return to this heritage restaurant. The serene coastal breeze and golden sunset views was disappointing and the cramped and poorly ventilated space ruined our mood.,1,negative,0
Would not return to this tea house. The fragrant BM Yam Rice with salted vegetable duck soup was disappointing and the extremely slow and chaotic service ruined our mood.,4,negative,1
Such a serene and educational experience at the nasi kandar stall. Impressed by beautiful aesthetic presentation and authentic traditional recipes.,5,positive,0
Disappointing visit to this temple garden. Felt neglected with uncomfortable broken seating and very poor visitor guidance.,4,negative,1
卫生条件很差，桌子油腻腻的，服务态度傲慢无礼。,1,negative,0
Tempat warisan bersejarah yang sangat bermakna dan dijaga dengan rapi.,5,positive,0
Contact +60123456789 for instant cashback and crypto promo discount vouchers,1,neutral,1
Standard experience in Butterworth. Food and service had standard basic facilities. Convenient for a short rest.,3,neutral,0
Such a serene and educational experience at the clan jetty. Impressed by reasonable and transparent prices and authentic traditional recipes.,4,positive,0
卫生条件很差，桌子油腻腻的，服务态度傲慢无礼。,1,negative,0
"Terrible meal. The majestic 272 steps and cathedral limestone caves lacked flavor and freshness, coupled with over an hour waiting time for simple orders and uncomfortable broken seating.",4,negative,1
"Murah and sedap, really worth the visit for genuine foodies.",5,positive,0
"Makan not nice, price mahal gila and staff sombong nak mampus.",1,negative,0
Such a serene and educational experience at the kopitiam. Impressed by freshly prepared hot food and well organised tour activities.,2,positive,1
"Overhyped tourist stop in Butterworth. The Char Kway Teow with duck egg and wok hei was cold, and we had to endure limited food options with many items out of stock.",4,negative,1
Expected rich cultural insights but was met with confusing ordering process and grossly overpriced tourist trap pricing. Would not recommend.,1,negative,0
"A must-try culinary gem in Teluk Bahang. The spiced Nasi Kandar with dark squid curry and fried chicken was fresh and delicious, accompanied by reasonable and transparent prices.",4,positive,0
煎蕊红豆绵密，椰糖香浓正宗，正宗槟城老字号风味！,5,positive,0
"A must-try culinary gem in Gurney. The serene coastal breeze and golden sunset views was fresh and delicious, accompanied by reasonable and transparent prices.",4,positive,0
Standard experience in Butterworth. Food and service had standard kopitiam ambiance. Convenient for a short rest.,3,neutral,0
Expected rich cultural insights but was met with poor crowd management and disorganised queues and over an hour waiting time for simple orders. Would not recommend.,2,negative,0
味道一般般，没有网络上吹捧得那么惊艳。,3,neutral,0
Harga cekik darah! Kena caj tersembunyi yang langsung tak masuk akal.,1,negative,0
Rich in tradition and heritage. Exploring the bakery with generous portion sizes was the highlight of our trip.,4,positive,0
"Lekor panas-panas, best gila wei! Must try if you come here!",5,positive,0
Excellent service,5,positive,0
Incredible historical landmark in Bukit Mertajam. We appreciated the clean and well-maintained environment and beautiful aesthetic presentation. Highly recommended!,4,positive,0
Incredible food experience in Jelutong! The freshly steamed Hainanese Kaya butter toast and kampung eggs had unmatched authentic flavors and beautiful aesthetic presentation.,4,positive,0
A breathtaking cultural stop in Bukit Mertajam! The engaging docents explaining Baba Nyonya family customs and reasonable and transparent prices made it deeply memorable.,5,positive,0
"A must-try culinary gem in Air Itam. The Char Kway Teow with duck egg and wok hei was fresh and delicious, accompanied by clear and engaging historical explanations.",4,positive,0
"Tempat panas dan tidak selesa, kipas rosak dan staf buat endah tak endah.",1,negative,0
"Char kway teow padu gila, duck egg yolk so creamy and lots of cockles!",5,positive,0
"Staff very rude, tempat kotor gila potong stim bila nak makan.",1,negative,0
Expected rich cultural insights but was met with over an hour waiting time for simple orders and uncomfortable broken seating. Would not recommend.,2,negative,0
"tak bagus, servis lambat gila dan tempat berbau hapak",1,negative,0
"Very bad experience la, rugi duit and time wasted sitting there.",1,negative,0
"tidak menghampakan, layanan staf sangat mesra dan prihatin",5,positive,0
炒粿条镬气十足，鸭蛋香味浓郁，虾肉新鲜弹牙！,5,positive,0
Place quite nice for photos but parking susah gila around here.,3,neutral,0
Incredible historical landmark in George Town. We appreciated the authentic traditional recipes and very helpful and accommodating staff. Highly recommended!,5,positive,0
Sedap gila,5,positive,0
Expected rich cultural insights but was met with dirty sticky tables and unwashed utensils and extremely slow and chaotic service. Would not recommend.,5,negative,1
Best stop for local food lovers. The Char Kway Teow with duck egg and wok hei exceeded expectations with beautiful aesthetic presentation. Will come back!,5,positive,0
"Terrible meal. The Char Kway Teow with duck egg and wok hei lacked flavor and freshness, coupled with poor crowd management and disorganised queues and extremely slow and chaotic service.",1,negative,0
价格昂贵但质量很差，完全是坑游客的黑店，千万别来。,1,negative,0
"Expected rich cultural insights but was met with cold, greasy and bland food and over an hour waiting time for simple orders. Would not recommend.",5,negative,1
"Staff very rude, tempat kotor gila potong stim bila nak makan.",1,negative,0
"Food cold and tasteless, price like 5 star hotel but hawker standard.",1,negative,0
Best stop for local food lovers. The serene coastal breeze and golden sunset views exceeded expectations with clear and engaging historical explanations. Will come back!,1,positive,1
"Food cold and tasteless, price like 5 star hotel but hawker standard.",1,negative,0
"Char kway teow padu gila, duck egg yolk so creamy and lots of cockles!",5,positive,0
"Pengalaman standard, harga sederhana dan servis bersahaja.",3,neutral,0
Worst meal,1,negative,0
Rich in tradition and heritage. Exploring the satay stall with reasonable and transparent prices was the highlight of our trip.,5,positive,0
"not an ordinary meal, truly sensational flavors and great hospitality",5,positive,0
炒粿条镬气十足，鸭蛋香味浓郁，虾肉新鲜弹牙！,5,positive,0
"Terrible meal. The piping hot Kuih Akok and traditional keropok lekor lacked flavor and freshness, coupled with noisy and stressful environment and cold, greasy and bland food.",1,negative,0
Wonderful preservation of Malaysian culture in Bukit Mertajam. Noticed the reasonable and transparent prices and convenient location and easy accessibility.,5,positive,0
"Tandas kotor dan bau busuk menyengat, makanan pun rasa basi.",1,negative,0
"Rugi masa datang sini, langsung tiada apa yang menarik seperti diiklan.",1,negative,0
Amazing amazing amazing amazing amazing amazing amazing amazing,1,positive,1
"tak segar langsung lauk pauk, rasa macam makanan semalam",1,negative,0
Expected rich cultural insights but was met with limited food options with many items out of stock and stale ingredients lacking freshness. Would not recommend.,2,negative,0
Loved every bite of the spiced Nasi Kandar with dark squid curry and fried chicken. The friendly and attentive service and authentic traditional recipes made our visit thoroughly enjoyable.,5,positive,0
很棒,5,positive,0
Standard experience in Armenian Street. Food and service had acceptable food quality for the price. Convenient for a short rest.,2,neutral,0
"Food cold and tasteless, price like 5 star hotel but hawker standard.",1,negative,0
Not worth the entrance fee or trip to Balik Pulau. The main issue was uncomfortable broken seating with extremely slow and chaotic service.,2,negative,0
"The coastal cafe was decent. There was a simple and functional seating layout, although basic informative signage could be improved.",4,neutral,0
"Pilihan kuih agak terhad waktu petang, tetapi rasanya boleh dimakan.",3,neutral,0
Tempat cantik,5,positive,0
Would not return to this craft studio. The intricate Chinese dragon wood carvings and granite courtyards was disappointing and the confusing ordering process ruined our mood.,1,negative,0
Harga mahal melampau tapi kualiti teruk dan mengecewakan selera.,1,negative,0
Expected rich cultural insights but was met with noisy and stressful environment and limited food options with many items out of stock. Would not recommend.,2,negative,0
Expected rich cultural insights but was met with unclear information and lack of signages and uncomfortable broken seating. Would not recommend.,2,negative,0
Incredible historical landmark in Balik Pulau. We appreciated the beautiful aesthetic presentation and authentic traditional recipes. Highly recommended!,5,positive,0
"Keropok lekor panas gebu, sos pencicah manis pedas memang ngam.",5,positive,0
"Suasana bersih, tenang dan selesa. Pasti akan datang lagi bila ke sini.",5,positive,0
卫生条件很差，桌子油腻腻的，服务态度傲慢无礼。,1,negative,0
tak puas hati dengan layanan pekerja yang pemalas,1,negative,0
"Layanan buruk, pekerja malas dan tempat tidak terurus langsung.",1,negative,0
The spiced Nasi Kandar with dark squid curry and fried chicken at this colonial fort in Bayan Lepas was absolutely outstanding! Loved the truly memorable and enriching experience and rich authentic flavors.,5,positive,0
"was not impressed, disappointing quality and stale meat",2,negative,0
"Murah and sedap, really worth the visit for genuine foodies.",5,positive,0
Puas hati,5,positive,0
Disappointing visit to this street mural spot. Felt neglected with stale ingredients lacking freshness and very poor visitor guidance.,5,negative,1
Poorly maintained heritage kopitiam in Bukit Mertajam. Encountered cramped and poorly ventilated space and extremely slow and chaotic service.,1,negative,0
Tempat cantik,5,positive,0
难吃,1,negative,0
"kurang memuaskan, tempat sesak dan tiada layanan langsung",2,negative,0
11111111111 222222222 33333333333 discount call now,1,neutral,1
Tempat cantik,5,positive,0
Such a serene and educational experience at the temple garden. Impressed by beautiful aesthetic presentation and friendly and attentive service.,2,positive,1
"Overrated gila, queue one hour for tasteless cendol and rude cashier.",1,negative,0
"Very bad experience la, rugi duit and time wasted sitting there.",1,negative,0
11111111111 222222222 33333333333 discount call now,5,neutral,1
"Servis sangat pantas dan mesra, makanan panas dan segar dari dapur.",5,positive,0
A breathtaking cultural stop in Armenian Street! The serene coastal breeze and golden sunset views and clean and well-maintained environment made it deeply memorable.,2,positive,1
11111111111 222222222 33333333333 discount call now,2,neutral,1
Fair experience overall with decent place for a quick photo stop. Suits travelers who just want a brief stop.,3,neutral,0
"Average taste la, standard tourist price and normal portion size.",3,neutral,0
文化底蕴深厚，讲解员解说很清楚，很有收获的文化之旅。,5,positive,0
Terbaik,5,positive,0
又贵又难吃，环境脏乱差，给一颗星都嫌多！,1,negative,0
"A must-try culinary gem in Campbell Street. The Char Kway Teow with duck egg and wok hei was fresh and delicious, accompanied by fascinating cultural details and architecture.",5,positive,0
Visit my website https://example-deals.com for cheap packages and free gifts,5,neutral,1
"was not terrible at all, worth a visit when in Penang",4,positive,0
11111111111 222222222 33333333333 discount call now,4,neutral,1
极其恶劣的体验，千万别来浪费宝贵的旅游假期。,1,negative,0
Loved every bite of the authentic Peranakan Nyonya Laksa. The truly memorable and enriching experience and beautiful aesthetic presentation made our visit thoroughly enjoyable.,1,positive,1
An average stop in Balik Pulau featuring an ordinary tourist stop without surprises. Nothing particularly extraordinary but acceptable.,2,neutral,0
Harga cekik darah! Kena caj tersembunyi yang langsung tak masuk akal.,1,negative,0
"Makanan enak dan harga sangat berpatutan, porsi banyak dan mengenyangkan.",5,positive,0
Incredible food experience in Bayan Lepas! The freshly steamed Hainanese Kaya butter toast and kampung eggs had unmatched authentic flavors and friendly and attentive service.,1,positive,1
"Sederhana sahaja, sesuai untuk singgah sebentar jika lalu di kawasan ini.",3,neutral,0
食物非常好吃，服务态度很亲切，非常推荐大家来尝试！,5,positive,0
Tempat okay tapi agak sesak dengan pelancong pada hujung minggu.,3,neutral,0
Very good place,5,positive,0
"Tempat panas dan tidak selesa, kipas rosak dan staf buat endah tak endah.",1,negative,0
很棒,5,positive,0
"Tempat panas dan tidak selesa, kipas rosak dan staf buat endah tak endah.",1,negative,0
Loved every bite of the intricate Chinese dragon wood carvings and granite courtyards. The truly memorable and enriching experience and beautiful aesthetic presentation made our visit thoroughly enjoyable.,2,positive,1
Expected rich cultural insights but was met with cramped and poorly ventilated space and extremely slow and chaotic service. Would not recommend.,2,negative,0
"Terrible meal. The succulent satay skewers with thick peanut gravy lacked flavor and freshness, coupled with cramped and poorly ventilated space and rude and arrogant staff attitudes.",5,negative,1
Harga cekik darah! Kena caj tersembunyi yang langsung tak masuk akal.,1,negative,0
"never coming back here again, awful experience from start to end",1,negative,0
Service tip top and food comes super fast. Truly steady la!,5,positive,0
Free bitcoin giveaway click http://crypto-win.xyz fast before ended,1,neutral,1
Buy now limited offer discount discount discount contact me for free vouchers,1,neutral,1
Best stop for local food lovers. The intricate Chinese dragon wood carvings and granite courtyards exceeded expectations with generous portion sizes. Will come back!,5,positive,0
Not worth the entrance fee or trip to Little India. The main issue was stale ingredients lacking freshness with dirty sticky tables and unwashed utensils.,5,negative,1
"The street mural spot was decent. There was standard basic facilities, although standard kopitiam ambiance could be improved.",3,neutral,0
Best stop for local food lovers. The serene coastal breeze and golden sunset views exceeded expectations with authentic traditional recipes. Will come back!,4,positive,0
Incredible historical landmark in Batu Ferringhi. We appreciated the truly memorable and enriching experience and well organised tour activities. Highly recommended!,4,positive,0
干净卫生，上菜速度快，整体用餐体验非常满意。,4,positive,0
Rich in tradition and heritage. Exploring the heritage restaurant with very helpful and accommodating staff was the highlight of our trip.,2,positive,1
"Makan not nice, price mahal gila and staff sombong nak mampus.",1,negative,0
Loved every bite of the crispy Roti Canai with aromatic dhal and mutton curry. The friendly and attentive service and fast and efficient table turnover made our visit thoroughly enjoyable.,5,positive,0
Harga mahal melampau tapi kualiti teruk dan mengecewakan selera.,1,negative,0
"Sangat teruk, tak akan syorkan kepada sesiapa pun untuk datang.",1,negative,0
Rude staff,1,negative,0
"tak menghampakan, memang berbaloi singgah sini makan malam",5,positive,0
中规中矩，无功无过，适合路过时简单吃个便饭。,3,neutral,0
"Terrible meal. The piping hot Kuih Akok and traditional keropok lekor lacked flavor and freshness, coupled with noisy and stressful environment and confusing ordering process.",1,negative,0
Wonderful preservation of Malaysian culture in Tanjung Bungah. Noticed the convenient location and easy accessibility and well organised tour activities.,2,positive,1
Very disappointed with the creamy Cendol with fresh coconut milk and Gula Melaka at this tea house in Air Itam. We encountered confusing ordering process and poor crowd management and disorganised queues.,1,negative,0
非常棒的体验，东西很好吃，分量足且性价比很高。,5,positive,0
Place quite nice for photos but parking susah gila around here.,3,neutral,0
非常棒的体验，东西很好吃，分量足且性价比很高。,5,positive,0
Service tip top and food comes super fast. Truly steady la!,5,positive,0
"Not worth the entrance fee or trip to Campbell Street. The main issue was cold, greasy and bland food with grossly overpriced tourist trap pricing.",1,negative,0
Contact +60123456789 for instant cashback and crypto promo discount vouchers,4,neutral,1
"Waited 45 mins just for one plate of fried noodles, never again!",1,negative,0
Servis teruk,1,negative,0
Fair experience overall with standard kopitiam ambiance. Suits travelers who just want a brief stop.,3,neutral,0
Worth visiting,5,positive,0
A breathtaking cultural stop in Balik Pulau! The serene coastal breeze and golden sunset views and fast and efficient table turnover made it deeply memorable.,5,positive,0
Would not return to this colonial fort. The serene coastal breeze and golden sunset views was disappointing and the confusing ordering process ruined our mood.,4,negative,1
"Very bad experience la, rugi duit and time wasted sitting there.",1,negative,0
Incredible food experience in Teluk Bahang! The Char Kway Teow with duck egg and wok hei had unmatched authentic flavors and fascinating cultural details and architecture.,5,positive,0
Not worth the entrance fee or trip to Air Itam. The main issue was grossly overpriced tourist trap pricing with limited food options with many items out of stock.,2,negative,0
Very disappointed with the authentic Peranakan Nyonya Laksa at this clan jetty in Bukit Mertajam. We encountered over an hour waiting time for simple orders and uncomfortable broken seating.,4,negative,1
Loved the view,5,positive,0
"Food cold and tasteless, price like 5 star hotel but hawker standard.",1,negative,0
Super nice,5,positive,0
A breathtaking cultural stop in Jelutong! The majestic 272 steps and cathedral limestone caves and reasonable and transparent prices made it deeply memorable.,1,positive,1
Amazing amazing amazing amazing amazing amazing amazing amazing,4,positive,1
中规中矩，无功无过，适合路过时简单吃个便饭。,3,neutral,0
The intricate Chinese dragon wood carvings and granite courtyards was tasteless and overpriced. The uncomfortable broken seating made the dining experience unbearable.,2,negative,0
Pemandangan indah dan staf banyak membantu memberi penerangan sejarah.,5,positive,0
"Terrible meal. The crispy Roti Canai with aromatic dhal and mutton curry lacked flavor and freshness, coupled with limited food options with many items out of stock and unclear information and lack of signages.",5,negative,1
"Yam rice soup damn solid bro, salted vege duck soup so comforting!",5,positive,0
又贵又难吃，环境脏乱差，给一颗星都嫌多！,1,negative,0
Avoid this,1,negative,0
Visited this spice garden in George Town. It offered an ordinary tourist stop without surprises. An okay stop overall if you are nearby.,3,neutral,0
"tidak menyesal melawat tempat ini, pengalaman menarik dan berilmu",5,positive,0
Incredible historical landmark in Gurney. We appreciated the friendly and attentive service and clear and engaging historical explanations. Highly recommended!,5,positive,0
"Pengalaman yang sangat memuaskan, tempat warisan terpelihara dengan indah.",5,positive,0
Not worth the entrance fee or trip to Jelutong. The main issue was uncomfortable broken seating with extremely slow and chaotic service.,2,negative,0
Expected rich cultural insights but was met with limited food options with many items out of stock and rude and arrogant staff attitudes. Would not recommend.,5,negative,1
Incredible historical landmark in Chinatown. We appreciated the generous portion sizes and beautiful aesthetic presentation. Highly recommended!,4,positive,0
Not worth the entrance fee or trip to Armenian Street. The main issue was over an hour waiting time for simple orders with limited food options with many items out of stock.,1,negative,0
"Very bad experience la, rugi duit and time wasted sitting there.",1,negative,0
Loved every bite of the succulent satay skewers with thick peanut gravy. The rich authentic flavors and comfortable air-conditioned seating made our visit thoroughly enjoyable.,4,positive,0
"Makanan sangat sedap dan staf peramah, layanan terbaik tiada tandingan!",5,positive,0
又贵又难吃，环境脏乱差，给一颗星都嫌多！,1,negative,0
Worth visiting,5,positive,0
Standard experience in Bayan Lepas. Food and service had a simple and functional seating layout. Convenient for a short rest.,3,neutral,0
Bad bad bad bad bad bad bad bad bad bad bad,3,negative,1
"Roti canai crispy gila, kuah kari pekat sedap terangkat!",5,positive,0
Such a serene and educational experience at the craft studio. Impressed by very helpful and accommodating staff and clean and well-maintained environment.,2,positive,1
Delicious food,5,positive,0
An average stop in Jelutong featuring average waiting times during rush hour. Nothing particularly extraordinary but acceptable.,2,neutral,0
Expected rich cultural insights but was met with noisy and stressful environment and cramped and poorly ventilated space. Would not recommend.,2,negative,0
Expected rich cultural insights but was met with grossly overpriced tourist trap pricing and uncomfortable broken seating. Would not recommend.,2,negative,0
"Pilihan kuih agak terhad waktu petang, tetapi rasanya boleh dimakan.",3,neutral,0
"Suasana bersih, tenang dan selesa. Pasti akan datang lagi bila ke sini.",5,positive,0
Loved every bite of the UNESCO heritage indigo courtyards and feng shui architecture. The clean and well-maintained environment and truly memorable and enriching experience made our visit thoroughly enjoyable.,4,positive,0
Avoid this,1,negative,0
中规中矩，无功无过，适合路过时简单吃个便饭。,3,neutral,0
An average stop in Bayan Lepas featuring a relatively brief walking tour. Nothing particularly extraordinary but acceptable.,4,neutral,0
An average stop in Little India featuring basic informative signage. Nothing particularly extraordinary but acceptable.,3,neutral,0
体验非常糟糕，管理混乱，完全不值得花费时间和金钱。,1,negative,0
Sangat berpuas hati dengan kebersihan dan keramahan pekerja di sini.,5,positive,0
"The nasi kandar stall was decent. There was a relatively brief walking tour, although a simple and functional seating layout could be improved.",3,neutral,0
"Pengalaman standard, harga sederhana dan servis bersahaja.",3,neutral,0
中规中矩，无功无过，适合路过时简单吃个便饭。,3,neutral,0
炒粿条镬气十足，鸭蛋香味浓郁，虾肉新鲜弹牙！,5,positive,0
"Authentic Malaysian taste at its best! The engaging docents explaining Baba Nyonya family customs in Little India was top tier, plus clean and well-maintained environment.",5,positive,0
食物非常好吃，服务态度很亲切，非常推荐大家来尝试！,5,positive,0
"A must-try culinary gem in Balik Pulau. The hand-drawn street art murals and vibrant artisan crafts was fresh and delicious, accompanied by generous portion sizes.",5,positive,0
"Rasa makanan biasa, harga berpatutan dengan saiz hidangan.",3,neutral,0
"The bakery was decent. There was a simple and functional seating layout, although basic informative signage could be improved.",3,neutral,0
Rich in tradition and heritage. Exploring the street mural spot with beautiful aesthetic presentation was the highlight of our trip.,4,positive,0
"Pengalaman standard, harga sederhana dan servis bersahaja.",3,neutral,0
非常棒的古迹景点，建筑与壁画保存得非常完善。,5,positive,0
Bad bad bad bad bad bad bad bad bad bad bad,4,negative,1
Visited this cultural gallery in Balik Pulau. It offered acceptable food quality for the price. An okay stop overall if you are nearby.,3,neutral,0
"Murah and sedap, really worth the visit for genuine foodies.",5,positive,0
The spiced Nasi Kandar with dark squid curry and fried chicken at this bakery in Jelutong was absolutely outstanding! Loved the freshly prepared hot food and clean and well-maintained environment.,4,positive,0
"Authentic Malaysian taste at its best! The fragrant BM Yam Rice with salted vegetable duck soup in Teluk Bahang was top tier, plus friendly and attentive service.",1,positive,1
"Pengurusan sangat lemah, beratur panjang tanpa penerangan jelas.",1,negative,0
Friendly staff,5,positive,0
"kurang memuaskan, tempat sesak dan tiada layanan langsung",2,negative,0
物超所值，值得推荐给所有来马来西亚旅游的朋友。,5,positive,0
Incredible historical landmark in Bayan Lepas. We appreciated the convenient location and easy accessibility and rich authentic flavors. Highly recommended!,4,positive,0
管理混乱，排队毫无秩序，态度极其恶劣差劲。,1,negative,0
"Lekor panas-panas, best gila wei! Must try if you come here!",5,positive,0
"not worth visiting, totally overrated and overpriced tourist trap",1,negative,0
Disappointing visit to this night market bazaar. Felt neglected with dirty sticky tables and unwashed utensils and very poor visitor guidance.,5,negative,1
非常棒的体验，东西很好吃，分量足且性价比很高。,5,positive,0
管理混乱，排队毫无秩序，态度极其恶劣差劲。,1,negative,0
Loved every bite of the UNESCO heritage indigo courtyards and feng shui architecture. The convenient location and easy accessibility and friendly and attentive service made our visit thoroughly enjoyable.,5,positive,0
Very disappointed with the intricate Chinese dragon wood carvings and granite courtyards at this baba nyonya mansion in Armenian Street. We encountered poor crowd management and disorganised queues and confusing ordering process.,4,negative,1
"Makanan tak sedap dan servis sangat lambat, kami tunggu hampir sejam.",1,negative,0
Visited this tea house in Armenian Street. It offered basic informative signage. An okay stop overall if you are nearby.,2,neutral,0
"do not hate it, pretty good food and nice staff",4,positive,0
"Overrated gila, queue one hour for tasteless cendol and rude cashier.",1,negative,0
Rich in tradition and heritage. Exploring the nasi kandar stall with friendly and attentive service was the highlight of our trip.,2,positive,1
Poorly maintained heritage rooftop lounge in Butterworth. Encountered unclear information and lack of signages and extremely slow and chaotic service.,4,negative,1
"Sederhana sahaja, sesuai untuk singgah sebentar jika lalu di kawasan ini.",3,neutral,0
Incredible historical landmark in Bukit Mertajam. We appreciated the generous portion sizes and friendly and attentive service. Highly recommended!,5,positive,0
Would not return to this nasi kandar stall. The creamy Cendol with fresh coconut milk and Gula Melaka was disappointing and the grossly overpriced tourist trap pricing ruined our mood.,1,negative,0
Servis mantap,5,positive,0
Friendly staff,5,positive,0
"Sangat teruk, tak akan syorkan kepada sesiapa pun untuk datang.",1,negative,0
Poorly maintained heritage bakery in Batu Ferringhi. Encountered confusing ordering process and rude and arrogant staff attitudes.,1,negative,0
非常棒的体验，东西很好吃，分量足且性价比很高。,5,positive,0
Amazing amazing amazing amazing amazing amazing amazing amazing,3,positive,1
"The baba nyonya mansion was decent. There was decent place for a quick photo stop, although an ordinary tourist stop without surprises could be improved.",2,neutral,0
"Biasa sahaja, makanan boleh tahan tapi tiada yang begitu istimewa.",3,neutral,0
Follow my telegram channel and message me for the best promotion code today on whatsapp,4,neutral,1
"Authentic Malaysian taste at its best! The UNESCO heritage indigo courtyards and feng shui architecture in Campbell Street was top tier, plus fast and efficient table turnover.",5,positive,0
"Makanan enak dan harga sangat berpatutan, porsi banyak dan mengenyangkan.",5,positive,0
Disappointing visit to this tea house. Felt neglected with confusing ordering process and very poor visitor guidance.,4,negative,1
"Overhyped tourist stop in Air Itam. The authentic Peranakan Nyonya Laksa was cold, and we had to endure stale ingredients lacking freshness.",5,negative,1
Expected rich cultural insights but was met with limited food options with many items out of stock and rude and arrogant staff attitudes. Would not recommend.,1,negative,0
Tempat okay tapi agak sesak dengan pelancong pada hujung minggu.,3,neutral,0
Incredible historical landmark in Little India. We appreciated the comfortable air-conditioned seating and reasonable and transparent prices. Highly recommended!,5,positive,0
Delicious food,5,positive,0
Place quite nice for photos but parking susah gila around here.,3,neutral,0
Loved every bite of the creamy Cendol with fresh coconut milk and Gula Melaka. The reasonable and transparent prices and comfortable air-conditioned seating made our visit thoroughly enjoyable.,5,positive,0
"not bad la, food sedap and price okay for family",4,positive,0
Excellent service,5,positive,0
11111111111 222222222 33333333333 discount call now,5,neutral,1
态度差,1,negative,0
"Overhyped tourist stop in Balik Pulau. The engaging docents explaining Baba Nyonya family customs was cold, and we had to endure uncomfortable broken seating.",2,negative,0
"Suasana bersih, tenang dan selesa. Pasti akan datang lagi bila ke sini.",5,positive,0
Expected rich cultural insights but was met with poor crowd management and disorganised queues and rude and arrogant staff attitudes. Would not recommend.,2,negative,0
"definitely not disappointed, fantastic experience with family",5,positive,0
Not worth the entrance fee or trip to Chinatown. The main issue was cramped and poorly ventilated space with over an hour waiting time for simple orders.,5,negative,1
"Roti canai crispy gila, kuah kari pekat sedap terangkat!",5,positive,0
An average stop in Tanjung Bungah featuring a relatively brief walking tour. Nothing particularly extraordinary but acceptable.,4,neutral,0
Buy now limited offer discount discount discount contact me for free vouchers,4,neutral,1
Loved every bite of the hand-drawn street art murals and vibrant artisan crafts. The rich authentic flavors and fascinating cultural details and architecture made our visit thoroughly enjoyable.,4,positive,0
Wonderful preservation of Malaysian culture in Air Itam. Noticed the convenient location and easy accessibility and reasonable and transparent prices.,5,positive,0
The succulent satay skewers with thick peanut gravy at this clan jetty in Teluk Bahang was absolutely outstanding! Loved the well organised tour activities and truly memorable and enriching experience.,1,positive,1
Rugi duit,1,negative,0
"Layanan buruk, pekerja malas dan tempat tidak terurus langsung.",1,negative,0
Not worth the entrance fee or trip to Jelutong. The main issue was dirty sticky tables and unwashed utensils with grossly overpriced tourist trap pricing.,1,negative,0
"Senibina klasik Baba Nyonya yang memukau, banyak sudut bergambar menarik.",5,positive,0
"Food cold and tasteless, price like 5 star hotel but hawker standard.",1,negative,0
Such a serene and educational experience at the colonial fort. Impressed by comfortable air-conditioned seating and well organised tour activities.,4,positive,0
Disappointing visit to this coastal cafe. Felt neglected with rude and arrogant staff attitudes and very poor visitor guidance.,2,negative,0
Loved every bite of the spiced Nasi Kandar with dark squid curry and fried chicken. The clear and engaging historical explanations and reasonable and transparent prices made our visit thoroughly enjoyable.,5,positive,0
"Pengalaman yang sangat memuaskan, tempat warisan terpelihara dengan indah.",5,positive,0
Contact +60123456789 for instant cashback and crypto promo discount vouchers,1,neutral,1
Mengecewakan,1,negative,0
Boleh diterima tetapi perlukan penambahbaikan dari segi kemudahan awam.,3,neutral,0
Rude staff,1,negative,0
Excellent service,5,positive,0
Rich in tradition and heritage. Exploring the bakery with rich authentic flavors was the highlight of our trip.,5,positive,0
"tak pernah rasa cendol sesedap ini, santan pekat manis sedang elok",5,positive,0
"Food cold and tasteless, price like 5 star hotel but hawker standard.",1,negative,0
"tidak selesa dan sangat bising, pengurusan teruk",2,negative,0
"Roti canai crispy gila, kuah kari pekat sedap terangkat!",5,positive,0
"Layanan cemerlang, rasa masakan asli turun-temurun sangat mengagumkan!",5,positive,0
风景很美，拍照很好看，全家人都很喜欢这个历史古迹。,5,positive,0
"I don't hate it, in fact the experience was quite good and authentic",4,positive,0
Must visit,5,positive,0
Disappointing visit to this nature trail. Felt neglected with noisy and stressful environment and very poor visitor guidance.,5,negative,1
"not disappointed with the visit, everything was great and tasty",5,positive,0
"Average taste la, standard tourist price and normal portion size.",3,neutral,0
Loved every bite of the fragrant BM Yam Rice with salted vegetable duck soup. The truly memorable and enriching experience and well organised tour activities made our visit thoroughly enjoyable.,5,positive,0
Sangat mengecewakan dan tidak berbaloi dengan harga tiket yang mahal.,1,negative,0
"not acceptable hygiene, found flies in the dining area",1,negative,0
Buy now limited offer discount discount discount contact me for free vouchers,5,neutral,1
"tak menyesal datang sini, semuanya terbaik dan memuaskan",5,positive,0
"do not hate it, pretty good food and nice staff",4,positive,0
Sedap gila,5,positive,0
"Okay la, not bad and not super good either. Standard standard.",3,neutral,0
"Service damn slow, food pun biasa je and overpriced for tourists.",1,negative,0
Claim your free 500 dollar hotel voucher at http://scam-promo.com right now!,3,neutral,1
"Rasa makanan biasa, harga berpatutan dengan saiz hidangan.",3,neutral,0
"tak pernah rasa cendol sesedap ini, santan pekat manis sedang elok",5,positive,0
Very disappointing,1,negative,0
Amazing amazing amazing amazing amazing amazing amazing amazing,5,positive,1
Harga cekik darah! Kena caj tersembunyi yang langsung tak masuk akal.,1,negative,0
"Lekor panas-panas, best gila wei! Must try if you come here!",5,positive,0
"Layanan cemerlang, rasa masakan asli turun-temurun sangat mengagumkan!",5,positive,0
A breathtaking cultural stop in Air Itam! The hand-drawn street art murals and vibrant artisan crafts and fascinating cultural details and architecture made it deeply memorable.,5,positive,0
Standard experience in Batu Ferringhi. Food and service had a moderate selection of local dishes. Convenient for a short rest.,4,neutral,0
An average stop in Little India featuring average waiting times during rush hour. Nothing particularly extraordinary but acceptable.,3,neutral,0
"Staf sangat biadab dan tempat kotor berdebu, tandas tidak dibersihkan.",1,negative,0
"Overrated gila, queue one hour for tasteless cendol and rude cashier.",1,negative,0
Amazing amazing amazing amazing amazing amazing amazing amazing,5,positive,1
态度差,1,negative,0
"Roti canai crispy gila, kuah kari pekat sedap terangkat!",5,positive,0
物超所值，值得推荐给所有来马来西亚旅游的朋友。,5,positive,0
Visit my website https://example-deals.com for cheap packages and free gifts,5,neutral,1
Very disappointed with the majestic 272 steps and cathedral limestone caves at this street mural spot in Armenian Street. We encountered over an hour waiting time for simple orders and grossly overpriced tourist trap pricing.,1,negative,0
差评,1,negative,0
A breathtaking cultural stop in Campbell Street! The UNESCO heritage indigo courtyards and feng shui architecture and well organised tour activities made it deeply memorable.,5,positive,0
Mengecewakan,1,negative,0
"Food cold and tasteless, price like 5 star hotel but hawker standard.",1,negative,0
Wonderful preservation of Malaysian culture in George Town. Noticed the comfortable air-conditioned seating and generous portion sizes.,4,positive,0
"Yam rice soup damn solid bro, salted vege duck soup so comforting!",5,positive,0
"Senibina klasik Baba Nyonya yang memukau, banyak sudut bergambar menarik.",5,positive,0
Amazing amazing amazing amazing amazing amazing amazing amazing,2,positive,1
"Makanan sangat sedap dan staf peramah, layanan terbaik tiada tandingan!",5,positive,0
Tempat warisan bersejarah yang sangat bermakna dan dijaga dengan rapi.,5,positive,0
价格昂贵但质量很差，完全是坑游客的黑店，千万别来。,1,negative,0
"Overhyped tourist stop in Tanjung Bungah. The Char Kway Teow with duck egg and wok hei was cold, and we had to endure over an hour waiting time for simple orders.",1,negative,0
The hand-drawn street art murals and vibrant artisan crafts was tasteless and overpriced. The extremely slow and chaotic service made the dining experience unbearable.,1,negative,0
"A must-try culinary gem in Gurney. The authentic Peranakan Nyonya Laksa was fresh and delicious, accompanied by authentic traditional recipes.",5,positive,0
The engaging docents explaining Baba Nyonya family customs at this coastal cafe in Little India was absolutely outstanding! Loved the reasonable and transparent prices and very helpful and accommodating staff.,4,positive,0
"Terrible meal. The UNESCO heritage indigo courtyards and feng shui architecture lacked flavor and freshness, coupled with grossly overpriced tourist trap pricing and extremely slow and chaotic service.",2,negative,0
"tidak bagus langsung, pengalaman sangat mengecewakan kami",1,negative,0
"Senibina klasik Baba Nyonya yang memukau, banyak sudut bergambar menarik.",5,positive,0
体验非常糟糕，管理混乱，完全不值得花费时间和金钱。,1,negative,0
非常棒的古迹景点，建筑与壁画保存得非常完善。,5,positive,0
asdf qwer zxcv lorem ipsum random review text asdf zxcv,1,neutral,1
"was not impressed, disappointing quality and stale meat",2,negative,0
The engaging docents explaining Baba Nyonya family customs was tasteless and overpriced. The poor crowd management and disorganised queues made the dining experience unbearable.,1,negative,0
Would not return to this clan jetty. The serene coastal breeze and golden sunset views was disappointing and the extremely slow and chaotic service ruined our mood.,1,negative,0
食物很难吃，服务员态度极差，完全不推荐大家来踩雷！,1,negative,0
Such a serene and educational experience at the heritage restaurant. Impressed by convenient location and easy accessibility and fast and efficient table turnover.,5,positive,0
"Layanan cemerlang, rasa masakan asli turun-temurun sangat mengagumkan!",5,positive,0
"Tempat panas dan tidak selesa, kipas rosak dan staf buat endah tak endah.",1,negative,0
The freshly steamed Hainanese Kaya butter toast and kampung eggs at this heritage restaurant in Campbell Street was absolutely outstanding! Loved the truly memorable and enriching experience and rich authentic flavors.,5,positive,0
食物普通，环境还可以，价格算中规中矩。,3,neutral,0
"tidak bagus langsung, pengalaman sangat mengecewakan kami",1,negative,0
Visited this coastal cafe in Balik Pulau. It offered standard basic facilities. An okay stop overall if you are nearby.,4,neutral,0
Such a serene and educational experience at the colonial fort. Impressed by truly memorable and enriching experience and generous portion sizes.,4,positive,0
"Roti canai crispy gila, kuah kari pekat sedap terangkat!",5,positive,0
食物不新鲜，吃完回去肚子不舒服，卫生令人担忧。,1,negative,0
Poorly maintained heritage rooftop lounge in Batu Ferringhi. Encountered noisy and stressful environment and limited food options with many items out of stock.,2,negative,0
"Rasa makanan biasa, harga berpatutan dengan saiz hidangan.",3,neutral,0
"Cendol memang mantap, authentic Penang taste so syok and refreshing!",5,positive,0
Tak sedap,1,negative,0
"Disappointing visit to this clan jetty. Felt neglected with cold, greasy and bland food and very poor visitor guidance.",2,negative,0
食物普通，环境还可以，价格算中规中矩。,3,neutral,0
"Authentic Malaysian taste at its best! The majestic 272 steps and cathedral limestone caves in Jelutong was top tier, plus clear and engaging historical explanations.",1,positive,1
非常失望，排队一个多小时结果食物是冷的而且很难吃。,1,negative,0
"Waited 45 mins just for one plate of fried noodles, never again!",1,negative,0
"Tempat panas dan tidak selesa, kipas rosak dan staf buat endah tak endah.",1,negative,0
态度差,1,negative,0
"Waited 45 mins just for one plate of fried noodles, never again!",1,negative,0
食物非常好吃，服务态度很亲切，非常推荐大家来尝试！,5,positive,0
Loved every bite of the piping hot Kuih Akok and traditional keropok lekor. The beautiful aesthetic presentation and rich authentic flavors made our visit thoroughly enjoyable.,4,positive,0
"Overhyped tourist stop in Little India. The authentic Peranakan Nyonya Laksa was cold, and we had to endure grossly overpriced tourist trap pricing.",1,negative,0
"Senibina klasik Baba Nyonya yang memukau, banyak sudut bergambar menarik.",5,positive,0
"Suasana bersih, tenang dan selesa. Pasti akan datang lagi bila ke sini.",5,positive,0
"A must-try culinary gem in Air Itam. The steamed Nasi Dagang with tender tuna gulai was fresh and delicious, accompanied by comfortable air-conditioned seating.",4,positive,0
Wonderful preservation of Malaysian culture in Butterworth. Noticed the fascinating cultural details and architecture and comfortable air-conditioned seating.,2,positive,1
Such a serene and educational experience at the satay stall. Impressed by fast and efficient table turnover and authentic traditional recipes.,5,positive,0
"Kuah kari cair dan tawar, nasi keras macam tak masak elok.",1,negative,0
Best stop for local food lovers. The fragrant BM Yam Rice with salted vegetable duck soup exceeded expectations with beautiful aesthetic presentation. Will come back!,4,positive,0
"Murah and sedap, really worth the visit for genuine foodies.",5,positive,0
非常棒的古迹景点，建筑与壁画保存得非常完善。,5,positive,0
Very disappointed with the hand-drawn street art murals and vibrant artisan crafts at this cultural gallery in Bukit Mertajam. We encountered uncomfortable broken seating and rude and arrogant staff attitudes.,1,negative,0
Such a serene and educational experience at the kopitiam. Impressed by reasonable and transparent prices and freshly prepared hot food.,4,positive,0
An average stop in George Town featuring a relatively brief walking tour. Nothing particularly extraordinary but acceptable.,3,neutral,0
"tak best langsung, rugi masa dan duit datang jauh-jauh",1,negative,0
Bad bad bad bad bad bad bad bad bad bad bad,4,negative,1
Such a serene and educational experience at the temple garden. Impressed by truly memorable and enriching experience and generous portion sizes.,2,positive,1
"did not like it, very confusing and disorganized place",1,negative,0
"A must-try culinary gem in Balik Pulau. The majestic 272 steps and cathedral limestone caves was fresh and delicious, accompanied by rich authentic flavors.",5,positive,0
"Overhyped tourist stop in Little India. The UNESCO heritage indigo courtyards and feng shui architecture was cold, and we had to endure noisy and stressful environment.",1,negative,0
"Dirty tables everywhere, damn disgusting experience and smelly toilet.",1,negative,0
Bad food,1,negative,0
"Terrible meal. The steamed Nasi Dagang with tender tuna gulai lacked flavor and freshness, coupled with rude and arrogant staff attitudes and unclear information and lack of signages.",5,negative,1
Tempat okay tapi agak sesak dengan pelancong pada hujung minggu.,3,neutral,0
Such a serene and educational experience at the nasi kandar stall. Impressed by reasonable and transparent prices and clear and engaging historical explanations.,4,positive,0
Such a serene and educational experience at the kopitiam. Impressed by very helpful and accommodating staff and beautiful aesthetic presentation.,5,positive,0
"Terrible meal. The majestic 272 steps and cathedral limestone caves lacked flavor and freshness, coupled with unclear information and lack of signages and cold, greasy and bland food.",1,negative,0
"Overhyped tourist stop in Gurney. The spiced Nasi Kandar with dark squid curry and fried chicken was cold, and we had to endure cold, greasy and bland food.",1,negative,0
Place quite nice for photos but parking susah gila around here.,3,neutral,0
Best stop for local food lovers. The serene coastal breeze and golden sunset views exceeded expectations with very helpful and accommodating staff. Will come back!,4,positive,0
管理混乱，排队毫无秩序，态度极其恶劣差劲。,1,negative,0
炒粿条镬气十足，鸭蛋香味浓郁，虾肉新鲜弹牙！,5,positive,0
"Pilihan kuih agak terhad waktu petang, tetapi rasanya boleh dimakan.",3,neutral,0
"not bad la, food sedap and price okay for family",4,positive,0
"never had any issue here, consistently delicious and fresh",5,positive,0
"Pengurusan sangat lemah, beratur panjang tanpa penerangan jelas.",1,negative,0
Such a serene and educational experience at the coastal cafe. Impressed by generous portion sizes and fascinating cultural details and architecture.,4,positive,0
The spiced Nasi Kandar with dark squid curry and fried chicken was tasteless and overpriced. The limited food options with many items out of stock made the dining experience unbearable.,2,negative,0
Incredible historical landmark in Chinatown. We appreciated the clean and well-maintained environment and very helpful and accommodating staff. Highly recommended!,2,positive,1
"The colonial fort was decent. There was standard basic facilities, although acceptable food quality for the price could be improved.",3,neutral,0
An average stop in Little India featuring acceptable food quality for the price. Nothing particularly extraordinary but acceptable.,3,neutral,0
"not disappointed with the visit, everything was great and tasty",5,positive,0
Clean and tidy,4,positive,0
Not worth the entrance fee or trip to Campbell Street. The main issue was poor crowd management and disorganised queues with over an hour waiting time for simple orders.,5,negative,1
"Nasi kandar padu, kuah campur pekat dan ayam goreng berempah rangup!",5,positive,0
"Yam rice soup damn solid bro, salted vege duck soup so comforting!",5,positive,0
"never had any issue here, consistently delicious and fresh",5,positive,0
Expected rich cultural insights but was met with stale ingredients lacking freshness and confusing ordering process. Would not recommend.,4,negative,1
Expected rich cultural insights but was met with confusing ordering process and noisy and stressful environment. Would not recommend.,5,negative,1
Harga mahal melampau tapi kualiti teruk dan mengecewakan selera.,1,negative,0
Wonderful preservation of Malaysian culture in Little India. Noticed the fascinating cultural details and architecture and freshly prepared hot food.,4,positive,0
食物非常好吃，服务态度很亲切，非常推荐大家来尝试！,5,positive,0
Poorly maintained heritage temple garden in Chinatown. Encountered extremely slow and chaotic service and over an hour waiting time for simple orders.,4,negative,1
"do not hate it, pretty good food and nice staff",4,positive,0
"not an ordinary meal, truly sensational flavors and great hospitality",5,positive,0
The majestic 272 steps and cathedral limestone caves was tasteless and overpriced. The cramped and poorly ventilated space made the dining experience unbearable.,5,negative,1
Best stop for local food lovers. The piping hot Kuih Akok and traditional keropok lekor exceeded expectations with friendly and attentive service. Will come back!,4,positive,0
Rich in tradition and heritage. Exploring the street mural spot with authentic traditional recipes was the highlight of our trip.,1,positive,1
"Terrible meal. The creamy Cendol with fresh coconut milk and Gula Melaka lacked flavor and freshness, coupled with grossly overpriced tourist trap pricing and uncomfortable broken seating.",1,negative,0
非常失望，排队一个多小时结果食物是冷的而且很难吃。,1,negative,0
"Hancur mood, cashier buat muka masam and rude when taking orders.",1,negative,0
环境优美古色古香，员工很有礼貌，值得带家人再来。,5,positive,0
"Overhyped tourist stop in Gurney. The crispy Roti Canai with aromatic dhal and mutton curry was cold, and we had to endure unclear information and lack of signages.",2,negative,0
"Terrible meal. The fragrant BM Yam Rice with salted vegetable duck soup lacked flavor and freshness, coupled with uncomfortable broken seating and poor crowd management and disorganised queues.",1,negative,0
Poorly maintained heritage street mural spot in Chinatown. Encountered poor crowd management and disorganised queues and extremely slow and chaotic service.,4,negative,1
"Makanan enak dan harga sangat berpatutan, porsi banyak dan mengenyangkan.",5,positive,0
An average stop in Campbell Street featuring a relatively brief walking tour. Nothing particularly extraordinary but acceptable.,3,neutral,0
"Makanan enak dan harga sangat berpatutan, porsi banyak dan mengenyangkan.",5,positive,0
"Terrible meal. The engaging docents explaining Baba Nyonya family customs lacked flavor and freshness, coupled with over an hour waiting time for simple orders and limited food options with many items out of stock.",2,negative,0
很棒,5,positive,0
"tak best langsung, rugi masa dan duit datang jauh-jauh",1,negative,0
Place quite nice for photos but parking susah gila around here.,3,neutral,0
整体还行，周末游客比较多，稍微有点拥挤。,3,neutral,0
"not bad at all, really enjoyed the heritage atmosphere and friendly guide",4,positive,0
An average stop in Bayan Lepas featuring basic informative signage. Nothing particularly extraordinary but acceptable.,3,neutral,0
asdf qwer zxcv lorem ipsum random review text asdf zxcv,1,neutral,1
Disappointing visit to this rooftop lounge. Felt neglected with noisy and stressful environment and very poor visitor guidance.,2,negative,0
"went without any problems, staff was super helpful and caring",5,positive,0
Poorly maintained heritage street mural spot in Batu Ferringhi. Encountered limited food options with many items out of stock and extremely slow and chaotic service.,1,negative,0
Follow my telegram channel and message me for the best promotion code today on whatsapp,3,neutral,1
"Nasi kandar padu, kuah campur pekat dan ayam goreng berempah rangup!",5,positive,0
"Tempat panas dan tidak selesa, kipas rosak dan staf buat endah tak endah.",1,negative,0
Incredible historical landmark in Air Itam. We appreciated the freshly prepared hot food and authentic traditional recipes. Highly recommended!,4,positive,0
Rich in tradition and heritage. Exploring the curated museum with well organised tour activities was the highlight of our trip.,2,positive,1
The authentic Peranakan Nyonya Laksa at this curated museum in Bukit Mertajam was absolutely outstanding! Loved the comfortable air-conditioned seating and rich authentic flavors.,5,positive,0
Expected rich cultural insights but was met with extremely slow and chaotic service and poor crowd management and disorganised queues. Would not recommend.,1,negative,0
"Authentic Malaysian taste at its best! The serene coastal breeze and golden sunset views in Teluk Bahang was top tier, plus well organised tour activities.",5,positive,0
难吃,1,negative,0
"never coming back here again, awful experience from start to end",1,negative,0
Tempat yang cantik dan sangat berbaloi untuk dikunjungi bersama keluarga.,5,positive,0
Follow my telegram channel and message me for the best promotion code today on whatsapp,2,neutral,1
Harga mahal melampau tapi kualiti teruk dan mengecewakan selera.,1,negative,0
"it wasn't terrible, actually quite decent and pleasant for lunch",4,positive,0
"Place nice gila, staff very friendly and polite throughout our visit.",5,positive,0
环境优美古色古香，员工很有礼貌，值得带家人再来。,5,positive,0
"Nasi kandar padu, kuah campur pekat dan ayam goreng berempah rangup!",5,positive,0
态度差,1,negative,0
An average stop in George Town featuring standard basic facilities. Nothing particularly extraordinary but acceptable.,3,neutral,0
"Overrated gila, queue one hour for tasteless cendol and rude cashier.",1,negative,0
Claim your free 500 dollar hotel voucher at http://scam-promo.com right now!,4,neutral,1
马马虎虎，算是一个普通的打卡景点吧，顺路可以看看。,3,neutral,0
Lokasi strategik dan tempat menarik untuk pelancong yang sukakan seni warisan.,4,positive,0
Loved every bite of the engaging docents explaining Baba Nyonya family customs. The convenient location and easy accessibility and freshly prepared hot food made our visit thoroughly enjoyable.,5,positive,0
"Super nice heritage vibes, staff helpful gila and knowledgeable.",5,positive,0
Dirty place,1,negative,0
Tak sedap,1,negative,0
Loved every bite of the majestic 272 steps and cathedral limestone caves. The comfortable air-conditioned seating and fast and efficient table turnover made our visit thoroughly enjoyable.,2,positive,1
娘惹糕点色彩缤纷口感细腻，椰香十足，必吃推荐！,5,positive,0
"Senibina klasik Baba Nyonya yang memukau, banyak sudut bergambar menarik.",5,positive,0
"Dirty tables everywhere, damn disgusting experience and smelly toilet.",1,negative,0
卫生条件很差，桌子油腻腻的，服务态度傲慢无礼。,1,negative,0
卫生条件很差，桌子油腻腻的，服务态度傲慢无礼。,1,negative,0
价格昂贵但质量很差，完全是坑游客的黑店，千万别来。,1,negative,0
Incredible food experience in Air Itam! The serene coastal breeze and golden sunset views had unmatched authentic flavors and beautiful aesthetic presentation.,1,positive,1
Poorly maintained heritage heritage restaurant in Batu Ferringhi. Encountered rude and arrogant staff attitudes and poor crowd management and disorganised queues.,1,negative,0
"Food cold and tasteless, price like 5 star hotel but hawker standard.",1,negative,0
Amazing amazing amazing amazing amazing amazing amazing amazing,3,positive,1
食物普通，环境还可以，价格算中规中矩。,3,neutral,0
"Super nice heritage vibes, staff helpful gila and knowledgeable.",5,positive,0
食物很难吃，服务员态度极差，完全不推荐大家来踩雷！,1,negative,0
"Terrible meal. The succulent satay skewers with thick peanut gravy lacked flavor and freshness, coupled with grossly overpriced tourist trap pricing and cramped and poorly ventilated space.",1,negative,0
"not great at all, waited one hour for cold and soggy food",1,negative,0
"Nothing special la, can try once if you are walking nearby.",3,neutral,0
"The spice garden was decent. There was acceptable food quality for the price, although basic informative signage could be improved.",4,neutral,0
"Terrible meal. The UNESCO heritage indigo courtyards and feng shui architecture lacked flavor and freshness, coupled with over an hour waiting time for simple orders and unclear information and lack of signages.",1,negative,0
食物很难吃，服务员态度极差，完全不推荐大家来踩雷！,1,negative,0
"tak mengecewakan, makanan sedap dan servis bagus sangat",5,positive,0
Service tip top and food comes super fast. Truly steady la!,5,positive,0
干净卫生，上菜速度快，整体用餐体验非常满意。,4,positive,0
管理混乱，排队毫无秩序，态度极其恶劣差劲。,1,negative,0
Incredible historical landmark in Bukit Mertajam. We appreciated the truly memorable and enriching experience and friendly and attentive service. Highly recommended!,4,positive,0
Best stop for local food lovers. The crispy Roti Canai with aromatic dhal and mutton curry exceeded expectations with freshly prepared hot food. Will come back!,5,positive,0
"Pilihan kuih agak terhad waktu petang, tetapi rasanya boleh dimakan.",3,neutral,0
"Pengalaman standard, harga sederhana dan servis bersahaja.",3,neutral,0
Pemandangan indah dan staf banyak membantu memberi penerangan sejarah.,5,positive,0
A breathtaking cultural stop in Bayan Lepas! The crispy Roti Canai with aromatic dhal and mutton curry and rich authentic flavors made it deeply memorable.,5,positive,0
"Terrible meal. The piping hot Kuih Akok and traditional keropok lekor lacked flavor and freshness, coupled with dirty sticky tables and unwashed utensils and unclear information and lack of signages.",4,negative,1
非常棒的体验，东西很好吃，分量足且性价比很高。,5,positive,0
"Cendol okay je, nothing much to shout about but cools you down.",3,neutral,0
"Authentic Malaysian taste at its best! The Char Kway Teow with duck egg and wok hei in Campbell Street was top tier, plus convenient location and easy accessibility.",5,positive,0
环境优美古色古香，员工很有礼貌，值得带家人再来。,5,positive,0
"Nothing special la, can try once if you are walking nearby.",3,neutral,0
Visited this nasi kandar stall in George Town. It offered decent place for a quick photo stop. An okay stop overall if you are nearby.,4,neutral,0
"Food boleh la, but service a bit slow during weekend rush.",3,neutral,0
"not disappointed with the visit, everything was great and tasty",5,positive,0
Very disappointed with the serene coastal breeze and golden sunset views at this craft studio in Bayan Lepas. We encountered unclear information and lack of signages and stale ingredients lacking freshness.,2,negative,0
"not good, very rude staff and dirty tables everywhere",1,negative,0
Tempat kotor,1,negative,0
"Nasi lemak bungkus sambal padu, aroma daun pisang wangian asli.",5,positive,0
Wonderful preservation of Malaysian culture in Batu Ferringhi. Noticed the truly memorable and enriching experience and well organised tour activities.,4,positive,0
Visited this curated museum in Teluk Bahang. It offered a simple and functional seating layout. An okay stop overall if you are nearby.,2,neutral,0
Pekerja bermasam muka dan berkira bila minta sudu tambahan.,1,negative,0
"tidak menyesal melawat tempat ini, pengalaman menarik dan berilmu",5,positive,0
"Super nice heritage vibes, staff helpful gila and knowledgeable.",5,positive,0
asdf qwer zxcv lorem ipsum random review text asdf zxcv,2,neutral,1
赞,5,positive,0
"Overhyped tourist stop in Balik Pulau. The UNESCO heritage indigo courtyards and feng shui architecture was cold, and we had to endure confusing ordering process.",1,negative,0
食物非常好吃，服务态度很亲切，非常推荐大家来尝试！,5,positive,0
Visit my website https://example-deals.com for cheap packages and free gifts,5,neutral,1
A breathtaking cultural stop in Armenian Street! The spiced Nasi Kandar with dark squid curry and fried chicken and convenient location and easy accessibility made it deeply memorable.,5,positive,0
Very good place,5,positive,0
"tak sedap langsung, makanan sejuk dan masin melampau",1,negative,0
"not acceptable hygiene, found flies in the dining area",1,negative,0
Standard experience in George Town. Food and service had acceptable food quality for the price. Convenient for a short rest.,4,neutral,0
非常棒的体验，东西很好吃，分量足且性价比很高。,5,positive,0
Not worth the entrance fee or trip to Batu Ferringhi. The main issue was rude and arrogant staff attitudes with confusing ordering process.,1,negative,0
Fair experience overall with standard kopitiam ambiance. Suits travelers who just want a brief stop.,4,neutral,0
Amazing amazing amazing amazing amazing amazing amazing amazing,1,positive,1
Place quite nice for photos but parking susah gila around here.,3,neutral,0
Fair experience overall with an ordinary tourist stop without surprises. Suits travelers who just want a brief stop.,3,neutral,0
Poorly maintained heritage spice garden in Chinatown. Encountered noisy and stressful environment and limited food options with many items out of stock.,1,negative,0
Wonderful preservation of Malaysian culture in Gurney. Noticed the friendly and attentive service and clean and well-maintained environment.,5,positive,0
Loved every bite of the piping hot Kuih Akok and traditional keropok lekor. The clear and engaging historical explanations and reasonable and transparent prices made our visit thoroughly enjoyable.,4,positive,0
"Yam rice soup damn solid bro, salted vege duck soup so comforting!",5,positive,0
Visit my website https://example-deals.com for cheap packages and free gifts,1,neutral,1
Fair experience overall with a relatively brief walking tour. Suits travelers who just want a brief stop.,3,neutral,0
Tempat okay tapi agak sesak dengan pelancong pada hujung minggu.,3,neutral,0
"Staf sangat biadab dan tempat kotor berdebu, tandas tidak dibersihkan.",1,negative,0
"Super nice heritage vibes, staff helpful gila and knowledgeable.",5,positive,0
"tak bagus, servis lambat gila dan tempat berbau hapak",1,negative,0
"Keropok lekor panas gebu, sos pencicah manis pedas memang ngam.",5,positive,0
食物普通，环境还可以，价格算中规中矩。,3,neutral,0
Wonderful preservation of Malaysian culture in Air Itam. Noticed the friendly and attentive service and rich authentic flavors.,5,positive,0
"Makan not nice, price mahal gila and staff sombong nak mampus.",1,negative,0
"Kuah kari cair dan tawar, nasi keras macam tak masak elok.",1,negative,0
物超所值，值得推荐给所有来马来西亚旅游的朋友。,5,positive,0
Incredible food experience in George Town! The Char Kway Teow with duck egg and wok hei had unmatched authentic flavors and beautiful aesthetic presentation.,1,positive,1
Expected rich cultural insights but was met with stale ingredients lacking freshness and grossly overpriced tourist trap pricing. Would not recommend.,2,negative,0
炒粿条镬气十足，鸭蛋香味浓郁，虾肉新鲜弹牙！,5,positive,0
Incredible food experience in George Town! The Char Kway Teow with duck egg and wok hei had unmatched authentic flavors and freshly prepared hot food.,2,positive,1
马马虎虎，算是一个普通的打卡景点吧，顺路可以看看。,3,neutral,0
An average stop in Chinatown featuring an ordinary tourist stop without surprises. Nothing particularly extraordinary but acceptable.,2,neutral,0
Amazing amazing amazing amazing amazing amazing amazing amazing,4,positive,1
"Cendol pulut terbaik di George Town, manis berlemak santan segar.",5,positive,0
Such a serene and educational experience at the colonial fort. Impressed by clear and engaging historical explanations and generous portion sizes.,5,positive,0
Worth visiting,5,positive,0
Rugi duit,1,negative,0
"Nothing special la, can try once if you are walking nearby.",3,neutral,0
Very disappointed with the engaging docents explaining Baba Nyonya family customs at this rooftop lounge in Teluk Bahang. We encountered dirty sticky tables and unwashed utensils and limited food options with many items out of stock.,4,negative,1
极其恶劣的体验，千万别来浪费宝贵的旅游假期。,1,negative,0
Not worth the entrance fee or trip to George Town. The main issue was extremely slow and chaotic service with unclear information and lack of signages.,1,negative,0
Terrible service,1,negative,0
Standard experience in Little India. Food and service had an ordinary tourist stop without surprises. Convenient for a short rest.,3,neutral,0
"tak menghampakan, memang berbaloi singgah sini makan malam",5,positive,0
"Rasa makanan biasa, harga berpatutan dengan saiz hidangan.",3,neutral,0
"Sederhana sahaja, sesuai untuk singgah sebentar jika lalu di kawasan ini.",3,neutral,0
Incredible food experience in Jelutong! The authentic Peranakan Nyonya Laksa had unmatched authentic flavors and freshly prepared hot food.,4,positive,0
Wonderful preservation of Malaysian culture in Jelutong. Noticed the clean and well-maintained environment and comfortable air-conditioned seating.,4,positive,0
"Yam rice soup damn solid bro, salted vege duck soup so comforting!",5,positive,0
"Nasi lemak bungkus sambal padu, aroma daun pisang wangian asli.",5,positive,0
"Sangat teruk, tak akan syorkan kepada sesiapa pun untuk datang.",1,negative,0
Best stop for local food lovers. The steamed Nasi Dagang with tender tuna gulai exceeded expectations with freshly prepared hot food. Will come back!,5,positive,0
"Makanan enak dan harga sangat berpatutan, porsi banyak dan mengenyangkan.",5,positive,0
又贵又难吃，环境脏乱差，给一颗星都嫌多！,1,negative,0
Free bitcoin giveaway click http://crypto-win.xyz fast before ended,5,neutral,1
"Overrated gila, queue one hour for tasteless cendol and rude cashier.",1,negative,0
非常棒的古迹景点，建筑与壁画保存得非常完善。,5,positive,0
"Pengalaman yang sangat memuaskan, tempat warisan terpelihara dengan indah.",5,positive,0
asdf qwer zxcv lorem ipsum random review text asdf zxcv,1,neutral,1
Such a serene and educational experience at the baba nyonya mansion. Impressed by clear and engaging historical explanations and comfortable air-conditioned seating.,1,positive,1
Best stop for local food lovers. The hand-drawn street art murals and vibrant artisan crafts exceeded expectations with fast and efficient table turnover. Will come back!,1,positive,1
The fragrant BM Yam Rice with salted vegetable duck soup at this nasi kandar stall in Bayan Lepas was absolutely outstanding! Loved the well organised tour activities and convenient location and easy accessibility.,5,positive,0
干净卫生，上菜速度快，整体用餐体验非常满意。,4,positive,0
体验非常糟糕，管理混乱，完全不值得花费时间和金钱。,1,negative,0
"Very bad experience la, rugi duit and time wasted sitting there.",1,negative,0
Would not return to this nasi kandar stall. The hand-drawn street art murals and vibrant artisan crafts was disappointing and the cramped and poorly ventilated space ruined our mood.,5,negative,1
"Food cold and tasteless, price like 5 star hotel but hawker standard.",1,negative,0
An average stop in Chinatown featuring a relatively brief walking tour. Nothing particularly extraordinary but acceptable.,3,neutral,0
Visit my website https://example-deals.com for cheap packages and free gifts,2,neutral,1
Worth visiting,5,positive,0
炒粿条镬气十足，鸭蛋香味浓郁，虾肉新鲜弹牙！,5,positive,0
"Rugi masa datang sini, langsung tiada apa yang menarik seperti diiklan.",1,negative,0
Wonderful preservation of Malaysian culture in Jelutong. Noticed the comfortable air-conditioned seating and friendly and attentive service.,5,positive,0
Delicious food,5,positive,0
Standard experience in Butterworth. Food and service had average waiting times during rush hour. Convenient for a short rest.,3,neutral,0
太脏了,1,negative,0
Hancur,1,negative,0
"The night market bazaar was decent. There was average waiting times during rush hour, although standard kopitiam ambiance could be improved.",2,neutral,0
Loved every bite of the steamed Nasi Dagang with tender tuna gulai. The rich authentic flavors and very helpful and accommodating staff made our visit thoroughly enjoyable.,5,positive,0
Expected rich cultural insights but was met with unclear information and lack of signages and grossly overpriced tourist trap pricing. Would not recommend.,2,negative,0
"Nothing special la, can try once if you are walking nearby.",3,neutral,0
"Rugi masa datang sini, langsung tiada apa yang menarik seperti diiklan.",1,negative,0
Not worth the entrance fee or trip to Campbell Street. The main issue was stale ingredients lacking freshness with extremely slow and chaotic service.,1,negative,0
"Hancur mood, cashier buat muka masam and rude when taking orders.",1,negative,0
"Biasa sahaja, makanan boleh tahan tapi tiada yang begitu istimewa.",3,neutral,0
Tempat okay tapi agak sesak dengan pelancong pada hujung minggu.,3,neutral,0
"Service damn slow, food pun biasa je and overpriced for tourists.",1,negative,0
Wonderful preservation of Malaysian culture in Teluk Bahang. Noticed the very helpful and accommodating staff and rich authentic flavors.,5,positive,0
"The curated museum was decent. There was standard kopitiam ambiance, although decent place for a quick photo stop could be improved.",3,neutral,0
"Makanan tak sedap dan servis sangat lambat, kami tunggu hampir sejam.",1,negative,0
Best stop for local food lovers. The serene coastal breeze and golden sunset views exceeded expectations with fascinating cultural details and architecture. Will come back!,5,positive,0
Claim your free 500 dollar hotel voucher at http://scam-promo.com right now!,4,neutral,1
Boleh diterima tetapi perlukan penambahbaikan dari segi kemudahan awam.,3,neutral,0
Very disappointed with the spiced Nasi Kandar with dark squid curry and fried chicken at this clan jetty in Campbell Street. We encountered stale ingredients lacking freshness and unclear information and lack of signages.,1,negative,0
"Yam rice soup damn solid bro, salted vege duck soup so comforting!",5,positive,0
Pemandangan indah dan staf banyak membantu memberi penerangan sejarah.,5,positive,0
Visited this kopitiam in Little India. It offered a moderate selection of local dishes. An okay stop overall if you are nearby.,4,neutral,0
"Terrible meal. The authentic Peranakan Nyonya Laksa lacked flavor and freshness, coupled with uncomfortable broken seating and stale ingredients lacking freshness.",4,negative,1
Tempat yang cantik dan sangat berbaloi untuk dikunjungi bersama keluarga.,5,positive,0
Fair experience overall with a moderate selection of local dishes. Suits travelers who just want a brief stop.,3,neutral,0
Incredible historical landmark in Butterworth. We appreciated the rich authentic flavors and clear and engaging historical explanations. Highly recommended!,5,positive,0
食物不新鲜，吃完回去肚子不舒服，卫生令人担忧。,1,negative,0
Best stop for local food lovers. The hand-drawn street art murals and vibrant artisan crafts exceeded expectations with authentic traditional recipes. Will come back!,4,positive,0
Incredible food experience in Batu Ferringhi! The spiced Nasi Kandar with dark squid curry and fried chicken had unmatched authentic flavors and generous portion sizes.,4,positive,0
Amazing amazing amazing amazing amazing amazing amazing amazing,3,positive,1
Wonderful preservation of Malaysian culture in Armenian Street. Noticed the clear and engaging historical explanations and well organised tour activities.,5,positive,0
The authentic Peranakan Nyonya Laksa at this street mural spot in Jelutong was absolutely outstanding! Loved the truly memorable and enriching experience and freshly prepared hot food.,5,positive,0
Incredible food experience in Bukit Mertajam! The fragrant BM Yam Rice with salted vegetable duck soup had unmatched authentic flavors and well organised tour activities.,2,positive,1
Buy now limited offer discount discount discount contact me for free vouchers,4,neutral,1
A breathtaking cultural stop in Bukit Mertajam! The fragrant BM Yam Rice with salted vegetable duck soup and rich authentic flavors made it deeply memorable.,4,positive,0
Loved every bite of the creamy Cendol with fresh coconut milk and Gula Melaka. The authentic traditional recipes and clean and well-maintained environment made our visit thoroughly enjoyable.,4,positive,0
Disappointing visit to this clan jetty. Felt neglected with grossly overpriced tourist trap pricing and very poor visitor guidance.,2,negative,0
"Suasana bersih, tenang dan selesa. Pasti akan datang lagi bila ke sini.",5,positive,0
Visit my website https://example-deals.com for cheap packages and free gifts,1,neutral,1
Very good place,5,positive,0
"Mantap gila place, very instagrammable and peaceful to chill out.",4,positive,0
"A must-try culinary gem in Campbell Street. The freshly steamed Hainanese Kaya butter toast and kampung eggs was fresh and delicious, accompanied by fast and efficient table turnover.",5,positive,0
An average stop in Butterworth featuring average waiting times during rush hour. Nothing particularly extraordinary but acceptable.,3,neutral,0
"Food sedap gila and the ambience was top notch, totally recommended!",5,positive,0
"Terrible meal. The engaging docents explaining Baba Nyonya family customs lacked flavor and freshness, coupled with poor crowd management and disorganised queues and noisy and stressful environment.",5,negative,1
Best stop for local food lovers. The crispy Roti Canai with aromatic dhal and mutton curry exceeded expectations with friendly and attentive service. Will come back!,4,positive,0
Lokasi strategik dan tempat menarik untuk pelancong yang sukakan seni warisan.,4,positive,0
Visited this spice garden in Teluk Bahang. It offered decent place for a quick photo stop. An okay stop overall if you are nearby.,3,neutral,0
赞,5,positive,0
Loved every bite of the intricate Chinese dragon wood carvings and granite courtyards. The fascinating cultural details and architecture and rich authentic flavors made our visit thoroughly enjoyable.,4,positive,0
"Overhyped tourist stop in Balik Pulau. The UNESCO heritage indigo courtyards and feng shui architecture was cold, and we had to endure noisy and stressful environment.",1,negative,0
Servis teruk,1,negative,0
态度差,1,negative,0
"Dirty tables everywhere, damn disgusting experience and smelly toilet.",1,negative,0
"definitely not disappointed, fantastic experience with family",5,positive,0
"not bad, quite liked the food and friendly service",4,positive,0
"Yam rice soup damn solid bro, salted vege duck soup so comforting!",5,positive,0
"Roti canai crispy gila, kuah kari pekat sedap terangkat!",5,positive,0
物超所值，值得推荐给所有来马来西亚旅游的朋友。,5,positive,0
Visited this street mural spot in Balik Pulau. It offered acceptable food quality for the price. An okay stop overall if you are nearby.,3,neutral,0
味道一般般，没有网络上吹捧得那么惊艳。,3,neutral,0
Incredible food experience in Teluk Bahang! The creamy Cendol with fresh coconut milk and Gula Melaka had unmatched authentic flavors and truly memorable and enriching experience.,5,positive,0
"Overhyped tourist stop in Tanjung Bungah. The hand-drawn street art murals and vibrant artisan crafts was cold, and we had to endure uncomfortable broken seating.",4,negative,1
"Pengurusan sangat lemah, beratur panjang tanpa penerangan jelas.",1,negative,0
"tak segar langsung lauk pauk, rasa macam makanan semalam",1,negative,0
Visited this baba nyonya mansion in Bayan Lepas. It offered average waiting times during rush hour. An okay stop overall if you are nearby.,3,neutral,0
Clean and tidy,4,positive,0
Very tasty,5,positive,0
Wonderful preservation of Malaysian culture in Campbell Street. Noticed the authentic traditional recipes and convenient location and easy accessibility.,5,positive,0
"Cendol okay je, nothing much to shout about but cools you down.",3,neutral,0
Get unlimited followers and likes fast dm on instagram @promo_bot_now,1,neutral,1
Rich in tradition and heritage. Exploring the street mural spot with well organised tour activities was the highlight of our trip.,5,positive,0
"Terrible meal. The hand-drawn street art murals and vibrant artisan crafts lacked flavor and freshness, coupled with rude and arrogant staff attitudes and cramped and poorly ventilated space.",1,negative,0
"do not hate it, pretty good food and nice staff",4,positive,0
"Cendol okay je, nothing much to shout about but cools you down.",3,neutral,0
Expected rich cultural insights but was met with grossly overpriced tourist trap pricing and uncomfortable broken seating. Would not recommend.,1,negative,0
"tak best langsung, rugi masa dan duit datang jauh-jauh",1,negative,0
"Biasa sahaja, makanan boleh tahan tapi tiada yang begitu istimewa.",3,neutral,0
Very disappointed with the majestic 272 steps and cathedral limestone caves at this street mural spot in Chinatown. We encountered uncomfortable broken seating and poor crowd management and disorganised queues.,1,negative,0
"tidak menghampakan, layanan staf sangat mesra dan prihatin",5,positive,0
Lokasi strategik dan tempat menarik untuk pelancong yang sukakan seni warisan.,4,positive,0
"tak segar langsung lauk pauk, rasa macam makanan semalam",1,negative,0
Must visit,5,positive,0
The piping hot Kuih Akok and traditional keropok lekor was tasteless and overpriced. The uncomfortable broken seating made the dining experience unbearable.,1,negative,0
"Murah and sedap, really worth the visit for genuine foodies.",5,positive,0
Loved every bite of the steamed Nasi Dagang with tender tuna gulai. The clean and well-maintained environment and clear and engaging historical explanations made our visit thoroughly enjoyable.,5,positive,0
Wonderful preservation of Malaysian culture in Balik Pulau. Noticed the well organised tour activities and friendly and attentive service.,5,positive,0
服务非常慢，等了快一个小时都没人理，催单还给脸色看。,1,negative,0
"Wait so long for cold food, totally tak worth it and bad mood.",1,negative,0
The UNESCO heritage indigo courtyards and feng shui architecture was tasteless and overpriced. The unclear information and lack of signages made the dining experience unbearable.,4,negative,1
Claim your free 500 dollar hotel voucher at http://scam-promo.com right now!,4,neutral,1
难吃,1,negative,0
不推荐,1,negative,0
中规中矩，无功无过，适合路过时简单吃个便饭。,3,neutral,0
"Roti canai crispy gila, kuah kari pekat sedap terangkat!",5,positive,0
"Lekor panas-panas, best gila wei! Must try if you come here!",5,positive,0
"Staf sangat biadab dan tempat kotor berdebu, tandas tidak dibersihkan.",1,negative,0
"Murah and sedap, really worth the visit for genuine foodies.",5,positive,0
Amazing amazing amazing amazing amazing amazing amazing amazing,1,positive,1
"did not like it, very confusing and disorganized place",1,negative,0
Rich in tradition and heritage. Exploring the night market bazaar with truly memorable and enriching experience was the highlight of our trip.,1,positive,1
"Food sedap gila and the ambience was top notch, totally recommended!",5,positive,0
"Cendol memang mantap, authentic Penang taste so syok and refreshing!",5,positive,0
"Food boleh la, but service a bit slow during weekend rush.",3,neutral,0
Free bitcoin giveaway click http://crypto-win.xyz fast before ended,4,neutral,1
"Pengalaman yang sangat memuaskan, tempat warisan terpelihara dengan indah.",5,positive,0
"Overhyped tourist stop in Jelutong. The hand-drawn street art murals and vibrant artisan crafts was cold, and we had to endure extremely slow and chaotic service.",2,negative,0
Incredible historical landmark in Air Itam. We appreciated the reasonable and transparent prices and friendly and attentive service. Highly recommended!,5,positive,0
"not bad, quite liked the food and friendly service",4,positive,0
炒粿条镬气十足，鸭蛋香味浓郁，虾肉新鲜弹牙！,5,positive,0
"Cendol pulut terbaik di George Town, manis berlemak santan segar.",5,positive,0
"Dirty tables everywhere, damn disgusting experience and smelly toilet.",1,negative,0
Very disappointing,1,negative,0
"Senibina klasik Baba Nyonya yang memukau, banyak sudut bergambar menarik.",5,positive,0
Very good place,5,positive,0
The steamed Nasi Dagang with tender tuna gulai was tasteless and overpriced. The poor crowd management and disorganised queues made the dining experience unbearable.,1,negative,0
"Kuah kari cair dan tawar, nasi keras macam tak masak elok.",1,negative,0
"Nasi kandar padu, kuah campur pekat dan ayam goreng berempah rangup!",5,positive,0
"tidak mengecewakan, tempat bersejarah yang menarik dan bersih",4,positive,0
Rich in tradition and heritage. Exploring the tea house with reasonable and transparent prices was the highlight of our trip.,5,positive,0
风景很美，拍照很好看，全家人都很喜欢这个历史古迹。,5,positive,0
Pemandangan indah dan staf banyak membantu memberi penerangan sejarah.,5,positive,0
Very disappointed with the spiced Nasi Kandar with dark squid curry and fried chicken at this heritage restaurant in Chinatown. We encountered cramped and poorly ventilated space and poor crowd management and disorganised queues.,1,negative,0
"Average taste la, standard tourist price and normal portion size.",3,neutral,0
Rich in tradition and heritage. Exploring the satay stall with very helpful and accommodating staff was the highlight of our trip.,5,positive,0
"never had any issue here, consistently delicious and fresh",5,positive,0
"Wait so long for cold food, totally tak worth it and bad mood.",1,negative,0
"Authentic Malaysian taste at its best! The piping hot Kuih Akok and traditional keropok lekor in Campbell Street was top tier, plus fast and efficient table turnover.",5,positive,0
"A must-try culinary gem in Bukit Mertajam. The Char Kway Teow with duck egg and wok hei was fresh and delicious, accompanied by truly memorable and enriching experience.",4,positive,0
"Senibina klasik Baba Nyonya yang memukau, banyak sudut bergambar menarik.",5,positive,0
"Pengalaman yang sangat memuaskan, tempat warisan terpelihara dengan indah.",5,positive,0
Expected rich cultural insights but was met with grossly overpriced tourist trap pricing and rude and arrogant staff attitudes. Would not recommend.,5,negative,1
"Okay la, not bad and not super good either. Standard standard.",3,neutral,0
"Hancur mood, cashier buat muka masam and rude when taking orders.",1,negative,0
Incredible historical landmark in Campbell Street. We appreciated the clean and well-maintained environment and beautiful aesthetic presentation. Highly recommended!,5,positive,0
"Makanan sangat sedap dan staf peramah, layanan terbaik tiada tandingan!",5,positive,0
"Layanan cemerlang, rasa masakan asli turun-temurun sangat mengagumkan!",5,positive,0
"Pilihan kuih agak terhad waktu petang, tetapi rasanya boleh dimakan.",3,neutral,0
体验非常糟糕，管理混乱，完全不值得花费时间和金钱。,1,negative,0
"Food cold and tasteless, price like 5 star hotel but hawker standard.",1,negative,0
Sangat berpuas hati dengan kebersihan dan keramahan pekerja di sini.,5,positive,0
asdf qwer zxcv lorem ipsum random review text asdf zxcv,5,neutral,1
Loved the view,5,positive,0
Bad bad bad bad bad bad bad bad bad bad bad,3,negative,1
Loved every bite of the piping hot Kuih Akok and traditional keropok lekor. The truly memorable and enriching experience and freshly prepared hot food made our visit thoroughly enjoyable.,5,positive,0
Loved every bite of the freshly steamed Hainanese Kaya butter toast and kampung eggs. The reasonable and transparent prices and convenient location and easy accessibility made our visit thoroughly enjoyable.,2,positive,1
Place quite nice for photos but parking susah gila around here.,3,neutral,0
Expected rich cultural insights but was met with rude and arrogant staff attitudes and cramped and poorly ventilated space. Would not recommend.,1,negative,0
"Char kway teow padu gila, duck egg yolk so creamy and lots of cockles!",5,positive,0
asdf qwer zxcv lorem ipsum random review text asdf zxcv,4,neutral,1
Rich in tradition and heritage. Exploring the rooftop lounge with rich authentic flavors was the highlight of our trip.,4,positive,0
"Okay la, not bad and not super good either. Standard standard.",3,neutral,0
Loved every bite of the UNESCO heritage indigo courtyards and feng shui architecture. The well organised tour activities and very helpful and accommodating staff made our visit thoroughly enjoyable.,4,positive,0
"never had any issue here, consistently delicious and fresh",5,positive,0
An average stop in Teluk Bahang featuring an ordinary tourist stop without surprises. Nothing particularly extraordinary but acceptable.,3,neutral,0
味道一般般，没有网络上吹捧得那么惊艳。,3,neutral,0
"A must-try culinary gem in Chinatown. The UNESCO heritage indigo courtyards and feng shui architecture was fresh and delicious, accompanied by rich authentic flavors.",2,positive,1
Puas hati,5,positive,0
"Okay la, not bad and not super good either. Standard standard.",3,neutral,0
管理混乱，排队毫无秩序，态度极其恶劣差劲。,1,negative,0
A breathtaking cultural stop in Little India! The hand-drawn street art murals and vibrant artisan crafts and friendly and attentive service made it deeply memorable.,4,positive,0
Follow my telegram channel and message me for the best promotion code today on whatsapp,2,neutral,1
炒粿条镬气十足，鸭蛋香味浓郁，虾肉新鲜弹牙！,5,positive,0
Would not return to this night market bazaar. The piping hot Kuih Akok and traditional keropok lekor was disappointing and the unclear information and lack of signages ruined our mood.,2,negative,0
食物很难吃，服务员态度极差，完全不推荐大家来踩雷！,1,negative,0
Expected rich cultural insights but was met with rude and arrogant staff attitudes and cramped and poorly ventilated space. Would not recommend.,2,negative,0
服务非常慢，等了快一个小时都没人理，催单还给脸色看。,1,negative,0
管理混乱，排队毫无秩序，态度极其恶劣差劲。,1,negative,0
The UNESCO heritage indigo courtyards and feng shui architecture at this rooftop lounge in Tanjung Bungah was absolutely outstanding! Loved the fast and efficient table turnover and clear and engaging historical explanations.,5,positive,0
非常棒的古迹景点，建筑与壁画保存得非常完善。,5,positive,0
The serene coastal breeze and golden sunset views was tasteless and overpriced. The confusing ordering process made the dining experience unbearable.,5,negative,1
Disappointing visit to this bakery. Felt neglected with cramped and poorly ventilated space and very poor visitor guidance.,5,negative,1
Tempat warisan bersejarah yang sangat bermakna dan dijaga dengan rapi.,5,positive,0
"Authentic Malaysian taste at its best! The succulent satay skewers with thick peanut gravy in Tanjung Bungah was top tier, plus convenient location and easy accessibility.",5,positive,0
Expected rich cultural insights but was met with poor crowd management and disorganised queues and noisy and stressful environment. Would not recommend.,1,negative,0
"Keropok lekor panas gebu, sos pencicah manis pedas memang ngam.",5,positive,0
体验非常糟糕，管理混乱，完全不值得花费时间和金钱。,1,negative,0
Free bitcoin giveaway click http://crypto-win.xyz fast before ended,4,neutral,1
"tidak bagus langsung, pengalaman sangat mengecewakan kami",1,negative,0
Very disappointed with the authentic Peranakan Nyonya Laksa at this tea house in Bukit Mertajam. We encountered cramped and poorly ventilated space and over an hour waiting time for simple orders.,2,negative,0
"Pengalaman yang sangat memuaskan, tempat warisan terpelihara dengan indah.",5,positive,0
"Authentic Malaysian taste at its best! The spiced Nasi Kandar with dark squid curry and fried chicken in Butterworth was top tier, plus beautiful aesthetic presentation.",2,positive,1
Harga mahal melampau tapi kualiti teruk dan mengecewakan selera.,1,negative,0
"Pengalaman yang sangat memuaskan, tempat warisan terpelihara dengan indah.",5,positive,0
"Authentic Malaysian taste at its best! The UNESCO heritage indigo courtyards and feng shui architecture in Batu Ferringhi was top tier, plus generous portion sizes.",4,positive,0
Visited this rooftop lounge in Bukit Mertajam. It offered standard kopitiam ambiance. An okay stop overall if you are nearby.,3,neutral,0
"Makan not nice, price mahal gila and staff sombong nak mampus.",1,negative,0
Such a serene and educational experience at the colonial fort. Impressed by authentic traditional recipes and truly memorable and enriching experience.,4,positive,0
The steamed Nasi Dagang with tender tuna gulai at this temple garden in Bayan Lepas was absolutely outstanding! Loved the friendly and attentive service and fast and efficient table turnover.,4,positive,0
"not great at all, waited one hour for cold and soggy food",1,negative,0
"tidak menghampakan, layanan staf sangat mesra dan prihatin",5,positive,0
Very disappointed with the spiced Nasi Kandar with dark squid curry and fried chicken at this curated museum in Gurney. We encountered poor crowd management and disorganised queues and over an hour waiting time for simple orders.,4,negative,1
"Average taste la, standard tourist price and normal portion size.",3,neutral,0
"Makan not nice, price mahal gila and staff sombong nak mampus.",1,negative,0
Not worth the entrance fee or trip to Balik Pulau. The main issue was cramped and poorly ventilated space with unclear information and lack of signages.,2,negative,0
卫生条件很差，桌子油腻腻的，服务态度傲慢无礼。,1,negative,0
Super nice,5,positive,0
Such a serene and educational experience at the bakery. Impressed by generous portion sizes and fascinating cultural details and architecture.,4,positive,0
Amazing amazing amazing amazing amazing amazing amazing amazing,1,positive,1
"Super nice heritage vibes, staff helpful gila and knowledgeable.",5,positive,0
"not bad la, food sedap and price okay for family",4,positive,0
Standard experience in Tanjung Bungah. Food and service had a relatively brief walking tour. Convenient for a short rest.,3,neutral,0
非常棒的体验，东西很好吃，分量足且性价比很高。,5,positive,0
服务非常慢，等了快一个小时都没人理，催单还给脸色看。,1,negative,0
Incredible historical landmark in Armenian Street. We appreciated the comfortable air-conditioned seating and truly memorable and enriching experience. Highly recommended!,5,positive,0
"The tea house was decent. There was a relatively brief walking tour, although standard kopitiam ambiance could be improved.",2,neutral,0
"Makanan sangat sedap dan staf peramah, layanan terbaik tiada tandingan!",5,positive,0
整体还行，周末游客比较多，稍微有点拥挤。,3,neutral,0
Expected rich cultural insights but was met with stale ingredients lacking freshness and over an hour waiting time for simple orders. Would not recommend.,2,negative,0
难吃,1,negative,0
Poorly maintained heritage nasi kandar stall in Air Itam. Encountered uncomfortable broken seating and over an hour waiting time for simple orders.,2,negative,0
马马虎虎，算是一个普通的打卡景点吧，顺路可以看看。,3,neutral,0
"Keropok lekor panas gebu, sos pencicah manis pedas memang ngam.",5,positive,0
"not worth visiting, totally overrated and overpriced tourist trap",1,negative,0
Boleh diterima tetapi perlukan penambahbaikan dari segi kemudahan awam.,3,neutral,0
Not recommended,1,negative,0
"Authentic Malaysian taste at its best! The UNESCO heritage indigo courtyards and feng shui architecture in Campbell Street was top tier, plus rich authentic flavors.",1,positive,1
"tak pernah rasa cendol sesedap ini, santan pekat manis sedang elok",5,positive,0
风景很美，拍照很好看，全家人都很喜欢这个历史古迹。,5,positive,0
The intricate Chinese dragon wood carvings and granite courtyards was tasteless and overpriced. The grossly overpriced tourist trap pricing made the dining experience unbearable.,2,negative,0
"Mantap gila place, very instagrammable and peaceful to chill out.",4,positive,0
Sangat mengecewakan dan tidak berbaloi dengan harga tiket yang mahal.,1,negative,0
Very disappointed with the freshly steamed Hainanese Kaya butter toast and kampung eggs at this colonial fort in Bayan Lepas. We encountered dirty sticky tables and unwashed utensils and rude and arrogant staff attitudes.,1,negative,0
An average stop in Balik Pulau featuring average waiting times during rush hour. Nothing particularly extraordinary but acceptable.,3,neutral,0
食物非常好吃，服务态度很亲切，非常推荐大家来尝试！,5,positive,0
"not overhyped at all, the char kway teow really delivers top wok hei",5,positive,0
Standard experience in Gurney. Food and service had decent place for a quick photo stop. Convenient for a short rest.,3,neutral,0
"Wait so long for cold food, totally tak worth it and bad mood.",1,negative,0
Tempat okay tapi agak sesak dengan pelancong pada hujung minggu.,3,neutral,0
"The coastal cafe was decent. There was a moderate selection of local dishes, although decent place for a quick photo stop could be improved.",3,neutral,0
"Cendol pulut terbaik di George Town, manis berlemak santan segar.",5,positive,0
The engaging docents explaining Baba Nyonya family customs was tasteless and overpriced. The over an hour waiting time for simple orders made the dining experience unbearable.,2,negative,0
Disappointing visit to this bakery. Felt neglected with confusing ordering process and very poor visitor guidance.,2,negative,0
Poorly maintained heritage spice garden in Jelutong. Encountered stale ingredients lacking freshness and unclear information and lack of signages.,5,negative,1
Claim your free 500 dollar hotel voucher at http://scam-promo.com right now!,5,neutral,1
风景很美，拍照很好看，全家人都很喜欢这个历史古迹。,5,positive,0
"Nasi kandar padu, kuah campur pekat dan ayam goreng berempah rangup!",5,positive,0
The authentic Peranakan Nyonya Laksa was tasteless and overpriced. The unclear information and lack of signages made the dining experience unbearable.,1,negative,0
Wonderful preservation of Malaysian culture in Jelutong. Noticed the generous portion sizes and truly memorable and enriching experience.,4,positive,0
极其恶劣的体验，千万别来浪费宝贵的旅游假期。,1,negative,0
"Makanan enak dan harga sangat berpatutan, porsi banyak dan mengenyangkan.",5,positive,0
"Food boleh la, but service a bit slow during weekend rush.",3,neutral,0
"Place nice gila, staff very friendly and polite throughout our visit.",5,positive,0
"never coming back here again, awful experience from start to end",1,negative,0
Such a serene and educational experience at the curated museum. Impressed by rich authentic flavors and fast and efficient table turnover.,5,positive,0
Get unlimited followers and likes fast dm on instagram @promo_bot_now,5,neutral,1
食物非常好吃，服务态度很亲切，非常推荐大家来尝试！,5,positive,0
Contact +60123456789 for instant cashback and crypto promo discount vouchers,1,neutral,1
A breathtaking cultural stop in Campbell Street! The steamed Nasi Dagang with tender tuna gulai and well organised tour activities made it deeply memorable.,5,positive,0
"Pilihan kuih agak terhad waktu petang, tetapi rasanya boleh dimakan.",3,neutral,0
"Terrible meal. The engaging docents explaining Baba Nyonya family customs lacked flavor and freshness, coupled with confusing ordering process and dirty sticky tables and unwashed utensils.",1,negative,0
食物不新鲜，吃完回去肚子不舒服，卫生令人担忧。,1,negative,0
Not worth the entrance fee or trip to Gurney. The main issue was cramped and poorly ventilated space with unclear information and lack of signages.,2,negative,0
Boleh diterima tetapi perlukan penambahbaikan dari segi kemudahan awam.,3,neutral,0
Incredible food experience in Batu Ferringhi! The UNESCO heritage indigo courtyards and feng shui architecture had unmatched authentic flavors and clear and engaging historical explanations.,5,positive,0
Tempat kotor,1,negative,0
Incredible food experience in Butterworth! The piping hot Kuih Akok and traditional keropok lekor had unmatched authentic flavors and beautiful aesthetic presentation.,2,positive,1
"Pengurusan sangat lemah, beratur panjang tanpa penerangan jelas.",1,negative,0
煎蕊红豆绵密，椰糖香浓正宗，正宗槟城老字号风味！,5,positive,0
赞,5,positive,0
Visited this bakery in Chinatown. It offered standard kopitiam ambiance. An okay stop overall if you are nearby.,2,neutral,0
"Expected rich cultural insights but was met with poor crowd management and disorganised queues and cold, greasy and bland food. Would not recommend.",1,negative,0
"Nasi lemak bungkus sambal padu, aroma daun pisang wangian asli.",5,positive,0
Standard experience in Campbell Street. Food and service had basic informative signage. Convenient for a short rest.,2,neutral,0
"Authentic Malaysian taste at its best! The engaging docents explaining Baba Nyonya family customs in Armenian Street was top tier, plus clear and engaging historical explanations.",5,positive,0
体验非常糟糕，管理混乱，完全不值得花费时间和金钱。,1,negative,0
Place quite nice for photos but parking susah gila around here.,3,neutral,0
"Terrible meal. The serene coastal breeze and golden sunset views lacked flavor and freshness, coupled with stale ingredients lacking freshness and extremely slow and chaotic service.",2,negative,0
Buy now limited offer discount discount discount contact me for free vouchers,3,neutral,1
管理混乱，排队毫无秩序，态度极其恶劣差劲。,1,negative,0
Delicious food,5,positive,0
Would not return to this nasi kandar stall. The steamed Nasi Dagang with tender tuna gulai was disappointing and the noisy and stressful environment ruined our mood.,4,negative,1
太脏了,1,negative,0
Servis teruk,1,negative,0
"Cendol pulut terbaik di George Town, manis berlemak santan segar.",5,positive,0
"Food boleh la, but service a bit slow during weekend rush.",3,neutral,0
"Food sedap gila and the ambience was top notch, totally recommended!",5,positive,0
Visit my website https://example-deals.com for cheap packages and free gifts,5,neutral,1
娘惹糕点色彩缤纷口感细腻，椰香十足，必吃推荐！,5,positive,0
马马虎虎，算是一个普通的打卡景点吧，顺路可以看看。,3,neutral,0
Nice place,4,positive,0
"not acceptable hygiene, found flies in the dining area",1,negative,0
又贵又难吃，环境脏乱差，给一颗星都嫌多！,1,negative,0
"kurang memuaskan, tempat sesak dan tiada layanan langsung",2,negative,0
"Tempat panas dan tidak selesa, kipas rosak dan staf buat endah tak endah.",1,negative,0
Incredible historical landmark in Little India. We appreciated the reasonable and transparent prices and very helpful and accommodating staff. Highly recommended!,5,positive,0
Visited this coastal cafe in Chinatown. It offered a moderate selection of local dishes. An okay stop overall if you are nearby.,3,neutral,0
"Mantap gila place, very instagrammable and peaceful to chill out.",4,positive,0
"Layanan cemerlang, rasa masakan asli turun-temurun sangat mengagumkan!",5,positive,0
"Terrible meal. The majestic 272 steps and cathedral limestone caves lacked flavor and freshness, coupled with stale ingredients lacking freshness and over an hour waiting time for simple orders.",5,negative,1
"Authentic Malaysian taste at its best! The steamed Nasi Dagang with tender tuna gulai in Bayan Lepas was top tier, plus comfortable air-conditioned seating.",5,positive,0
"The baba nyonya mansion was decent. There was an ordinary tourist stop without surprises, although an ordinary tourist stop without surprises could be improved.",2,neutral,0
"Not worth the entrance fee or trip to Balik Pulau. The main issue was dirty sticky tables and unwashed utensils with cold, greasy and bland food.",4,negative,1
Buy now limited offer discount discount discount contact me for free vouchers,3,neutral,1
Standard experience in George Town. Food and service had decent place for a quick photo stop. Convenient for a short rest.,3,neutral,0
Best stop for local food lovers. The authentic Peranakan Nyonya Laksa exceeded expectations with beautiful aesthetic presentation. Will come back!,5,positive,0
"Nothing special la, can try once if you are walking nearby.",3,neutral,0
煎蕊红豆绵密，椰糖香浓正宗，正宗槟城老字号风味！,5,positive,0
"tak menyesal datang sini, semuanya terbaik dan memuaskan",5,positive,0
Poorly maintained heritage craft studio in Tanjung Bungah. Encountered poor crowd management and disorganised queues and over an hour waiting time for simple orders.,1,negative,0
"Average taste la, standard tourist price and normal portion size.",3,neutral,0
煎蕊红豆绵密，椰糖香浓正宗，正宗槟城老字号风味！,5,positive,0
"Poorly maintained heritage night market bazaar in Bukit Mertajam. Encountered uncomfortable broken seating and cold, greasy and bland food.",1,negative,0
"Cendol memang mantap, authentic Penang taste so syok and refreshing!",5,positive,0
赞,5,positive,0
"Average taste la, standard tourist price and normal portion size.",3,neutral,0
"The kopitiam was decent. There was average waiting times during rush hour, although a simple and functional seating layout could be improved.",4,neutral,0
"Sangat teruk, tak akan syorkan kepada sesiapa pun untuk datang.",1,negative,0
Visit my website https://example-deals.com for cheap packages and free gifts,4,neutral,1
Tempat yang cantik dan sangat berbaloi untuk dikunjungi bersama keluarga.,5,positive,0
A breathtaking cultural stop in Little India! The steamed Nasi Dagang with tender tuna gulai and freshly prepared hot food made it deeply memorable.,5,positive,0
"tidak bagus langsung, pengalaman sangat mengecewakan kami",1,negative,0
An average stop in Air Itam featuring standard basic facilities. Nothing particularly extraordinary but acceptable.,3,neutral,0
"Sederhana sahaja, sesuai untuk singgah sebentar jika lalu di kawasan ini.",3,neutral,0
"tak best langsung, rugi masa dan duit datang jauh-jauh",1,negative,0
"The cultural gallery was decent. There was standard kopitiam ambiance, although acceptable food quality for the price could be improved.",3,neutral,0
"Tempat panas dan tidak selesa, kipas rosak dan staf buat endah tak endah.",1,negative,0
Loved every bite of the hand-drawn street art murals and vibrant artisan crafts. The authentic traditional recipes and reasonable and transparent prices made our visit thoroughly enjoyable.,4,positive,0
"Service damn slow, food pun biasa je and overpriced for tourists.",1,negative,0
Such a serene and educational experience at the baba nyonya mansion. Impressed by clean and well-maintained environment and clear and engaging historical explanations.,4,positive,0
"The kopitiam was decent. There was decent place for a quick photo stop, although a simple and functional seating layout could be improved.",3,neutral,0
"Roti canai crispy gila, kuah kari pekat sedap terangkat!",5,positive,0
Very disappointed with the creamy Cendol with fresh coconut milk and Gula Melaka at this clan jetty in Chinatown. We encountered poor crowd management and disorganised queues and cramped and poorly ventilated space.,1,negative,0
"Tempat panas dan tidak selesa, kipas rosak dan staf buat endah tak endah.",1,negative,0
"tak menghampakan, memang berbaloi singgah sini makan malam",5,positive,0
Sangat mengecewakan dan tidak berbaloi dengan harga tiket yang mahal.,1,negative,0
"Staff very rude, tempat kotor gila potong stim bila nak makan.",1,negative,0
asdf qwer zxcv lorem ipsum random review text asdf zxcv,5,neutral,1
"A must-try culinary gem in Batu Ferringhi. The fragrant BM Yam Rice with salted vegetable duck soup was fresh and delicious, accompanied by clear and engaging historical explanations.",5,positive,0
"did not like it, very confusing and disorganized place",1,negative,0
Boleh diterima tetapi perlukan penambahbaikan dari segi kemudahan awam.,3,neutral,0
味道一般般，没有网络上吹捧得那么惊艳。,3,neutral,0
Clean and tidy,4,positive,0
Rich in tradition and heritage. Exploring the coastal cafe with friendly and attentive service was the highlight of our trip.,5,positive,0
Wonderful preservation of Malaysian culture in Balik Pulau. Noticed the beautiful aesthetic presentation and reasonable and transparent prices.,4,positive,0
Best stop for local food lovers. The spiced Nasi Kandar with dark squid curry and fried chicken exceeded expectations with friendly and attentive service. Will come back!,5,positive,0
asdf qwer zxcv lorem ipsum random review text asdf zxcv,2,neutral,1
Sangat mengecewakan dan tidak berbaloi dengan harga tiket yang mahal.,1,negative,0
Claim your free 500 dollar hotel voucher at http://scam-promo.com right now!,1,neutral,1
食物不新鲜，吃完回去肚子不舒服，卫生令人担忧。,1,negative,0
"Pengurusan sangat lemah, beratur panjang tanpa penerangan jelas.",1,negative,0
11111111111 222222222 33333333333 discount call now,5,neutral,1
整体还行，周末游客比较多，稍微有点拥挤。,3,neutral,0
A breathtaking cultural stop in Chinatown! The freshly steamed Hainanese Kaya butter toast and kampung eggs and comfortable air-conditioned seating made it deeply memorable.,2,positive,1
Loved every bite of the UNESCO heritage indigo courtyards and feng shui architecture. The truly memorable and enriching experience and convenient location and easy accessibility made our visit thoroughly enjoyable.,5,positive,0
Fair experience overall with an ordinary tourist stop without surprises. Suits travelers who just want a brief stop.,3,neutral,0
Tempat yang cantik dan sangat berbaloi untuk dikunjungi bersama keluarga.,5,positive,0
Dirty place,1,negative,0
"Staff very rude, tempat kotor gila potong stim bila nak makan.",1,negative,0
"Sederhana sahaja, sesuai untuk singgah sebentar jika lalu di kawasan ini.",3,neutral,0
"Pengalaman yang sangat memuaskan, tempat warisan terpelihara dengan indah.",5,positive,0
A breathtaking cultural stop in Balik Pulau! The serene coastal breeze and golden sunset views and well organised tour activities made it deeply memorable.,4,positive,0
"tak mengecewakan, makanan sedap dan servis bagus sangat",5,positive,0
煎蕊红豆绵密，椰糖香浓正宗，正宗槟城老字号风味！,5,positive,0
Buy now limited offer discount discount discount contact me for free vouchers,3,neutral,1
Visited this craft studio in Butterworth. It offered an ordinary tourist stop without surprises. An okay stop overall if you are nearby.,2,neutral,0
"Overrated gila, queue one hour for tasteless cendol and rude cashier.",1,negative,0
Best stop for local food lovers. The hand-drawn street art murals and vibrant artisan crafts exceeded expectations with freshly prepared hot food. Will come back!,4,positive,0
Poorly maintained heritage baba nyonya mansion in Gurney. Encountered grossly overpriced tourist trap pricing and rude and arrogant staff attitudes.,1,negative,0
Such a serene and educational experience at the tea house. Impressed by clear and engaging historical explanations and very helpful and accommodating staff.,2,positive,1
The majestic 272 steps and cathedral limestone caves at this tea house in Bukit Mertajam was absolutely outstanding! Loved the rich authentic flavors and convenient location and easy accessibility.,5,positive,0
食物新鲜美味，老板很热情好客，五星好评！,5,positive,0
"Hancur mood, cashier buat muka masam and rude when taking orders.",1,negative,0
Nice place,4,positive,0
Amazing amazing amazing amazing amazing amazing amazing amazing,2,positive,1
Mengecewakan,1,negative,0
Buy now limited offer discount discount discount contact me for free vouchers,1,neutral,1
Claim your free 500 dollar hotel voucher at http://scam-promo.com right now!,1,neutral,1
"Service damn slow, food pun biasa je and overpriced for tourists.",1,negative,0
Boleh diterima tetapi perlukan penambahbaikan dari segi kemudahan awam.,3,neutral,0
Lokasi strategik dan tempat menarik untuk pelancong yang sukakan seni warisan.,4,positive,0
"Staf sangat biadab dan tempat kotor berdebu, tandas tidak dibersihkan.",1,negative,0
Contact +60123456789 for instant cashback and crypto promo discount vouchers,3,neutral,1
Puas hati,5,positive,0
A breathtaking cultural stop in Chinatown! The intricate Chinese dragon wood carvings and granite courtyards and fast and efficient table turnover made it deeply memorable.,4,positive,0
Terbaik,5,positive,0
"Overhyped tourist stop in Bukit Mertajam. The UNESCO heritage indigo courtyards and feng shui architecture was cold, and we had to endure stale ingredients lacking freshness.",5,negative,1
"not bad la, food sedap and price okay for family",4,positive,0
Best stop for local food lovers. The spiced Nasi Kandar with dark squid curry and fried chicken exceeded expectations with reasonable and transparent prices. Will come back!,5,positive,0
Sangat mengecewakan dan tidak berbaloi dengan harga tiket yang mahal.,1,negative,0
Incredible historical landmark in Armenian Street. We appreciated the clean and well-maintained environment and beautiful aesthetic presentation. Highly recommended!,2,positive,1
Buy now limited offer discount discount discount contact me for free vouchers,4,neutral,1
Incredible historical landmark in Little India. We appreciated the reasonable and transparent prices and clear and engaging historical explanations. Highly recommended!,5,positive,0
非常棒的体验，东西很好吃，分量足且性价比很高。,5,positive,0
"tak sedap langsung, makanan sejuk dan masin melampau",1,negative,0
Free bitcoin giveaway click http://crypto-win.xyz fast before ended,5,neutral,1
"Sangat teruk, tak akan syorkan kepada sesiapa pun untuk datang.",1,negative,0
体验非常糟糕，管理混乱，完全不值得花费时间和金钱。,1,negative,0
食物很难吃，服务员态度极差，完全不推荐大家来踩雷！,1,negative,0
11111111111 222222222 33333333333 discount call now,4,neutral,1
"Suasana bersih, tenang dan selesa. Pasti akan datang lagi bila ke sini.",5,positive,0
"Average taste la, standard tourist price and normal portion size.",3,neutral,0
食物非常好吃，服务态度很亲切，非常推荐大家来尝试！,5,positive,0
An average stop in Bukit Mertajam featuring standard basic facilities. Nothing particularly extraordinary but acceptable.,4,neutral,0
"not bad at all, really enjoyed the heritage atmosphere and friendly guide",4,positive,0
Tak sedap,1,negative,0
"Food cold and tasteless, price like 5 star hotel but hawker standard.",1,negative,0
Tempat okay tapi agak sesak dengan pelancong pada hujung minggu.,3,neutral,0
Incredible food experience in Air Itam! The spiced Nasi Kandar with dark squid curry and fried chicken had unmatched authentic flavors and friendly and attentive service.,1,positive,1
"Pengalaman standard, harga sederhana dan servis bersahaja.",3,neutral,0
炒粿条镬气十足，鸭蛋香味浓郁，虾肉新鲜弹牙！,5,positive,0
A breathtaking cultural stop in Teluk Bahang! The piping hot Kuih Akok and traditional keropok lekor and comfortable air-conditioned seating made it deeply memorable.,4,positive,0
很棒,5,positive,0
Place quite nice for photos but parking susah gila around here.,3,neutral,0
不推荐,1,negative,0
太脏了,1,negative,0
"Pengalaman standard, harga sederhana dan servis bersahaja.",3,neutral,0
"Overrated gila, queue one hour for tasteless cendol and rude cashier.",1,negative,0
Lokasi strategik dan tempat menarik untuk pelancong yang sukakan seni warisan.,4,positive,0
"Char kway teow padu gila, duck egg yolk so creamy and lots of cockles!",5,positive,0
Fair experience overall with standard basic facilities. Suits travelers who just want a brief stop.,2,neutral,0
Pemandangan indah dan staf banyak membantu memberi penerangan sejarah.,5,positive,0
"Okay la, not bad and not super good either. Standard standard.",3,neutral,0
The crispy Roti Canai with aromatic dhal and mutton curry at this heritage restaurant in Gurney was absolutely outstanding! Loved the truly memorable and enriching experience and convenient location and easy accessibility.,5,positive,0
Tempat yang cantik dan sangat berbaloi untuk dikunjungi bersama keluarga.,5,positive,0
Such a serene and educational experience at the coastal cafe. Impressed by generous portion sizes and friendly and attentive service.,4,positive,0
"Terrible meal. The majestic 272 steps and cathedral limestone caves lacked flavor and freshness, coupled with dirty sticky tables and unwashed utensils and uncomfortable broken seating.",2,negative,0
Very disappointed with the engaging docents explaining Baba Nyonya family customs at this tea house in Bukit Mertajam. We encountered limited food options with many items out of stock and stale ingredients lacking freshness.,2,negative,0
Rich in tradition and heritage. Exploring the curated museum with very helpful and accommodating staff was the highlight of our trip.,5,positive,0
The authentic Peranakan Nyonya Laksa at this clan jetty in Butterworth was absolutely outstanding! Loved the clear and engaging historical explanations and freshly prepared hot food.,5,positive,0
"Super nice heritage vibes, staff helpful gila and knowledgeable.",5,positive,0
"The night market bazaar was decent. There was a moderate selection of local dishes, although decent place for a quick photo stop could be improved.",3,neutral,0
Incredible historical landmark in Air Itam. We appreciated the reasonable and transparent prices and very helpful and accommodating staff. Highly recommended!,2,positive,1
Best stop for local food lovers. The fragrant BM Yam Rice with salted vegetable duck soup exceeded expectations with fast and efficient table turnover. Will come back!,1,positive,1
A breathtaking cultural stop in Jelutong! The succulent satay skewers with thick peanut gravy and beautiful aesthetic presentation made it deeply memorable.,1,positive,1
Good food,4,positive,0
Best stop for local food lovers. The piping hot Kuih Akok and traditional keropok lekor exceeded expectations with clean and well-maintained environment. Will come back!,4,positive,0
Would not return to this coastal cafe. The piping hot Kuih Akok and traditional keropok lekor was disappointing and the poor crowd management and disorganised queues ruined our mood.,1,negative,0
Not recommended,1,negative,0
中规中矩，无功无过，适合路过时简单吃个便饭。,3,neutral,0
"tidak selesa dan sangat bising, pengurusan teruk",2,negative,0
Rich in tradition and heritage. Exploring the temple garden with reasonable and transparent prices was the highlight of our trip.,5,positive,0
"tidak mengecewakan langsung, suasana sangat cantik dan tenang",5,positive,0
Rich in tradition and heritage. Exploring the heritage restaurant with convenient location and easy accessibility was the highlight of our trip.,1,positive,1
"Hancur mood, cashier buat muka masam and rude when taking orders.",1,negative,0
Boleh diterima tetapi perlukan penambahbaikan dari segi kemudahan awam.,3,neutral,0
Rich in tradition and heritage. Exploring the craft studio with truly memorable and enriching experience was the highlight of our trip.,4,positive,0
"tak mesra langsung, staf buat muka masam dan campak menu",1,negative,0
Wonderful preservation of Malaysian culture in Bukit Mertajam. Noticed the clean and well-maintained environment and well organised tour activities.,5,positive,0
"tidak bersih dan meja melekit, rasa loya nak makan",1,negative,0
Incredible food experience in Bukit Mertajam! The creamy Cendol with fresh coconut milk and Gula Melaka had unmatched authentic flavors and fascinating cultural details and architecture.,4,positive,0
"Nothing special la, can try once if you are walking nearby.",3,neutral,0
Standard experience in Campbell Street. Food and service had standard kopitiam ambiance. Convenient for a short rest.,4,neutral,0
"Kuah kari cair dan tawar, nasi keras macam tak masak elok.",1,negative,0
非常棒的体验，东西很好吃，分量足且性价比很高。,5,positive,0
Claim your free 500 dollar hotel voucher at http://scam-promo.com right now!,3,neutral,1
"not bad, quite liked the food and friendly service",4,positive,0
Visited this temple garden in Teluk Bahang. It offered an ordinary tourist stop without surprises. An okay stop overall if you are nearby.,3,neutral,0
Wonderful preservation of Malaysian culture in Tanjung Bungah. Noticed the very helpful and accommodating staff and beautiful aesthetic presentation.,4,positive,0
"Roti canai crispy gila, kuah kari pekat sedap terangkat!",5,positive,0
The hand-drawn street art murals and vibrant artisan crafts at this rooftop lounge in Balik Pulau was absolutely outstanding! Loved the friendly and attentive service and authentic traditional recipes.,5,positive,0
"Authentic Malaysian taste at its best! The intricate Chinese dragon wood carvings and granite courtyards in Campbell Street was top tier, plus clear and engaging historical explanations.",2,positive,1
"Senibina klasik Baba Nyonya yang memukau, banyak sudut bergambar menarik.",5,positive,0
Incredible historical landmark in Little India. We appreciated the generous portion sizes and well organised tour activities. Highly recommended!,4,positive,0
Such a serene and educational experience at the rooftop lounge. Impressed by freshly prepared hot food and beautiful aesthetic presentation.,5,positive,0
Dirty place,1,negative,0
"Overhyped tourist stop in Jelutong. The piping hot Kuih Akok and traditional keropok lekor was cold, and we had to endure rude and arrogant staff attitudes.",5,negative,1
风景很美，拍照很好看，全家人都很喜欢这个历史古迹。,5,positive,0
Poorly maintained heritage temple garden in Campbell Street. Encountered cramped and poorly ventilated space and dirty sticky tables and unwashed utensils.,4,negative,1
Wonderful preservation of Malaysian culture in Little India. Noticed the fascinating cultural details and architecture and friendly and attentive service.,4,positive,0
"tidak rugi datang sini, sangat berbaloi dengan harganya",5,positive,0
Fair experience overall with a relatively brief walking tour. Suits travelers who just want a brief stop.,3,neutral,0
娘惹糕点色彩缤纷口感细腻，椰香十足，必吃推荐！,5,positive,0
"Super nice heritage vibes, staff helpful gila and knowledgeable.",5,positive,0
"Sangat teruk, tak akan syorkan kepada sesiapa pun untuk datang.",1,negative,0
Very disappointed with the creamy Cendol with fresh coconut milk and Gula Melaka at this kopitiam in George Town. We encountered limited food options with many items out of stock and dirty sticky tables and unwashed utensils.,1,negative,0
Best stop for local food lovers. The steamed Nasi Dagang with tender tuna gulai exceeded expectations with clean and well-maintained environment. Will come back!,1,positive,1
Sangat mengecewakan dan tidak berbaloi dengan harga tiket yang mahal.,1,negative,0
"Char kway teow padu gila, duck egg yolk so creamy and lots of cockles!",5,positive,0
Very disappointed with the serene coastal breeze and golden sunset views at this spice garden in Balik Pulau. We encountered limited food options with many items out of stock and confusing ordering process.,1,negative,0
Incredible food experience in Balik Pulau! The crispy Roti Canai with aromatic dhal and mutton curry had unmatched authentic flavors and convenient location and easy accessibility.,5,positive,0
"A must-try culinary gem in Armenian Street. The serene coastal breeze and golden sunset views was fresh and delicious, accompanied by comfortable air-conditioned seating.",5,positive,0
"Overhyped tourist stop in Bayan Lepas. The freshly steamed Hainanese Kaya butter toast and kampung eggs was cold, and we had to endure stale ingredients lacking freshness.",1,negative,0
Would not return to this heritage restaurant. The creamy Cendol with fresh coconut milk and Gula Melaka was disappointing and the confusing ordering process ruined our mood.,2,negative,0
"Food cold and tasteless, price like 5 star hotel but hawker standard.",1,negative,0
Wonderful preservation of Malaysian culture in Gurney. Noticed the well organised tour activities and clear and engaging historical explanations.,2,positive,1
食物不新鲜，吃完回去肚子不舒服，卫生令人担忧。,1,negative,0
"do not hate it, pretty good food and nice staff",4,positive,0
Incredible historical landmark in Armenian Street. We appreciated the fast and efficient table turnover and beautiful aesthetic presentation. Highly recommended!,1,positive,1
Would not return to this coastal cafe. The intricate Chinese dragon wood carvings and granite courtyards was disappointing and the uncomfortable broken seating ruined our mood.,2,negative,0
"Keropok lekor panas gebu, sos pencicah manis pedas memang ngam.",5,positive,0
A breathtaking cultural stop in Balik Pulau! The majestic 272 steps and cathedral limestone caves and clean and well-maintained environment made it deeply memorable.,5,positive,0
Tempat warisan bersejarah yang sangat bermakna dan dijaga dengan rapi.,5,positive,0
Service tip top and food comes super fast. Truly steady la!,5,positive,0
asdf qwer zxcv lorem ipsum random review text asdf zxcv,2,neutral,1
"tidak ada masalah, urusan sangat lancar dan puas hati",5,positive,0
Tempat okay tapi agak sesak dengan pelancong pada hujung minggu.,3,neutral,0
Standard experience in Teluk Bahang. Food and service had a relatively brief walking tour. Convenient for a short rest.,3,neutral,0
Fair experience overall with decent place for a quick photo stop. Suits travelers who just want a brief stop.,3,neutral,0
很棒,5,positive,0
Rich in tradition and heritage. Exploring the rooftop lounge with well organised tour activities was the highlight of our trip.,2,positive,1
Best stop for local food lovers. The fragrant BM Yam Rice with salted vegetable duck soup exceeded expectations with beautiful aesthetic presentation. Will come back!,5,positive,0
The crispy Roti Canai with aromatic dhal and mutton curry at this nasi kandar stall in George Town was absolutely outstanding! Loved the clear and engaging historical explanations and friendly and attentive service.,1,positive,1
管理混乱，排队毫无秩序，态度极其恶劣差劲。,1,negative,0
Standard experience in Chinatown. Food and service had average waiting times during rush hour. Convenient for a short rest.,3,neutral,0
"Average taste la, standard tourist price and normal portion size.",3,neutral,0
Expected rich cultural insights but was met with confusing ordering process and dirty sticky tables and unwashed utensils. Would not recommend.,1,negative,0
"definitely not disappointed, fantastic experience with family",5,positive,0
"did not like it, very confusing and disorganized place",1,negative,0
"Terrible meal. The creamy Cendol with fresh coconut milk and Gula Melaka lacked flavor and freshness, coupled with rude and arrogant staff attitudes and grossly overpriced tourist trap pricing.",1,negative,0
Incredible historical landmark in Batu Ferringhi. We appreciated the fascinating cultural details and architecture and fast and efficient table turnover. Highly recommended!,5,positive,0
Fair experience overall with a moderate selection of local dishes. Suits travelers who just want a brief stop.,4,neutral,0
Sangat mengecewakan dan tidak berbaloi dengan harga tiket yang mahal.,1,negative,0
Visit my website https://example-deals.com for cheap packages and free gifts,1,neutral,1
煎蕊红豆绵密，椰糖香浓正宗，正宗槟城老字号风味！,5,positive,0
Harga mahal melampau tapi kualiti teruk dan mengecewakan selera.,1,negative,0
"tidak bagus langsung, pengalaman sangat mengecewakan kami",1,negative,0
"Terrible meal. The freshly steamed Hainanese Kaya butter toast and kampung eggs lacked flavor and freshness, coupled with extremely slow and chaotic service and over an hour waiting time for simple orders.",1,negative,0
Buy now limited offer discount discount discount contact me for free vouchers,2,neutral,1
"Terrible meal. The UNESCO heritage indigo courtyards and feng shui architecture lacked flavor and freshness, coupled with cramped and poorly ventilated space and dirty sticky tables and unwashed utensils.",5,negative,1
"tak rugi langsung cuba laksa nyonya kat sini, sedap terangkat",5,positive,0
"Very bad experience la, rugi duit and time wasted sitting there.",1,negative,0
Would not return to this colonial fort. The creamy Cendol with fresh coconut milk and Gula Melaka was disappointing and the rude and arrogant staff attitudes ruined our mood.,1,negative,0
Avoid this,1,negative,0
"Biasa sahaja, makanan boleh tahan tapi tiada yang begitu istimewa.",3,neutral,0
马马虎虎，算是一个普通的打卡景点吧，顺路可以看看。,3,neutral,0
The steamed Nasi Dagang with tender tuna gulai was tasteless and overpriced. The grossly overpriced tourist trap pricing made the dining experience unbearable.,1,negative,0
Poorly maintained heritage craft studio in Bukit Mertajam. Encountered cramped and poorly ventilated space and limited food options with many items out of stock.,4,negative,1
又贵又难吃，环境脏乱差，给一颗星都嫌多！,1,negative,0
Poorly maintained heritage satay stall in Bukit Mertajam. Encountered dirty sticky tables and unwashed utensils and over an hour waiting time for simple orders.,5,negative,1
"Place nice gila, staff very friendly and polite throughout our visit.",5,positive,0
Expected rich cultural insights but was met with unclear information and lack of signages and poor crowd management and disorganised queues. Would not recommend.,1,negative,0
文化底蕴深厚，讲解员解说很清楚，很有收获的文化之旅。,5,positive,0
Fair experience overall with a relatively brief walking tour. Suits travelers who just want a brief stop.,3,neutral,0
"Poorly maintained heritage street mural spot in Batu Ferringhi. Encountered cold, greasy and bland food and uncomfortable broken seating.",2,negative,0
"not an ordinary meal, truly sensational flavors and great hospitality",5,positive,0
"definitely not disappointed, fantastic experience with family",5,positive,0
食物新鲜美味，老板很热情好客，五星好评！,5,positive,0
"Makanan tak sedap dan servis sangat lambat, kami tunggu hampir sejam.",1,negative,0
"Rugi masa datang sini, langsung tiada apa yang menarik seperti diiklan.",1,negative,0
"Average taste la, standard tourist price and normal portion size.",3,neutral,0
"never coming back here again, awful experience from start to end",1,negative,0
"A must-try culinary gem in Jelutong. The majestic 272 steps and cathedral limestone caves was fresh and delicious, accompanied by well organised tour activities.",4,positive,0
娘惹糕点色彩缤纷口感细腻，椰香十足，必吃推荐！,5,positive,0
"Nasi kandar padu, kuah campur pekat dan ayam goreng berempah rangup!",5,positive,0
"Overhyped tourist stop in Teluk Bahang. The hand-drawn street art murals and vibrant artisan crafts was cold, and we had to endure over an hour waiting time for simple orders.",1,negative,0
"tidak bagus langsung, pengalaman sangat mengecewakan kami",1,negative,0
The Char Kway Teow with duck egg and wok hei was tasteless and overpriced. The rude and arrogant staff attitudes made the dining experience unbearable.,2,negative,0
Dirty place,1,negative,0
11111111111 222222222 33333333333 discount call now,2,neutral,1
"do not hate it, pretty good food and nice staff",4,positive,0
"bukan sedap sangat pun, harga cekik darah untuk pelancong",1,negative,0
Not worth the entrance fee or trip to Tanjung Bungah. The main issue was limited food options with many items out of stock with uncomfortable broken seating.,1,negative,0
Would not return to this kopitiam. The UNESCO heritage indigo courtyards and feng shui architecture was disappointing and the poor crowd management and disorganised queues ruined our mood.,4,negative,1
An average stop in George Town featuring acceptable food quality for the price. Nothing particularly extraordinary but acceptable.,2,neutral,0
Not worth the entrance fee or trip to Bayan Lepas. The main issue was confusing ordering process with over an hour waiting time for simple orders.,2,negative,0
"tak segar langsung lauk pauk, rasa macam makanan semalam",1,negative,0
"tak bagus, servis lambat gila dan tempat berbau hapak",1,negative,0
Incredible food experience in Gurney! The engaging docents explaining Baba Nyonya family customs had unmatched authentic flavors and clean and well-maintained environment.,5,positive,0
"was not terrible at all, worth a visit when in Penang",4,positive,0
"The craft studio was decent. There was an ordinary tourist stop without surprises, although standard basic facilities could be improved.",3,neutral,0
Poorly maintained heritage craft studio in Batu Ferringhi. Encountered noisy and stressful environment and confusing ordering process.,1,negative,0
Claim your free 500 dollar hotel voucher at http://scam-promo.com right now!,4,neutral,1
Incredible historical landmark in George Town. We appreciated the freshly prepared hot food and fascinating cultural details and architecture. Highly recommended!,2,positive,1
tak berbaloi dengan harga yang mahal dan porsi sedikit,1,negative,0
Buy now limited offer discount discount discount contact me for free vouchers,2,neutral,1
马马虎虎，算是一个普通的打卡景点吧，顺路可以看看。,3,neutral,0
煎蕊红豆绵密，椰糖香浓正宗，正宗槟城老字号风味！,5,positive,0
Buy now limited offer discount discount discount contact me for free vouchers,5,neutral,1
"not bad, quite liked the food and friendly service",4,positive,0
"Cendol memang mantap, authentic Penang taste so syok and refreshing!",5,positive,0
"Servis sangat pantas dan mesra, makanan panas dan segar dari dapur.",5,positive,0
Would not return to this night market bazaar. The piping hot Kuih Akok and traditional keropok lekor was disappointing and the grossly overpriced tourist trap pricing ruined our mood.,4,negative,1
Not worth the entrance fee or trip to Bukit Mertajam. The main issue was over an hour waiting time for simple orders with noisy and stressful environment.,4,negative,1
"Pengalaman standard, harga sederhana dan servis bersahaja.",3,neutral,0
"Servis sangat pantas dan mesra, makanan panas dan segar dari dapur.",5,positive,0
"Makanan sangat sedap dan staf peramah, layanan terbaik tiada tandingan!",5,positive,0
Wonderful preservation of Malaysian culture in George Town. Noticed the fast and efficient table turnover and friendly and attentive service.,5,positive,0
"not an ordinary meal, truly sensational flavors and great hospitality",5,positive,0
Not worth the entrance fee or trip to Tanjung Bungah. The main issue was extremely slow and chaotic service with over an hour waiting time for simple orders.,1,negative,0
"Overhyped tourist stop in Teluk Bahang. The hand-drawn street art murals and vibrant artisan crafts was cold, and we had to endure over an hour waiting time for simple orders.",1,negative,0
Visited this tea house in Bayan Lepas. It offered basic informative signage. An okay stop overall if you are nearby.,3,neutral,0
"Makanan enak dan harga sangat berpatutan, porsi banyak dan mengenyangkan.",5,positive,0
"Nasi kandar padu, kuah campur pekat dan ayam goreng berempah rangup!",5,positive,0
"Food boleh la, but service a bit slow during weekend rush.",3,neutral,0
"Servis sangat pantas dan mesra, makanan panas dan segar dari dapur.",5,positive,0
"Mantap gila place, very instagrammable and peaceful to chill out.",4,positive,0
Pemandangan indah dan staf banyak membantu memberi penerangan sejarah.,5,positive,0
"Overrated gila, queue one hour for tasteless cendol and rude cashier.",1,negative,0
"Nothing special la, can try once if you are walking nearby.",3,neutral,0
Poorly maintained heritage satay stall in Teluk Bahang. Encountered unclear information and lack of signages and grossly overpriced tourist trap pricing.,2,negative,0
"tidak selesa dan sangat bising, pengurusan teruk",2,negative,0
Would not return to this kopitiam. The Char Kway Teow with duck egg and wok hei was disappointing and the cramped and poorly ventilated space ruined our mood.,1,negative,0
Standard experience in George Town. Food and service had average waiting times during rush hour. Convenient for a short rest.,4,neutral,0
"Makanan sangat sedap dan staf peramah, layanan terbaik tiada tandingan!",5,positive,0
"Authentic Malaysian taste at its best! The crispy Roti Canai with aromatic dhal and mutton curry in Armenian Street was top tier, plus authentic traditional recipes.",4,positive,0
Very disappointed with the succulent satay skewers with thick peanut gravy at this nasi kandar stall in Armenian Street. We encountered stale ingredients lacking freshness and noisy and stressful environment.,1,negative,0
Best stop for local food lovers. The succulent satay skewers with thick peanut gravy exceeded expectations with friendly and attentive service. Will come back!,5,positive,0
物超所值，值得推荐给所有来马来西亚旅游的朋友。,5,positive,0
A breathtaking cultural stop in Butterworth! The engaging docents explaining Baba Nyonya family customs and freshly prepared hot food made it deeply memorable.,4,positive,0
"Terrible meal. The crispy Roti Canai with aromatic dhal and mutton curry lacked flavor and freshness, coupled with uncomfortable broken seating and poor crowd management and disorganised queues.",1,negative,0
An average stop in Batu Ferringhi featuring average waiting times during rush hour. Nothing particularly extraordinary but acceptable.,3,neutral,0
"Sederhana sahaja, sesuai untuk singgah sebentar jika lalu di kawasan ini.",3,neutral,0
"Lekor panas-panas, best gila wei! Must try if you come here!",5,positive,0
"it wasn't terrible, actually quite decent and pleasant for lunch",4,positive,0
"Yam rice soup damn solid bro, salted vege duck soup so comforting!",5,positive,0
asdf qwer zxcv lorem ipsum random review text asdf zxcv,4,neutral,1
"Terrible meal. The freshly steamed Hainanese Kaya butter toast and kampung eggs lacked flavor and freshness, coupled with stale ingredients lacking freshness and dirty sticky tables and unwashed utensils.",2,negative,0
Tempat yang cantik dan sangat berbaloi untuk dikunjungi bersama keluarga.,5,positive,0
"A must-try culinary gem in Bukit Mertajam. The freshly steamed Hainanese Kaya butter toast and kampung eggs was fresh and delicious, accompanied by generous portion sizes.",5,positive,0
"Tandas kotor dan bau busuk menyengat, makanan pun rasa basi.",1,negative,0
Very disappointed with the UNESCO heritage indigo courtyards and feng shui architecture at this nature trail in Gurney. We encountered uncomfortable broken seating and noisy and stressful environment.,4,negative,1
Tempat warisan bersejarah yang sangat bermakna dan dijaga dengan rapi.,5,positive,0
Visited this baba nyonya mansion in George Town. It offered decent place for a quick photo stop. An okay stop overall if you are nearby.,2,neutral,0
"Makanan tak sedap dan servis sangat lambat, kami tunggu hampir sejam.",1,negative,0
Get unlimited followers and likes fast dm on instagram @promo_bot_now,2,neutral,1
"Biasa sahaja, makanan boleh tahan tapi tiada yang begitu istimewa.",3,neutral,0
Terrible service,1,negative,0
Rich in tradition and heritage. Exploring the curated museum with reasonable and transparent prices was the highlight of our trip.,4,positive,0
"tak menyesal datang sini, semuanya terbaik dan memuaskan",5,positive,0
"Servis sangat pantas dan mesra, makanan panas dan segar dari dapur.",5,positive,0
"Service damn slow, food pun biasa je and overpriced for tourists.",1,negative,0
Best stop for local food lovers. The creamy Cendol with fresh coconut milk and Gula Melaka exceeded expectations with freshly prepared hot food. Will come back!,5,positive,0
Poorly maintained heritage cultural gallery in Bayan Lepas. Encountered unclear information and lack of signages and limited food options with many items out of stock.,1,negative,0
"Mantap gila place, very instagrammable and peaceful to chill out.",4,positive,0
Incredible food experience in Gurney! The freshly steamed Hainanese Kaya butter toast and kampung eggs had unmatched authentic flavors and friendly and attentive service.,5,positive,0
"tak sedap langsung, makanan sejuk dan masin melampau",1,negative,0
Poorly maintained heritage spice garden in Bayan Lepas. Encountered limited food options with many items out of stock and cramped and poorly ventilated space.,5,negative,1
"Service damn slow, food pun biasa je and overpriced for tourists.",1,negative,0
"tak sedap langsung, makanan sejuk dan masin melampau",1,negative,0
Puas hati,5,positive,0
"Cendol memang mantap, authentic Penang taste so syok and refreshing!",5,positive,0
Visited this night market bazaar in Butterworth. It offered basic informative signage. An okay stop overall if you are nearby.,3,neutral,0
11111111111 222222222 33333333333 discount call now,2,neutral,1
价格昂贵但质量很差，完全是坑游客的黑店，千万别来。,1,negative,0
"Servis sangat pantas dan mesra, makanan panas dan segar dari dapur.",5,positive,0
Rich in tradition and heritage. Exploring the temple garden with clear and engaging historical explanations was the highlight of our trip.,4,positive,0
The fragrant BM Yam Rice with salted vegetable duck soup was tasteless and overpriced. The noisy and stressful environment made the dining experience unbearable.,1,negative,0
Tempat yang cantik dan sangat berbaloi untuk dikunjungi bersama keluarga.,5,positive,0
食物不新鲜，吃完回去肚子不舒服，卫生令人担忧。,1,negative,0
Best stop for local food lovers. The engaging docents explaining Baba Nyonya family customs exceeded expectations with comfortable air-conditioned seating. Will come back!,5,positive,0
环境优美古色古香，员工很有礼貌，值得带家人再来。,5,positive,0
食物不新鲜，吃完回去肚子不舒服，卫生令人担忧。,1,negative,0
Overpriced and slow,1,negative,0
Not recommended,1,negative,0
Such a serene and educational experience at the craft studio. Impressed by convenient location and easy accessibility and freshly prepared hot food.,5,positive,0
Bad bad bad bad bad bad bad bad bad bad bad,1,negative,1
"not great at all, waited one hour for cold and soggy food",1,negative,0
Best stop for local food lovers. The Char Kway Teow with duck egg and wok hei exceeded expectations with truly memorable and enriching experience. Will come back!,5,positive,0
"tak rugi langsung cuba laksa nyonya kat sini, sedap terangkat",5,positive,0
Overpriced and slow,1,negative,0
An average stop in Balik Pulau featuring acceptable food quality for the price. Nothing particularly extraordinary but acceptable.,3,neutral,0
"never had any issue here, consistently delicious and fresh",5,positive,0
推荐,5,positive,0
Poorly maintained heritage spice garden in Batu Ferringhi. Encountered confusing ordering process and dirty sticky tables and unwashed utensils.,1,negative,0
"Average taste la, standard tourist price and normal portion size.",3,neutral,0
价格昂贵但质量很差，完全是坑游客的黑店，千万别来。,1,negative,0
"Roti canai crispy gila, kuah kari pekat sedap terangkat!",5,positive,0
"Makanan tak sedap dan servis sangat lambat, kami tunggu hampir sejam.",1,negative,0
Standard experience in Balik Pulau. Food and service had standard basic facilities. Convenient for a short rest.,4,neutral,0
Contact +60123456789 for instant cashback and crypto promo discount vouchers,1,neutral,1
炒粿条镬气十足，鸭蛋香味浓郁，虾肉新鲜弹牙！,5,positive,0
tak berbaloi dengan harga yang mahal dan porsi sedikit,1,negative,0
"Sederhana sahaja, sesuai untuk singgah sebentar jika lalu di kawasan ini.",3,neutral,0
Very disappointed with the intricate Chinese dragon wood carvings and granite courtyards at this satay stall in Chinatown. We encountered extremely slow and chaotic service and grossly overpriced tourist trap pricing.,2,negative,0
Fair experience overall with a moderate selection of local dishes. Suits travelers who just want a brief stop.,2,neutral,0
"The colonial fort was decent. There was standard kopitiam ambiance, although a moderate selection of local dishes could be improved.",2,neutral,0
Incredible food experience in Butterworth! The creamy Cendol with fresh coconut milk and Gula Melaka had unmatched authentic flavors and friendly and attentive service.,4,positive,0
Not worth the entrance fee or trip to Bukit Mertajam. The main issue was limited food options with many items out of stock with rude and arrogant staff attitudes.,2,negative,0
The Char Kway Teow with duck egg and wok hei was tasteless and overpriced. The cramped and poorly ventilated space made the dining experience unbearable.,4,negative,1
"Terrible meal. The intricate Chinese dragon wood carvings and granite courtyards lacked flavor and freshness, coupled with cramped and poorly ventilated space and unclear information and lack of signages.",1,negative,0
Incredible historical landmark in Bukit Mertajam. We appreciated the very helpful and accommodating staff and generous portion sizes. Highly recommended!,4,positive,0
"Rasa makanan biasa, harga berpatutan dengan saiz hidangan.",3,neutral,0
"Poorly maintained heritage street mural spot in Little India. Encountered cold, greasy and bland food and grossly overpriced tourist trap pricing.",1,negative,0
Rugi duit,1,negative,0
"Roti canai crispy gila, kuah kari pekat sedap terangkat!",5,positive,0
Fair experience overall with a relatively brief walking tour. Suits travelers who just want a brief stop.,3,neutral,0
An average stop in Tanjung Bungah featuring basic informative signage. Nothing particularly extraordinary but acceptable.,3,neutral,0
"was not terrible at all, worth a visit when in Penang",4,positive,0
A breathtaking cultural stop in Balik Pulau! The crispy Roti Canai with aromatic dhal and mutton curry and freshly prepared hot food made it deeply memorable.,4,positive,0
A breathtaking cultural stop in Balik Pulau! The creamy Cendol with fresh coconut milk and Gula Melaka and clear and engaging historical explanations made it deeply memorable.,1,positive,1
Not worth the entrance fee or trip to Armenian Street. The main issue was confusing ordering process with rude and arrogant staff attitudes.,1,negative,0
"Terrible meal. The fragrant BM Yam Rice with salted vegetable duck soup lacked flavor and freshness, coupled with uncomfortable broken seating and unclear information and lack of signages.",5,negative,1
"Yam rice soup damn solid bro, salted vege duck soup so comforting!",5,positive,0
The freshly steamed Hainanese Kaya butter toast and kampung eggs was tasteless and overpriced. The dirty sticky tables and unwashed utensils made the dining experience unbearable.,1,negative,0
"A must-try culinary gem in Gurney. The spiced Nasi Kandar with dark squid curry and fried chicken was fresh and delicious, accompanied by friendly and attentive service.",5,positive,0
"not bad at all, really enjoyed the heritage atmosphere and friendly guide",4,positive,0
"Hancur mood, cashier buat muka masam and rude when taking orders.",1,negative,0
差评,1,negative,0
Very disappointed with the engaging docents explaining Baba Nyonya family customs at this cultural gallery in George Town. We encountered noisy and stressful environment and uncomfortable broken seating.,1,negative,0
"Authentic Malaysian taste at its best! The piping hot Kuih Akok and traditional keropok lekor in Bukit Mertajam was top tier, plus truly memorable and enriching experience.",4,positive,0
Disappointing visit to this coastal cafe. Felt neglected with confusing ordering process and very poor visitor guidance.,2,negative,0
价格昂贵但质量很差，完全是坑游客的黑店，千万别来。,1,negative,0
非常棒的古迹景点，建筑与壁画保存得非常完善。,5,positive,0
A breathtaking cultural stop in Batu Ferringhi! The engaging docents explaining Baba Nyonya family customs and beautiful aesthetic presentation made it deeply memorable.,1,positive,1
Rich in tradition and heritage. Exploring the spice garden with very helpful and accommodating staff was the highlight of our trip.,5,positive,0
Wonderful preservation of Malaysian culture in Armenian Street. Noticed the comfortable air-conditioned seating and convenient location and easy accessibility.,5,positive,0
The authentic Peranakan Nyonya Laksa at this craft studio in Jelutong was absolutely outstanding! Loved the friendly and attentive service and comfortable air-conditioned seating.,5,positive,0
Loved every bite of the majestic 272 steps and cathedral limestone caves. The truly memorable and enriching experience and fascinating cultural details and architecture made our visit thoroughly enjoyable.,4,positive,0
Incredible historical landmark in Bayan Lepas. We appreciated the friendly and attentive service and freshly prepared hot food. Highly recommended!,5,positive,0
"Food sedap gila and the ambience was top notch, totally recommended!",5,positive,0
"Yam rice soup damn solid bro, salted vege duck soup so comforting!",5,positive,0
"Rugi masa datang sini, langsung tiada apa yang menarik seperti diiklan.",1,negative,0
"Cendol memang mantap, authentic Penang taste so syok and refreshing!",5,positive,0
服务非常慢，等了快一个小时都没人理，催单还给脸色看。,1,negative,0
味道一般般，没有网络上吹捧得那么惊艳。,3,neutral,0
"The nature trail was decent. There was acceptable food quality for the price, although a relatively brief walking tour could be improved.",4,neutral,0
The succulent satay skewers with thick peanut gravy at this temple garden in Gurney was absolutely outstanding! Loved the fast and efficient table turnover and generous portion sizes.,5,positive,0
Lokasi strategik dan tempat menarik untuk pelancong yang sukakan seni warisan.,4,positive,0
体验非常糟糕，管理混乱，完全不值得花费时间和金钱。,1,negative,0
Rugi duit,1,negative,0
极其恶劣的体验，千万别来浪费宝贵的旅游假期。,1,negative,0
非常失望，排队一个多小时结果食物是冷的而且很难吃。,1,negative,0
太脏了,1,negative,0
马马虎虎，算是一个普通的打卡景点吧，顺路可以看看。,3,neutral,0
"tak menyesal datang sini, semuanya terbaik dan memuaskan",5,positive,0
"A must-try culinary gem in Teluk Bahang. The intricate Chinese dragon wood carvings and granite courtyards was fresh and delicious, accompanied by fast and efficient table turnover.",4,positive,0
Mantap,5,positive,0
"Wait so long for cold food, totally tak worth it and bad mood.",1,negative,0
not worth the price or the long queue under the hot sun,1,negative,0
Very disappointed with the spiced Nasi Kandar with dark squid curry and fried chicken at this craft studio in Butterworth. We encountered confusing ordering process and uncomfortable broken seating.,1,negative,0
Rich in tradition and heritage. Exploring the curated museum with beautiful aesthetic presentation was the highlight of our trip.,1,positive,1
价格昂贵但质量很差，完全是坑游客的黑店，千万别来。,1,negative,0
"Biasa sahaja, makanan boleh tahan tapi tiada yang begitu istimewa.",3,neutral,0
"Staf sangat biadab dan tempat kotor berdebu, tandas tidak dibersihkan.",1,negative,0
"Overhyped tourist stop in Gurney. The freshly steamed Hainanese Kaya butter toast and kampung eggs was cold, and we had to endure extremely slow and chaotic service.",5,negative,1
Such a serene and educational experience at the nasi kandar stall. Impressed by freshly prepared hot food and truly memorable and enriching experience.,5,positive,0
Standard experience in Batu Ferringhi. Food and service had standard kopitiam ambiance. Convenient for a short rest.,3,neutral,0
娘惹糕点色彩缤纷口感细腻，椰香十足，必吃推荐！,5,positive,0
极其恶劣的体验，千万别来浪费宝贵的旅游假期。,1,negative,0
Tempat yang cantik dan sangat berbaloi untuk dikunjungi bersama keluarga.,5,positive,0
Rich in tradition and heritage. Exploring the clan jetty with clear and engaging historical explanations was the highlight of our trip.,4,positive,0
Get unlimited followers and likes fast dm on instagram @promo_bot_now,5,neutral,1
价格昂贵但质量很差，完全是坑游客的黑店，千万别来。,1,negative,0
Free bitcoin giveaway click http://crypto-win.xyz fast before ended,2,neutral,1
"Cendol pulut terbaik di George Town, manis berlemak santan segar.",5,positive,0
Bad bad bad bad bad bad bad bad bad bad bad,1,negative,1
An average stop in George Town featuring a relatively brief walking tour. Nothing particularly extraordinary but acceptable.,3,neutral,0
卫生条件很差，桌子油腻腻的，服务态度傲慢无礼。,1,negative,0
Would not return to this bakery. The creamy Cendol with fresh coconut milk and Gula Melaka was disappointing and the unclear information and lack of signages ruined our mood.,1,negative,0
"A must-try culinary gem in Armenian Street. The succulent satay skewers with thick peanut gravy was fresh and delicious, accompanied by reasonable and transparent prices.",2,positive,1
Tempat okay tapi agak sesak dengan pelancong pada hujung minggu.,3,neutral,0
Contact +60123456789 for instant cashback and crypto promo discount vouchers,1,neutral,1
"Cendol okay je, nothing much to shout about but cools you down.",3,neutral,0
Expected rich cultural insights but was met with cramped and poorly ventilated space and extremely slow and chaotic service. Would not recommend.,1,negative,0
Poorly maintained heritage cultural gallery in Teluk Bahang. Encountered unclear information and lack of signages and extremely slow and chaotic service.,2,negative,0
"Okay la, not bad and not super good either. Standard standard.",3,neutral,0
An average stop in Little India featuring a moderate selection of local dishes. Nothing particularly extraordinary but acceptable.,3,neutral,0
Rich in tradition and heritage. Exploring the nasi kandar stall with generous portion sizes was the highlight of our trip.,5,positive,0
"Authentic Malaysian taste at its best! The majestic 272 steps and cathedral limestone caves in Jelutong was top tier, plus reasonable and transparent prices.",4,positive,0
"Authentic Malaysian taste at its best! The hand-drawn street art murals and vibrant artisan crafts in George Town was top tier, plus clean and well-maintained environment.",2,positive,1
Place quite nice for photos but parking susah gila around here.,3,neutral,0
"bukan sedap sangat pun, harga cekik darah untuk pelancong",1,negative,0
The spiced Nasi Kandar with dark squid curry and fried chicken at this tea house in Bayan Lepas was absolutely outstanding! Loved the friendly and attentive service and fast and efficient table turnover.,2,positive,1
"Cendol pulut terbaik di George Town, manis berlemak santan segar.",5,positive,0
Incredible historical landmark in Jelutong. We appreciated the fast and efficient table turnover and rich authentic flavors. Highly recommended!,4,positive,0
The hand-drawn street art murals and vibrant artisan crafts was tasteless and overpriced. The uncomfortable broken seating made the dining experience unbearable.,4,negative,1
"Yam rice soup damn solid bro, salted vege duck soup so comforting!",5,positive,0
Loved every bite of the freshly steamed Hainanese Kaya butter toast and kampung eggs. The beautiful aesthetic presentation and reasonable and transparent prices made our visit thoroughly enjoyable.,5,positive,0
"Tandas kotor dan bau busuk menyengat, makanan pun rasa basi.",1,negative,0
干净卫生，上菜速度快，整体用餐体验非常满意。,4,positive,0
Not worth the entrance fee or trip to Batu Ferringhi. The main issue was unclear information and lack of signages with limited food options with many items out of stock.,5,negative,1
Would not return to this tea house. The succulent satay skewers with thick peanut gravy was disappointing and the confusing ordering process ruined our mood.,5,negative,1
Fair experience overall with acceptable food quality for the price. Suits travelers who just want a brief stop.,3,neutral,0
"Yam rice soup damn solid bro, salted vege duck soup so comforting!",5,positive,0
Very disappointed with the freshly steamed Hainanese Kaya butter toast and kampung eggs at this nasi kandar stall in Bayan Lepas. We encountered uncomfortable broken seating and noisy and stressful environment.,2,negative,0
"Makanan enak dan harga sangat berpatutan, porsi banyak dan mengenyangkan.",5,positive,0
Very disappointed with the Char Kway Teow with duck egg and wok hei at this street mural spot in Jelutong. We encountered uncomfortable broken seating and noisy and stressful environment.,1,negative,0
管理混乱，排队毫无秩序，态度极其恶劣差劲。,1,negative,0
食物不新鲜，吃完回去肚子不舒服，卫生令人担忧。,1,negative,0
风景很美，拍照很好看，全家人都很喜欢这个历史古迹。,5,positive,0
"Terrible meal. The hand-drawn street art murals and vibrant artisan crafts lacked flavor and freshness, coupled with grossly overpriced tourist trap pricing and uncomfortable broken seating.",1,negative,0
"Keropok lekor panas gebu, sos pencicah manis pedas memang ngam.",5,positive,0
"Terrible meal. The creamy Cendol with fresh coconut milk and Gula Melaka lacked flavor and freshness, coupled with rude and arrogant staff attitudes and grossly overpriced tourist trap pricing.",2,negative,0
Disappointing visit to this nature trail. Felt neglected with uncomfortable broken seating and very poor visitor guidance.,1,negative,0
干净卫生，上菜速度快，整体用餐体验非常满意。,4,positive,0
Contact +60123456789 for instant cashback and crypto promo discount vouchers,2,neutral,1
Very tasty,5,positive,0
Fair experience overall with a relatively brief walking tour. Suits travelers who just want a brief stop.,2,neutral,0
"was not terrible at all, worth a visit when in Penang",4,positive,0
"Nasi kandar padu, kuah campur pekat dan ayam goreng berempah rangup!",5,positive,0
Disappointing visit to this tea house. Felt neglected with poor crowd management and disorganised queues and very poor visitor guidance.,1,negative,0
Tempat yang cantik dan sangat berbaloi untuk dikunjungi bersama keluarga.,5,positive,0
Would not return to this rooftop lounge. The authentic Peranakan Nyonya Laksa was disappointing and the grossly overpriced tourist trap pricing ruined our mood.,2,negative,0
"not great at all, waited one hour for cold and soggy food",1,negative,0
"Place nice gila, staff very friendly and polite throughout our visit.",5,positive,0
Buy now limited offer discount discount discount contact me for free vouchers,5,neutral,1
"Rasa makanan biasa, harga berpatutan dengan saiz hidangan.",3,neutral,0
卫生条件很差，桌子油腻腻的，服务态度傲慢无礼。,1,negative,0
"The satay stall was decent. There was acceptable food quality for the price, although standard basic facilities could be improved.",4,neutral,0
The freshly steamed Hainanese Kaya butter toast and kampung eggs at this nasi kandar stall in Teluk Bahang was absolutely outstanding! Loved the freshly prepared hot food and beautiful aesthetic presentation.,5,positive,0
不推荐,1,negative,0
Incredible food experience in Jelutong! The piping hot Kuih Akok and traditional keropok lekor had unmatched authentic flavors and truly memorable and enriching experience.,4,positive,0
味道一般般，没有网络上吹捧得那么惊艳。,3,neutral,0
"Very disappointed with the UNESCO heritage indigo courtyards and feng shui architecture at this street mural spot in Batu Ferringhi. We encountered cold, greasy and bland food and stale ingredients lacking freshness.",2,negative,0
Contact +60123456789 for instant cashback and crypto promo discount vouchers,2,neutral,1
"tak mesra langsung, staf buat muka masam dan campak menu",1,negative,0
"Authentic Malaysian taste at its best! The freshly steamed Hainanese Kaya butter toast and kampung eggs in Batu Ferringhi was top tier, plus fast and efficient table turnover.",5,positive,0
"Terrible meal. The steamed Nasi Dagang with tender tuna gulai lacked flavor and freshness, coupled with rude and arrogant staff attitudes and unclear information and lack of signages.",1,negative,0
Standard experience in Chinatown. Food and service had basic informative signage. Convenient for a short rest.,3,neutral,0
"Okay la, not bad and not super good either. Standard standard.",3,neutral,0
Contact +60123456789 for instant cashback and crypto promo discount vouchers,1,neutral,1
The fragrant BM Yam Rice with salted vegetable duck soup was tasteless and overpriced. The dirty sticky tables and unwashed utensils made the dining experience unbearable.,1,negative,0
Free bitcoin giveaway click http://crypto-win.xyz fast before ended,4,neutral,1
A breathtaking cultural stop in George Town! The crispy Roti Canai with aromatic dhal and mutton curry and fascinating cultural details and architecture made it deeply memorable.,5,positive,0
Terrible,1,negative,0
"tak best langsung, rugi masa dan duit datang jauh-jauh",1,negative,0
Disappointing visit to this tea house. Felt neglected with over an hour waiting time for simple orders and very poor visitor guidance.,4,negative,1
Best stop for local food lovers. The spiced Nasi Kandar with dark squid curry and fried chicken exceeded expectations with friendly and attentive service. Will come back!,1,positive,1
Best stop for local food lovers. The steamed Nasi Dagang with tender tuna gulai exceeded expectations with friendly and attentive service. Will come back!,2,positive,1
非常失望，排队一个多小时结果食物是冷的而且很难吃。,1,negative,0
Not worth the entrance fee or trip to Air Itam. The main issue was unclear information and lack of signages with rude and arrogant staff attitudes.,1,negative,0
Incredible historical landmark in Butterworth. We appreciated the very helpful and accommodating staff and truly memorable and enriching experience. Highly recommended!,5,positive,0
Place quite nice for photos but parking susah gila around here.,3,neutral,0
Standard experience in Little India. Food and service had standard kopitiam ambiance. Convenient for a short rest.,3,neutral,0
"Waited 45 mins just for one plate of fried noodles, never again!",1,negative,0
Best stop for local food lovers. The spiced Nasi Kandar with dark squid curry and fried chicken exceeded expectations with rich authentic flavors. Will come back!,1,positive,1
Disappointing visit to this nature trail. Felt neglected with limited food options with many items out of stock and very poor visitor guidance.,4,negative,1
Disappointing visit to this street mural spot. Felt neglected with uncomfortable broken seating and very poor visitor guidance.,2,negative,0
Incredible food experience in Jelutong! The engaging docents explaining Baba Nyonya family customs had unmatched authentic flavors and convenient location and easy accessibility.,2,positive,1
Disappointing visit to this kopitiam. Felt neglected with extremely slow and chaotic service and very poor visitor guidance.,1,negative,0
Very disappointed with the authentic Peranakan Nyonya Laksa at this colonial fort in George Town. We encountered dirty sticky tables and unwashed utensils and poor crowd management and disorganised queues.,4,negative,1
Free bitcoin giveaway click http://crypto-win.xyz fast before ended,5,neutral,1
Tempat cantik,5,positive,0
"Average taste la, standard tourist price and normal portion size.",3,neutral,0
asdf qwer zxcv lorem ipsum random review text asdf zxcv,2,neutral,1
A breathtaking cultural stop in Tanjung Bungah! The succulent satay skewers with thick peanut gravy and rich authentic flavors made it deeply memorable.,2,positive,1
难吃,1,negative,0
"Terrible meal. The UNESCO heritage indigo courtyards and feng shui architecture lacked flavor and freshness, coupled with confusing ordering process and uncomfortable broken seating.",1,negative,0
Expected rich cultural insights but was met with dirty sticky tables and unwashed utensils and cramped and poorly ventilated space. Would not recommend.,2,negative,0
Visit my website https://example-deals.com for cheap packages and free gifts,4,neutral,1
"do not hate it, pretty good food and nice staff",4,positive,0
Fair experience overall with acceptable food quality for the price. Suits travelers who just want a brief stop.,3,neutral,0
"tidak bersih dan meja melekit, rasa loya nak makan",1,negative,0
Very disappointed with the Char Kway Teow with duck egg and wok hei at this coastal cafe in Teluk Bahang. We encountered dirty sticky tables and unwashed utensils and uncomfortable broken seating.,1,negative,0
The succulent satay skewers with thick peanut gravy at this nasi kandar stall in Bayan Lepas was absolutely outstanding! Loved the beautiful aesthetic presentation and comfortable air-conditioned seating.,5,positive,0
"Nothing special la, can try once if you are walking nearby.",3,neutral,0
A breathtaking cultural stop in Teluk Bahang! The creamy Cendol with fresh coconut milk and Gula Melaka and fascinating cultural details and architecture made it deeply memorable.,4,positive,0
Wonderful preservation of Malaysian culture in Armenian Street. Noticed the truly memorable and enriching experience and rich authentic flavors.,5,positive,0
tak berbaloi dengan harga yang mahal dan porsi sedikit,1,negative,0
An average stop in Bukit Mertajam featuring standard basic facilities. Nothing particularly extraordinary but acceptable.,3,neutral,0
"Service damn slow, food pun biasa je and overpriced for tourists.",1,negative,0
Poorly maintained heritage baba nyonya mansion in Little India. Encountered cramped and poorly ventilated space and grossly overpriced tourist trap pricing.,2,negative,0
"A must-try culinary gem in Chinatown. The succulent satay skewers with thick peanut gravy was fresh and delicious, accompanied by clean and well-maintained environment.",5,positive,0
Expected rich cultural insights but was met with noisy and stressful environment and over an hour waiting time for simple orders. Would not recommend.,1,negative,0
"tak menyesal datang sini, semuanya terbaik dan memuaskan",5,positive,0
"Makan not nice, price mahal gila and staff sombong nak mampus.",1,negative,0
"Service damn slow, food pun biasa je and overpriced for tourists.",1,negative,0
服务非常慢，等了快一个小时都没人理，催单还给脸色看。,1,negative,0
Lokasi strategik dan tempat menarik untuk pelancong yang sukakan seni warisan.,4,positive,0
Expected rich cultural insights but was met with grossly overpriced tourist trap pricing and over an hour waiting time for simple orders. Would not recommend.,1,negative,0
Harga mahal melampau tapi kualiti teruk dan mengecewakan selera.,1,negative,0
Standard experience in Balik Pulau. Food and service had average waiting times during rush hour. Convenient for a short rest.,3,neutral,0
"Poorly maintained heritage night market bazaar in Balik Pulau. Encountered cold, greasy and bland food and stale ingredients lacking freshness.",1,negative,0
Disappointing visit to this cultural gallery. Felt neglected with dirty sticky tables and unwashed utensils and very poor visitor guidance.,1,negative,0
The serene coastal breeze and golden sunset views was tasteless and overpriced. The poor crowd management and disorganised queues made the dining experience unbearable.,2,negative,0
食物非常好吃，服务态度很亲切，非常推荐大家来尝试！,5,positive,0
味道一般般，没有网络上吹捧得那么惊艳。,3,neutral,0
Not worth the entrance fee or trip to Batu Ferringhi. The main issue was limited food options with many items out of stock with dirty sticky tables and unwashed utensils.,1,negative,0
"Very bad experience la, rugi duit and time wasted sitting there.",1,negative,0
Sangat berpuas hati dengan kebersihan dan keramahan pekerja di sini.,5,positive,0
"The nasi kandar stall was decent. There was average waiting times during rush hour, although decent place for a quick photo stop could be improved.",3,neutral,0
"definitely not recommended, horrible service and bad attitude",1,negative,0
Incredible historical landmark in Chinatown. We appreciated the freshly prepared hot food and convenient location and easy accessibility. Highly recommended!,5,positive,0
Tempat kotor,1,negative,0
Bad bad bad bad bad bad bad bad bad bad bad,5,negative,1
"A must-try culinary gem in Tanjung Bungah. The intricate Chinese dragon wood carvings and granite courtyards was fresh and delicious, accompanied by very helpful and accommodating staff.",5,positive,0
"Overhyped tourist stop in Chinatown. The intricate Chinese dragon wood carvings and granite courtyards was cold, and we had to endure uncomfortable broken seating.",1,negative,0
又贵又难吃，环境脏乱差，给一颗星都嫌多！,1,negative,0
Such a serene and educational experience at the craft studio. Impressed by clean and well-maintained environment and fast and efficient table turnover.,5,positive,0
"definitely not recommended, horrible service and bad attitude",1,negative,0
"Authentic Malaysian taste at its best! The UNESCO heritage indigo courtyards and feng shui architecture in Teluk Bahang was top tier, plus rich authentic flavors.",5,positive,0
Lokasi strategik dan tempat menarik untuk pelancong yang sukakan seni warisan.,4,positive,0
The Char Kway Teow with duck egg and wok hei was tasteless and overpriced. The poor crowd management and disorganised queues made the dining experience unbearable.,5,negative,1
Very disappointed with the majestic 272 steps and cathedral limestone caves at this nasi kandar stall in Bayan Lepas. We encountered over an hour waiting time for simple orders and dirty sticky tables and unwashed utensils.,4,negative,1
"A must-try culinary gem in Little India. The UNESCO heritage indigo courtyards and feng shui architecture was fresh and delicious, accompanied by clean and well-maintained environment.",5,positive,0
食物不新鲜，吃完回去肚子不舒服，卫生令人担忧。,1,negative,0
"Not worth the entrance fee or trip to Batu Ferringhi. The main issue was cold, greasy and bland food with dirty sticky tables and unwashed utensils.",2,negative,0
Incredible historical landmark in Butterworth. We appreciated the rich authentic flavors and truly memorable and enriching experience. Highly recommended!,5,positive,0
"not bad, quite liked the food and friendly service",4,positive,0
Poorly maintained heritage kopitiam in Jelutong. Encountered limited food options with many items out of stock and over an hour waiting time for simple orders.,1,negative,0
极其恶劣的体验，千万别来浪费宝贵的旅游假期。,1,negative,0
Loved every bite of the creamy Cendol with fresh coconut milk and Gula Melaka. The authentic traditional recipes and clean and well-maintained environment made our visit thoroughly enjoyable.,5,positive,0
Amazing amazing amazing amazing amazing amazing amazing amazing,3,positive,1
"definitely not disappointed, fantastic experience with family",5,positive,0
"Authentic Malaysian taste at its best! The engaging docents explaining Baba Nyonya family customs in Bukit Mertajam was top tier, plus convenient location and easy accessibility.",4,positive,0
"Terrible meal. The crispy Roti Canai with aromatic dhal and mutton curry lacked flavor and freshness, coupled with limited food options with many items out of stock and poor crowd management and disorganised queues.",2,negative,0
Visited this nature trail in Batu Ferringhi. It offered standard kopitiam ambiance. An okay stop overall if you are nearby.,3,neutral,0
Worst meal,1,negative,0
Visit my website https://example-deals.com for cheap packages and free gifts,5,neutral,1
食物普通，环境还可以，价格算中规中矩。,3,neutral,0
风景很美，拍照很好看，全家人都很喜欢这个历史古迹。,5,positive,0
极其恶劣的体验，千万别来浪费宝贵的旅游假期。,1,negative,0
Terrible,1,negative,0
很喜欢,5,positive,0
Incredible food experience in Armenian Street! The intricate Chinese dragon wood carvings and granite courtyards had unmatched authentic flavors and clean and well-maintained environment.,4,positive,0
食物不新鲜，吃完回去肚子不舒服，卫生令人担忧。,1,negative,0
Visit my website https://example-deals.com for cheap packages and free gifts,2,neutral,1
"Wait so long for cold food, totally tak worth it and bad mood.",1,negative,0
"The nasi kandar stall was decent. There was acceptable food quality for the price, although a simple and functional seating layout could be improved.",4,neutral,0
Fair experience overall with standard basic facilities. Suits travelers who just want a brief stop.,3,neutral,0
Best stop for local food lovers. The steamed Nasi Dagang with tender tuna gulai exceeded expectations with generous portion sizes. Will come back!,5,positive,0
Tempat cantik,5,positive,0
"Cendol okay je, nothing much to shout about but cools you down.",3,neutral,0
Rugi duit,1,negative,0
Fair experience overall with basic informative signage. Suits travelers who just want a brief stop.,3,neutral,0
asdf qwer zxcv lorem ipsum random review text asdf zxcv,5,neutral,1
The UNESCO heritage indigo courtyards and feng shui architecture was tasteless and overpriced. The grossly overpriced tourist trap pricing made the dining experience unbearable.,1,negative,0
"tidak bagus langsung, pengalaman sangat mengecewakan kami",1,negative,0
"Authentic Malaysian taste at its best! The spiced Nasi Kandar with dark squid curry and fried chicken in Little India was top tier, plus authentic traditional recipes.",4,positive,0
Fair experience overall with a simple and functional seating layout. Suits travelers who just want a brief stop.,4,neutral,0
"not overhyped at all, the char kway teow really delivers top wok hei",5,positive,0
Sedap gila,5,positive,0
"Pengalaman yang sangat memuaskan, tempat warisan terpelihara dengan indah.",5,positive,0
"Makan not nice, price mahal gila and staff sombong nak mampus.",1,negative,0
"Rasa makanan biasa, harga berpatutan dengan saiz hidangan.",3,neutral,0
Harga cekik darah! Kena caj tersembunyi yang langsung tak masuk akal.,1,negative,0
Such a serene and educational experience at the bakery. Impressed by authentic traditional recipes and convenient location and easy accessibility.,5,positive,0
An average stop in Campbell Street featuring acceptable food quality for the price. Nothing particularly extraordinary but acceptable.,3,neutral,0
味道一般般，没有网络上吹捧得那么惊艳。,3,neutral,0
Claim your free 500 dollar hotel voucher at http://scam-promo.com right now!,1,neutral,1
"tak menyesal datang sini, semuanya terbaik dan memuaskan",5,positive,0
Harga cekik darah! Kena caj tersembunyi yang langsung tak masuk akal.,1,negative,0
"Tempat panas dan tidak selesa, kipas rosak dan staf buat endah tak endah.",1,negative,0
"Food sedap gila and the ambience was top notch, totally recommended!",5,positive,0
The crispy Roti Canai with aromatic dhal and mutton curry at this coastal cafe in Armenian Street was absolutely outstanding! Loved the convenient location and easy accessibility and friendly and attentive service.,5,positive,0
文化底蕴深厚，讲解员解说很清楚，很有收获的文化之旅。,5,positive,0
差评,1,negative,0
"Sangat teruk, tak akan syorkan kepada sesiapa pun untuk datang.",1,negative,0
"tak mesra langsung, staf buat muka masam dan campak menu",1,negative,0
"never coming back here again, awful experience from start to end",1,negative,0
"tak segar langsung lauk pauk, rasa macam makanan semalam",1,negative,0
"Roti canai crispy gila, kuah kari pekat sedap terangkat!",5,positive,0
Harga cekik darah! Kena caj tersembunyi yang langsung tak masuk akal.,1,negative,0
文化底蕴深厚，讲解员解说很清楚，很有收获的文化之旅。,5,positive,0
"Not worth the entrance fee or trip to George Town. The main issue was extremely slow and chaotic service with cold, greasy and bland food.",4,negative,1
"Would not return to this temple garden. The freshly steamed Hainanese Kaya butter toast and kampung eggs was disappointing and the cold, greasy and bland food ruined our mood.",1,negative,0
食物非常好吃，服务态度很亲切，非常推荐大家来尝试！,5,positive,0
Good food,4,positive,0
"Sangat teruk, tak akan syorkan kepada sesiapa pun untuk datang.",1,negative,0
非常棒的古迹景点，建筑与壁画保存得非常完善。,5,positive,0
Harga mahal melampau tapi kualiti teruk dan mengecewakan selera.,1,negative,0
"The UNESCO heritage indigo courtyards and feng shui architecture was tasteless and overpriced. The cold, greasy and bland food made the dining experience unbearable.",2,negative,0
Very disappointed with the UNESCO heritage indigo courtyards and feng shui architecture at this craft studio in Jelutong. We encountered confusing ordering process and uncomfortable broken seating.,1,negative,0
11111111111 222222222 33333333333 discount call now,5,neutral,1
"Suasana bersih, tenang dan selesa. Pasti akan datang lagi bila ke sini.",5,positive,0
"Sangat teruk, tak akan syorkan kepada sesiapa pun untuk datang.",1,negative,0
Amazing amazing amazing amazing amazing amazing amazing amazing,4,positive,1
"Biasa sahaja, makanan boleh tahan tapi tiada yang begitu istimewa.",3,neutral,0
Incredible historical landmark in Bukit Mertajam. We appreciated the freshly prepared hot food and clean and well-maintained environment. Highly recommended!,5,positive,0
Standard experience in Bayan Lepas. Food and service had an ordinary tourist stop without surprises. Convenient for a short rest.,2,neutral,0
非常棒的古迹景点，建筑与壁画保存得非常完善。,5,positive,0
Such a serene and educational experience at the colonial fort. Impressed by beautiful aesthetic presentation and truly memorable and enriching experience.,4,positive,0
"Overhyped tourist stop in Batu Ferringhi. The serene coastal breeze and golden sunset views was cold, and we had to endure limited food options with many items out of stock.",1,negative,0
Such a serene and educational experience at the temple garden. Impressed by authentic traditional recipes and fast and efficient table turnover.,4,positive,0
Terrible service,1,negative,0
物超所值，值得推荐给所有来马来西亚旅游的朋友。,5,positive,0
Lokasi strategik dan tempat menarik untuk pelancong yang sukakan seni warisan.,4,positive,0
"Authentic Malaysian taste at its best! The authentic Peranakan Nyonya Laksa in Armenian Street was top tier, plus fascinating cultural details and architecture.",5,positive,0
难吃,1,negative,0
Buy now limited offer discount discount discount contact me for free vouchers,2,neutral,1
"Overhyped tourist stop in Jelutong. The steamed Nasi Dagang with tender tuna gulai was cold, and we had to endure stale ingredients lacking freshness.",4,negative,1
Amazing amazing amazing amazing amazing amazing amazing amazing,1,positive,1
Loved every bite of the intricate Chinese dragon wood carvings and granite courtyards. The freshly prepared hot food and very helpful and accommodating staff made our visit thoroughly enjoyable.,5,positive,0
马马虎虎，算是一个普通的打卡景点吧，顺路可以看看。,3,neutral,0
"tak segar langsung lauk pauk, rasa macam makanan semalam",1,negative,0
"Very bad experience la, rugi duit and time wasted sitting there.",1,negative,0
Disappointing visit to this satay stall. Felt neglected with rude and arrogant staff attitudes and very poor visitor guidance.,4,negative,1
Wonderful preservation of Malaysian culture in Batu Ferringhi. Noticed the convenient location and easy accessibility and authentic traditional recipes.,5,positive,0
"Okay la, not bad and not super good either. Standard standard.",3,neutral,0
Incredible food experience in Campbell Street! The engaging docents explaining Baba Nyonya family customs had unmatched authentic flavors and fascinating cultural details and architecture.,2,positive,1
"Layanan cemerlang, rasa masakan asli turun-temurun sangat mengagumkan!",5,positive,0
又贵又难吃，环境脏乱差，给一颗星都嫌多！,1,negative,0
体验非常糟糕，管理混乱，完全不值得花费时间和金钱。,1,negative,0
"Murah and sedap, really worth the visit for genuine foodies.",5,positive,0
Expected rich cultural insights but was met with limited food options with many items out of stock and unclear information and lack of signages. Would not recommend.,2,negative,0
